Trade Date,Index Value,High,Low,Total Market Value,Dividend Market Value
2018-08-24,1357.12,1357.12,1357.12,145262151859.0,0.0
2018-08-23,1341.31,1341.31,1341.31,143569598396.0,0.0
2018-08-22,1364.74,1364.74,1364.74,146077959773.0,0.0
2018-08-21,1321.92,1321.92,1321.92,141494192417.0,0.0
2018-08-20,1356.06,1356.06,1356.06,145148260779.0,0.0
2018-08-17,1357.7,1357.7,1357.7,145324664106.0,0.0
2018-08-16,1385.59,1385.59,1385.59,148309309477.0,0.0
2018-08-15,1392.34,1392.34,1392.34,149032255219.0,0.0
2018-08-14,1454.79,1454.79,1454.79,155716015810.0,365326723.0
2018-08-13,1458.33,1458.33,1458.33,156461940899.0,0.0
2018-08-10,1434.73,1434.73,1434.73,153929887455.0,0.0
2018-08-09,1481.05,1481.05,1481.05,158898811542.0,0.0
2018-08-08,1475.87,1475.87,1475.87,158343362055.0,0.0
2018-08-07,1511.89,1511.89,1511.89,162207758433.0,0.0
2018-08-06,1526.35,1526.35,1526.35,163759258815.0,0.0
2018-08-03,1525.47,1525.47,1525.47,163664341374.0,0.0
2018-08-02,1475.16,1475.16,1475.16,158266821373.0,0.0
2018-08-01,1449.06,1449.06,1449.06,155466662744.0,0.0
2018-07-31,1434.8,1434.8,1434.8,153937263170.0,0.0
2018-07-30,1444.02,1444.02,1444.02,154926435657.0,0.0
2018-07-27,1441.42,1441.42,1441.42,154647014824.0,0.0
2018-07-26,1412.55,1412.55,1412.55,151549461976.0,0.0
2018-07-25,1450.71,1450.71,1450.71,155643624133.0,0.0
2018-07-24,1431.29,1431.29,1431.29,153560510332.0,0.0
2018-07-23,1405.16,1405.16,1405.16,150756577941.0,0.0
2018-07-20,1402.71,1402.71,1402.71,150493981427.0,0.0
2018-07-19,1354.35,1354.35,1354.35,145305236883.0,0.0
2018-07-18,1334.68,1334.68,1334.68,143195640738.0,0.0
2018-07-17,1357.15,1357.15,1357.15,145606404748.0,0.0
2018-07-16,1320.02,1320.02,1320.02,141622713567.0,0.0
2018-07-13,1334.82,1334.82,1334.82,143210033842.0,0.0
2018-07-12,1329.47,1329.47,1329.47,142636296363.0,0.0
2018-07-11,1290.95,1290.95,1290.95,138503562738.0,0.0
2018-07-10,1308.75,1308.75,1308.75,140413201498.0,0.0
2018-07-09,1315.75,1315.75,1315.75,141164740320.0,0.0
2018-07-06,1315.75,1315.75,1315.75,141164740320.0,0.0
2018-07-05,1308.31,1308.31,1308.31,140366618615.0,0.0
2018-07-04,1348.98,1348.98,1348.98,144729118137.0,0.0
2018-07-03,1283.99,1283.99,1283.99,137756599047.0,0.0
2018-07-02,1280.28,1280.28,1280.28,137359049364.0,0.0
2018-06-29,1261.59,1261.59,1261.59,135353222264.0,0.0
2018-06-28,1223.56,1223.56,1223.56,131273188084.0,0.0
2018-06-27,1225.5,1225.5,1225.5,131481621010.0,0.0
2018-06-26,1191.3,1191.3,1191.3,127812170420.0,0.0
2018-06-25,1164.32,1164.32,1164.32,124917309881.0,0.0
2018-06-22,1133.49,1133.49,1133.49,121610362557.0,0.0
2018-06-21,1128.76,1128.76,1128.76,121102231430.0,0.0
2018-06-20,1198.6,1198.6,1198.6,128595772022.0,0.0
2018-06-19,1146.14,1146.14,1146.14,122967221097.0,0.0
2018-06-18,1092.68,1092.68,1092.68,117231094302.0,0.0
2018-06-15,1128.87,1128.87,1128.87,121114663201.0,0.0
2018-06-14,1139.41,1139.41,1139.41,122244673120.0,0.0
2018-06-13,1142.12,1142.12,1142.12,122535807365.0,0.0
2018-06-12,1161.01,1161.01,1161.01,124562895436.0,0.0
2018-06-11,1163.99,1163.99,1163.99,124881821509.0,0.0
2018-06-08,1145.03,1145.03,1145.03,122848042400.0,0.0
2018-06-07,1193.98,1193.98,1193.98,128100078071.0,0.0
2018-06-06,1224.85,1224.85,1224.85,131411710760.0,0.0
2018-06-05,1237.8,1237.8,1237.8,132801416450.0,0.0
2018-06-04,1289.94,1289.94,1289.94,138395490263.0,0.0
2018-06-01,1205.7,1205.7,1205.7,129356830860.0,0.0
2018-05-31,1415.09,1415.09,1415.09,151822031739.0,0.0
2018-05-30,1415.09,1415.09,1415.09,151822031739.0,0.0
2018-05-29,1426.7,1426.7,1426.7,153067861242.0,0.0
2018-05-28,1261.72,1261.72,1261.72,135367217987.0,0.0
2018-05-25,1471.58,1471.58,1471.58,157882897106.0,0.0
2018-05-24,1487.39,1487.39,1487.39,159579384394.0,0.0
2018-05-23,1731.53,1731.53,1731.53,185772404041.0,0.0
2018-05-22,1823.4,1823.4,1823.4,195628750031.0,365326723.0
2018-05-21,1856.51,1856.51,1856.51,199553592143.0,0.0
2018-05-18,1910.95,1910.95,1910.95,205405190268.0,0.0
2018-05-17,1922.69,1922.69,1922.69,206666683656.0,0.0
2018-05-16,2020.15,2020.15,2020.15,217143173296.0,0.0
2018-05-15,1974.86,1974.86,1974.86,212274349439.0,0.0
2018-05-14,1929.82,1929.82,1929.82,207432991410.0,0.0
2018-05-11,1861.49,1861.49,1861.49,200088454677.0,0.0
2018-05-10,1868.61,1868.61,1868.61,200854491549.0,0.0
2018-05-09,1780.7,1780.7,1780.7,191404414208.0,0.0
2018-05-08,1631.75,1631.75,1631.75,175394534391.0,0.0
2018-05-07,1623.52,1623.52,1623.52,174509561777.0,0.0
2018-05-04,1581.19,1581.19,1581.19,169959514822.0,0.0
2018-05-03,1602.05,1602.05,1602.05,172202207515.0,0.0
2018-05-02,1615.83,1615.83,1615.83,173682935523.0,0.0
2018-05-01,1630.54,1630.54,1630.54,175264244417.0,0.0
2018-04-30,1630.54,1630.54,1630.54,175264244417.0,0.0
2018-04-27,1617.52,1617.52,1617.52,173864703871.0,0.0
2018-04-26,1612.72,1612.72,1612.72,173348864923.0,0.0
2018-04-25,1549.99,1549.99,1549.99,166605608786.0,0.0
2018-04-24,1598.5,1598.5,1598.5,171820001358.0,0.0
2018-04-23,1603.89,1603.89,1603.89,172399606687.0,0.0
2018-04-20,1602.77,1602.77,1602.77,172278869793.0,0.0
2018-04-19,1595.04,1595.04,1595.04,171448508478.0,0.0
2018-04-18,1571.42,1571.42,1571.42,168909819230.0,0.0
2018-04-17,1518.7,1518.7,1518.7,163243304612.0,0.0
2018-04-16,1490.75,1490.75,1490.75,160238934296.0,0.0
2018-04-13,1538.63,1538.63,1538.63,165385234185.0,0.0
2018-04-12,1577.02,1577.02,1577.02,169511050348.0,151968187.0
2018-04-11,1579.7,1579.7,1579.7,169951762810.0,0.0
2018-04-10,1547.21,1547.21,1547.21,166456212684.0,0.0
2018-04-09,1486.93,1486.93,1486.93,159971171642.0,0.0
2018-04-06,1535.61,1535.61,1535.61,165208289328.0,0.0
2018-04-05,1523.01,1523.01,1523.01,163853038813.0,0.0
2018-04-04,1475.9,1475.9,1475.9,158784207858.0,0.0
2018-04-03,1489.35,1489.35,1489.35,160231618952.0,0.0
2018-04-02,1493.4,1493.4,1493.4,160666933563.0,0.0
2018-03-30,1531.88,1531.88,1531.88,164807518540.0,0.0
2018-03-29,1531.88,1531.88,1531.88,164807518540.0,0.0
2018-03-28,1513.2,1513.2,1513.2,162797094490.0,0.0
2018-03-27,1531.01,1531.01,1531.01,164713120459.0,0.0
2018-03-26,1570.97,1570.97,1570.97,169012173961.0,0.0
2018-03-23,1554.85,1554.85,1554.85,167278794763.0,0.0
2018-03-22,1551.06,1551.06,1551.06,166870586919.0,0.0
2018-03-21,1566.65,1566.65,1566.65,168547332730.0,0.0
2018-03-20,1506.52,1506.52,1506.52,162078618699.0,0.0
2018-03-19,1488.59,1488.59,1488.59,160149431706.0,0.0
2018-03-16,1532.25,1532.25,1532.25,174450751640.0,0.0
2018-03-15,1519.83,1519.83,1519.83,173037411861.0,0.0
2018-03-14,1573.72,1573.72,1573.72,179172692947.0,0.0
2018-03-13,1566.05,1566.05,1566.05,178299061569.0,0.0
2018-03-12,1581.2,1581.2,1581.2,180024604633.0,0.0
2018-03-09,1586.33,1586.33,1586.33,180608247536.0,0.0
2018-03-08,1541.89,1541.89,1541.89,175548319767.0,0.0
2018-03-07,1539.64,1539.64,1539.64,175292075178.0,0.0
2018-03-06,1558.02,1558.02,1558.02,177384995502.0,0.0
2018-03-05,1571.01,1571.01,1571.01,178863821468.0,0.0
2018-03-02,1527.62,1527.62,1527.62,173923790756.0,0.0
2018-03-01,1497.38,1497.38,1497.38,170480707895.0,0.0
2018-02-28,1506.62,1506.62,1506.62,171532791707.0,0.0
2018-02-27,1525.72,1525.72,1525.72,173707389730.0,0.0
2018-02-26,1528.34,1528.34,1528.34,174005431857.0,0.0
2018-02-23,1497.09,1497.09,1497.09,170448314268.0,0.0
2018-02-22,1464.63,1464.63,1464.63,166752206052.0,0.0
2018-02-21,1426.36,1426.36,1426.36,162395203516.0,0.0
2018-02-20,1441.04,1441.04,1441.04,164066459293.0,0.0
2018-02-19,1414.85,1414.85,1414.85,161084256820.0,0.0
2018-02-16,1373.16,1373.16,1373.16,156338634689.0,0.0
2018-02-15,1372.83,1372.83,1372.83,156300094971.0,0.0
2018-02-14,1356.14,1356.14,1356.14,154400512760.0,0.0
2018-02-13,1329.54,1329.54,1329.54,151371522124.0,0.0
2018-02-12,1329.54,1329.54,1329.54,151371522124.0,0.0
2018-02-09,1329.54,1329.54,1329.54,151371522124.0,0.0
2018-02-08,1348.01,1348.01,1348.01,153474313902.0,0.0
2018-02-07,1382.34,1382.34,1382.34,157383872687.0,0.0
2018-02-06,1422.13,1422.13,1422.13,161913376357.0,0.0
2018-02-05,1354.99,1354.99,1354.99,154269368404.0,0.0
2018-02-02,1420.14,1420.14,1420.14,161687128675.0,0.0
2018-02-01,1458.9,1458.9,1458.9,166100078105.0,0.0
2018-01-31,1402.77,1402.77,1402.77,159709914488.0,0.0
2018-01-30,1391.33,1391.33,1391.33,158407487000.0,0.0
2018-01-29,1421.61,1421.61,1421.61,161854407006.0,0.0
2018-01-26,1424.66,1424.66,1424.66,162201671809.0,0.0
2018-01-25,1368.5,1368.5,1368.5,155807916224.0,0.0
2018-01-24,1368.5,1368.5,1368.5,155807916224.0,0.0
2018-01-23,1290.32,1290.32,1290.32,146906325575.0,0.0
2018-01-22,1300.78,1300.78,1300.78,148097583794.0,0.0
2018-01-19,1286.76,1286.76,1286.76,146501392082.0,0.0
2018-01-18,1289.64,1289.64,1289.64,146829713683.0,0.0
2018-01-17,1295.6,1295.6,1295.6,147508003379.0,0.0
2018-01-16,1248.5,1248.5,1248.5,142145276235.0,0.0
2018-01-15,1227.45,1227.45,1227.45,139748536453.0,0.0
2018-01-12,1222.31,1222.31,1222.31,139163921864.0,0.0
2018-01-11,1216.1,1216.1,1216.1,138457012303.0,0.0
2018-01-10,1185.68,1185.68,1185.68,134992808702.0,0.0
2018-01-09,1205.06,1205.06,1205.06,137199492989.0,0.0
2018-01-08,1205.32,1205.32,1205.32,137228997556.0,0.0
2018-01-05,1188.82,1188.82,1188.82,135350855248.0,0.0
2018-01-04,1180.98,1180.98,1180.98,134458007915.0,0.0
2018-01-03,1174.93,1174.93,1174.93,133768984875.0,0.0
2018-01-02,1162.79,1162.79,1162.79,132386600691.0,0.0
2018-01-01,1132.36,1132.36,1132.36,128922076730.0,0.0
2017-12-29,1132.36,1132.36,1132.36,128922076730.0,0.0
2017-12-28,1132.36,1132.36,1132.36,128922076730.0,0.0
2017-12-27,1125.81,1125.81,1125.81,128176971412.0,0.0
2017-12-26,1120.82,1120.82,1120.82,127608055994.0,0.0
2017-12-25,1109.48,1109.48,1109.48,126317602313.0,0.0
2017-12-22,1109.48,1109.48,1109.48,126317602313.0,0.0
2017-12-21,1114.87,1114.87,1114.87,126931449507.0,0.0
2017-12-20,1069.76,1069.76,1069.76,121795190424.0,0.0
2017-12-19,1059.46,1059.46,1059.46,120623010791.0,0.0
2017-12-18,1064.91,1064.91,1064.91,121243386621.0,0.0
2017-12-15,1045.89,1045.89,1045.89,114890456951.0,0.0
2017-12-14,1056.19,1056.19,1056.19,116021378700.0,0.0
2017-12-13,1066.43,1066.43,1066.43,117146161349.0,0.0
2017-12-12,1085.54,1085.54,1085.54,119245913318.0,0.0
2017-12-11,1074.3,1074.3,1074.3,118010438866.0,0.0
2017-12-08,1070.65,1070.65,1070.65,117609974496.0,0.0
2017-12-07,1066.47,1066.47,1066.47,117150699648.0,0.0
2017-12-06,1080.27,1080.27,1080.27,118667217003.0,0.0
2017-12-05,1070.48,1070.48,1070.48,117591146272.0,0.0
2017-12-04,1082.0,1082.0,1082.0,118856910120.0,0.0
2017-12-01,1087.18,1087.18,1087.18,119426156987.0,0.0
2017-11-30,1073.35,1073.35,1073.35,117906509758.0,0.0
2017-11-29,1070.1,1070.1,1070.1,117549339046.0,0.0
2017-11-28,1100.02,1100.02,1100.02,120836477140.0,0.0
2017-11-27,1102.42,1102.42,1102.42,121099894254.0,0.0
2017-11-24,1118.05,1118.05,1118.05,122817084303.0,0.0
2017-11-23,1124.42,1124.42,1124.42,123516352029.0,0.0
2017-11-22,1116.85,1116.85,1116.85,122685275891.0,0.0
2017-11-21,1104.89,1104.89,1104.89,121371179253.0,0.0
2017-11-20,1114.26,1114.26,1114.26,122400260570.0,0.0
2017-11-17,1114.26,1114.26,1114.26,122400260570.0,0.0
2017-11-16,1101.34,1101.34,1101.34,120981411519.0,0.0
2017-11-15,1075.28,1075.28,1075.28,118118824099.0,0.0
2017-11-14,1075.28,1075.28,1075.28,118118824099.0,0.0
2017-11-13,1168.14,1168.14,1168.14,128319396843.0,0.0
2017-11-10,1172.51,1172.51,1172.51,128798843291.0,0.0
2017-11-09,1171.63,1171.63,1171.63,128702942248.0,0.0
2017-11-08,1187.78,1187.78,1187.78,130476030793.0,0.0
2017-11-07,1156.16,1156.16,1156.16,127002632689.0,0.0
2017-11-06,1216.31,1216.31,1216.31,133610405100.0,0.0
2017-11-03,1186.19,1186.19,1186.19,130302273155.0,0.0
2017-11-02,1179.07,1179.07,1179.07,129519529807.0,0.0
2017-11-01,1179.07,1179.07,1179.07,129519529807.0,0.0
2017-10-31,1170.69,1170.69,1170.69,128598813429.0,0.0
2017-10-30,1168.62,1168.62,1168.62,128371927278.0,0.0
2017-10-27,1178.62,1178.62,1178.62,129470760175.0,0.0
2017-10-26,1158.13,1158.13,1158.13,127219530083.0,0.0
2017-10-25,1154.87,1154.87,1154.87,126861678063.0,0.0
2017-10-24,1142.0,1142.0,1142.0,125447746440.0,0.0
2017-10-23,1119.35,1119.35,1119.35,122960135996.0,0.0
2017-10-20,1121.79,1121.79,1121.79,123228149121.0,0.0
2017-10-19,1117.75,1117.75,1117.75,122784269389.0,0.0
2017-10-18,1121.64,1121.64,1121.64,123211468342.0,0.0
2017-10-17,1120.61,1120.61,1120.61,123097883797.0,0.0
2017-10-16,1121.56,1121.56,1121.56,123202474974.0,0.0
2017-10-13,1118.22,1118.22,1118.22,122835951002.0,0.0
2017-10-12,1120.27,1120.27,1120.27,123060208112.0,0.0
2017-10-11,1120.27,1120.27,1120.27,123060208112.0,0.0
2017-10-10,1126.8,1126.8,1126.8,123777661230.0,0.0
2017-10-09,1108.22,1108.22,1108.22,121736919450.0,0.0
2017-10-06,1097.63,1097.63,1097.63,120573960282.0,0.0
2017-10-05,1111.61,1111.61,1111.61,122109363573.0,0.0
2017-10-04,1094.66,1094.66,1094.66,120246936968.0,0.0
2017-10-03,1116.83,1116.83,1116.83,122682904274.0,0.0
2017-10-02,1071.93,1071.93,1071.93,117750275443.0,0.0
2017-09-29,1065.4,1065.4,1065.4,117033143741.0,0.0
2017-09-28,1070.22,1070.22,1070.22,117562285593.0,0.0
2017-09-27,1068.36,1068.36,1068.36,117358700918.0,0.0
2017-09-26,1085.71,1085.71,1085.71,119264562123.0,0.0
2017-09-25,1101.2,1101.2,1101.2,120965656512.0,0.0
2017-09-22,1092.1,1092.1,1092.1,119965938819.0,0.0
2017-09-21,1090.67,1090.67,1090.67,119809562505.0,0.0
2017-09-20,1104.2,1104.2,1104.2,121295630283.0,0.0
2017-09-19,1059.02,1059.02,1059.02,116332769768.0,0.0
2017-09-18,1053.64,1053.64,1053.64,115741866982.0,0.0
2017-09-15,1048.78,1048.78,1048.78,115207286574.0,0.0
2017-09-14,1050.99,1050.99,1050.99,115450069729.0,0.0
2017-09-13,1051.8,1051.8,1051.8,115538925138.0,0.0
2017-09-12,1036.67,1036.67,1036.67,113877756346.0,0.0
2017-09-11,1045.12,1045.12,1045.12,114805195886.0,0.0
2017-09-08,1024.26,1024.26,1024.26,112514445899.0,0.0
2017-09-07,1045.27,1045.27,1045.27,114821735723.0,0.0
2017-09-06,1045.27,1045.27,1045.27,114821735723.0,0.0
2017-09-05,1002.32,1002.32,1002.32,110103548384.0,0.0
2017-09-04,989.69,989.69,989.69,108716029928.0,0.0
2017-09-01,980.46,980.46,980.46,107702543437.0,0.0
2017-08-31,946.39,946.39,946.39,103960572605.0,0.0
2017-08-30,936.7,936.7,936.7,102895641631.0,0.0
2017-08-29,964.51,964.51,964.51,105950069613.0,0.0
2017-08-28,968.54,968.54,968.54,106393325751.0,0.0
2017-08-25,971.66,971.66,971.66,106735442002.0,0.0
2017-08-24,966.26,966.26,966.26,106142391771.0,0.0
2017-08-23,962.24,962.24,962.24,105701443257.0,0.0
2017-08-22,962.87,962.87,962.87,105770931133.0,0.0
2017-08-21,930.2,930.2,930.2,102182122456.0,0.0
2017-08-18,947.17,947.17,947.17,104046175378.0,0.0
2017-08-17,913.48,913.48,913.48,100344482700.0,0.0
2017-08-16,915.47,915.47,915.47,100563443253.0,0.0
2017-08-15,917.39,917.39,917.39,100774574397.0,0.0
2017-08-14,914.3,914.3,914.3,100435447078.0,0.0
2017-08-11,906.71,906.71,906.71,99600796888.0,0.0
2017-08-10,918.62,918.62,918.62,100909956861.0,0.0
2017-08-09,941.85,941.85,941.85,103461816337.0,0.0
2017-08-08,938.43,938.43,938.43,103085778925.0,0.0
2017-08-07,944.62,944.62,944.62,103765396178.0,0.0
2017-08-04,935.28,935.28,935.28,102740107861.0,0.0
2017-08-03,929.52,929.52,929.52,102106573486.0,0.0
2017-08-02,943.48,943.48,943.48,103640671876.0,0.0
2017-08-01,918.21,918.21,918.21,100864593765.0,0.0
2017-07-31,928.1,928.1,928.1,101951180658.0,0.0
2017-07-28,917.27,917.27,917.27,100761146253.0,0.0
2017-07-27,911.68,911.68,911.68,100146819231.0,0.0
2017-07-26,908.72,908.72,908.72,99822084303.0,0.0
2017-07-25,924.74,924.74,924.74,101581725467.0,0.0
2017-07-24,901.55,901.55,901.55,99034462002.0,0.0
2017-07-21,890.12,890.12,890.12,97778713483.0,0.0
2017-07-20,915.65,915.65,915.65,100582811841.0,0.0
2017-07-19,925.5,925.5,925.5,101665503268.0,0.0
2017-07-18,909.09,909.09,909.09,99862768158.0,0.0
2017-07-17,902.24,902.24,902.24,99110031265.0,0.0
2017-07-14,913.42,913.42,913.42,100338261426.0,0.0
2017-07-13,904.85,904.85,904.85,99397251743.0,0.0
2017-07-12,908.31,908.31,908.31,99777525275.0,0.0
2017-07-11,869.43,869.43,869.43,95505564824.0,0.0
2017-07-10,844.94,844.94,844.94,92816015260.0,0.0
2017-07-07,842.55,842.55,842.55,92552938800.0,0.0
2017-07-06,859.13,859.13,859.13,94375202678.0,0.0
2017-07-05,864.99,864.99,864.99,95017948314.0,0.0
2017-07-04,881.38,881.38,881.38,96819076343.0,0.0
2017-07-03,877.56,877.56,877.56,96399623569.0,0.0
2017-06-30,875.2,875.2,875.2,96139459090.0,0.0
2017-06-29,862.16,862.16,862.16,94707484073.0,0.0
2017-06-28,854.28,854.28,854.28,93841503288.0,0.0
2017-06-27,862.41,862.41,862.41,94734842251.0,0.0
2017-06-26,867.88,867.88,867.88,95336101020.0,0.0
2017-06-23,849.53,849.53,849.53,93320627687.0,0.0
2017-06-22,858.66,858.66,858.66,94322993658.0,0.0
2017-06-21,835.85,835.85,835.85,91816914882.0,0.0
2017-06-20,851.08,851.08,851.08,93490670331.0,0.0
2017-06-19,876.82,876.82,876.82,96318031688.0,0.0
2017-06-16,881.9,881.9,881.9,98939686901.0,0.0
2017-06-15,895.26,895.26,895.26,100438381241.0,0.0
2017-06-14,895.26,895.26,895.26,100438381241.0,0.0
2017-06-13,917.41,917.41,917.41,102923210730.0,0.0
2017-06-12,913.01,913.01,913.01,102430459610.0,0.0
2017-06-09,911.33,911.33,911.33,102241272512.0,0.0
2017-06-08,908.28,908.28,908.28,101899442619.0,0.0
2017-06-07,908.76,908.76,908.76,101953479317.0,0.0
2017-06-06,929.99,929.99,929.99,104334504821.0,0.0
2017-06-05,929.57,929.57,929.57,104287457694.0,0.0
2017-06-02,916.97,916.97,916.97,102873758963.0,0.0
2017-06-01,902.39,902.39,902.39,101238403000.0,0.0
2017-05-31,909.84,909.84,909.84,102074283018.0,0.0
2017-05-30,942.16,942.16,942.16,105700348229.0,0.0
2017-05-29,955.86,955.86,955.86,107236782576.0,0.0
2017-05-26,966.04,966.04,966.04,108379106956.0,0.0
2017-05-25,965.15,965.15,965.15,108279482317.0,0.0
2017-05-24,983.74,983.74,983.74,110365214297.0,0.0
2017-05-23,955.09,955.09,955.09,107151259232.0,0.0
2017-05-22,948.23,948.23,948.23,106381127674.0,0.0
2017-05-19,959.41,959.41,959.41,107635634682.0,0.0
2017-05-18,938.23,938.23,938.23,105258805502.0,0.0
2017-05-17,1085.31,1085.31,1085.31,121759625574.0,0.0
2017-05-16,1091.45,1091.45,1091.45,122449431677.0,0.0
2017-05-15,1090.66,1090.66,1090.66,122360184737.0,0.0
2017-05-12,1073.88,1073.88,1073.88,120477951497.0,0.0
2017-05-11,1031.67,1031.67,1031.67,115742419542.0,0.0
2017-05-10,1029.45,1029.45,1029.45,115493259774.0,0.0
2017-05-09,993.15,993.15,993.15,111420804523.0,0.0
2017-05-08,985.56,985.56,985.56,110569469198.0,0.0
2017-05-05,993.26,993.26,993.26,111432851754.0,0.0
2017-05-04,947.21,947.21,947.21,106266578434.0,0.0
2017-05-03,979.85,979.85,979.85,109928610048.0,0.0
2017-05-02,970.78,970.78,970.78,108911320751.0,0.0
2017-05-01,970.19,970.19,970.19,108844693979.0,0.0
2017-04-28,970.19,970.19,970.19,108844693979.0,0.0
2017-04-27,956.34,956.34,956.34,107291435205.0,0.0
2017-04-26,973.17,973.17,973.17,109178726103.0,0.0
2017-04-25,993.57,993.57,993.57,111467729498.0,0.0
2017-04-24,973.18,973.18,973.18,109180798247.0,0.0
2017-04-21,963.68,963.68,963.68,108114564968.0,0.0
2017-04-20,963.68,963.68,963.68,108114564968.0,14752283.0
2017-04-19,946.55,946.55,946.55,106206745996.0,0.0
2017-04-18,977.9,977.9,977.9,109724635609.0,0.0
2017-04-17,990.48,990.48,990.48,111136542658.0,0.0
2017-04-14,979.01,979.01,979.01,109848987617.0,0.0
2017-04-13,979.01,979.01,979.01,109848987617.0,0.0
2017-04-12,1021.42,1021.42,1021.42,114607752699.0,0.0
2017-04-11,1024.42,1024.42,1024.42,114944735280.0,0.0
2017-04-10,1046.15,1046.15,1046.15,117383290782.0,0.0
2017-04-07,1029.19,1029.19,1029.19,115479545983.0,0.0
2017-04-06,1020.22,1020.22,1020.22,114473075027.0,0.0
2017-04-05,1023.31,1023.31,1023.31,114819927521.0,0.0
2017-04-04,1036.38,1036.38,1036.38,116286116672.0,0.0
2017-04-03,1026.35,1026.35,1026.35,115161089448.0,0.0
2017-03-31,1014.25,1014.25,1014.25,113802953743.0,0.0
2017-03-30,1011.26,1011.26,1011.26,113467903076.0,0.0
2017-03-29,1013.13,1013.13,1013.13,113678391388.0,0.0
2017-03-28,979.58,979.58,979.58,109913784678.0,0.0
2017-03-27,964.8,964.8,964.8,108255000352.0,0.0
2017-03-24,946.21,946.21,946.21,106168952852.0,0.0
2017-03-23,948.25,948.25,948.25,106398442909.0,0.0
2017-03-22,951.89,951.89,951.89,106806286616.0,0.0
2017-03-21,913.88,913.88,913.88,102541623694.0,0.0
2017-03-20,950.78,950.78,950.78,106681654145.0,0.0
2017-03-17,924.47,924.47,924.47,103730187004.0,0.0
2017-03-16,961.3,961.3,961.3,107862174282.0,0.0
2017-03-15,990.54,990.54,990.54,111142826235.0,0.0
2017-03-14,956.66,956.66,956.66,107341605105.0,0.0
2017-03-13,1002.53,1002.53,1002.53,112488141569.0,0.0
2017-03-10,995.72,995.72,995.72,111724016098.0,0.0
2017-03-09,1002.93,1002.93,1002.93,112533677475.0,0.0
2017-03-08,1007.88,1007.88,1007.88,113089246547.0,0.0
2017-03-07,1062.57,1062.57,1062.57,119225236172.0,0.0
2017-03-06,1060.09,1060.09,1060.09,118946927256.0,0.0
2017-03-03,1069.72,1069.72,1069.72,120027837861.0,0.0
2017-03-02,1058.94,1058.94,1058.94,118817462581.0,0.0
2017-03-01,1092.3,1092.3,1092.3,122560940395.0,0.0
2017-02-28,1064.94,1064.94,1064.94,119491462800.0,0.0
2017-02-27,1064.94,1064.94,1064.94,119491462800.0,0.0
2017-02-24,1064.94,1064.94,1064.94,119491462800.0,0.0
2017-02-23,1095.51,1095.51,1095.51,122921561687.0,0.0
2017-02-22,1104.32,1104.32,1104.32,123909241244.0,0.0
2017-02-21,1136.69,1136.69,1136.69,127542155796.0,0.0
2017-02-20,1128.24,1128.24,1128.24,126593550307.0,0.0
2017-02-17,1105.59,1105.59,1105.59,124052034074.0,0.0
2017-02-16,1122.75,1122.75,1122.75,125977450613.0,0.0
2017-02-15,1118.25,1118.25,1118.25,125472967782.0,0.0
2017-02-14,1115.54,1115.54,1115.54,125169138408.0,0.0
2017-02-13,1100.39,1100.39,1100.39,123469297933.0,0.0
2017-02-10,1091.94,1091.94,1091.94,122521148194.0,0.0
2017-02-09,1060.58,1060.58,1060.58,119002330103.0,0.0
2017-02-08,1066.94,1066.94,1066.94,119715439448.0,0.0
2017-02-07,1042.12,1042.12,1042.12,116930664361.0,0.0
2017-02-06,1057.92,1057.92,1057.92,118703332932.0,0.0
2017-02-03,1083.24,1083.24,1083.24,121544759706.0,0.0
2017-02-02,1052.83,1052.83,1052.83,118131957975.0,0.0
2017-02-01,1064.53,1064.53,1064.53,119444678056.0,0.0
2017-01-31,1066.85,1066.85,1066.85,119705163951.0,0.0
2017-01-30,1058.91,1058.91,1058.91,118814228692.0,0.0
2017-01-27,1117.39,1117.39,1117.39,125376798414.0,0.0
2017-01-26,1134.04,1134.04,1134.04,127244104082.0,0.0
2017-01-25,1153.65,1153.65,1153.65,129444563561.0,0.0
2017-01-24,1153.65,1153.65,1153.65,129444563561.0,0.0
2017-01-23,1160.31,1160.31,1160.31,130191584144.0,0.0
2017-01-20,1155.68,1155.68,1155.68,129672614382.0,0.0
2017-01-19,1150.79,1150.79,1150.79,129124121975.0,0.0
2017-01-18,1155.12,1155.12,1155.12,129610078761.0,0.0
2017-01-17,1160.75,1160.75,1160.75,130241809051.0,0.0
2017-01-16,1160.87,1160.87,1160.87,130255172264.0,0.0
2017-01-13,1157.39,1157.39,1157.39,129864117928.0,0.0
2017-01-12,1169.45,1169.45,1169.45,131217476435.0,0.0
2017-01-11,1150.95,1150.95,1150.95,129142262386.0,0.0
2017-01-10,1129.88,1129.88,1129.88,126777428401.0,0.0
2017-01-09,1114.94,1114.94,1114.94,125101206688.0,0.0
2017-01-06,1132.43,1132.43,1132.43,127063292654.0,0.0
2017-01-05,1144.7,1144.7,1144.7,128440622369.0,0.0
2017-01-04,1122.73,1122.73,1122.73,125975547815.0,0.0
2017-01-03,1129.57,1129.57,1129.57,126743236702.0,0.0
2017-01-02,1065.36,1065.36,1065.36,119538013176.0,0.0
2016-12-30,1086.17,1086.17,1086.17,121873447767.0,0.0
2016-12-29,1086.17,1086.17,1086.17,121873447767.0,0.0
2016-12-28,1084.35,1084.35,1084.35,121669368154.0,0.0
2016-12-27,1061.64,1061.64,1061.64,119120596996.0,0.0
2016-12-26,1063.4,1063.4,1063.4,119318495234.0,0.0
2016-12-23,1051.76,1051.76,1051.76,118012324083.0,0.0
2016-12-22,1036.53,1036.53,1036.53,116303527065.0,0.0
2016-12-21,1054.54,1054.54,1054.54,118324141624.0,0.0
2016-12-20,1057.86,1057.86,1057.86,118697282874.0,0.0
2016-12-19,1059.24,1059.24,1059.24,118851084443.0,0.0
2016-12-16,1091.67,1091.67,1091.67,122490918451.0,0.0
2016-12-15,1101.78,1101.78,1101.78,123625304832.0,0.0
2016-12-14,1103.55,1103.55,1103.55,123823765863.0,0.0
2016-12-13,1149.63,1149.63,1149.63,128993500396.0,0.0
2016-12-12,1158.77,1158.77,1158.77,130019410768.0,0.0
2016-12-09,1152.7,1152.7,1152.7,129337717953.0,0.0
2016-12-08,1162.55,1162.55,1162.55,130443848606.0,0.0
2016-12-07,1166.83,1166.83,1166.83,130923411801.0,0.0
2016-12-06,1186.72,1186.72,1186.72,133155518106.0,0.0
2016-12-05,1150.06,1150.06,1150.06,129041443914.0,0.0
2016-12-02,1176.75,1176.75,1176.75,132036724292.0,0.0
2016-12-01,1148.42,1148.42,1148.42,128858224873.0,0.0
2016-11-30,1176.57,1176.57,1176.57,132016827257.0,0.0
2016-11-29,1070.88,1070.88,1070.88,120157836466.0,0.0
2016-11-28,1129.74,1129.74,1129.74,126761622517.0,0.0
2016-11-25,1122.3,1122.3,1122.3,125927479174.0,0.0
2016-11-24,1131.42,1131.42,1131.42,126951055019.0,0.0
2016-11-23,1148.65,1148.65,1148.65,128884249378.0,0.0
2016-11-22,1147.5,1147.5,1147.5,128754206802.0,0.0
2016-11-21,1121.22,1121.22,1121.22,125806165817.0,0.0
2016-11-18,1056.08,1056.08,1056.08,118497065219.0,0.0
2016-11-17,1049.24,1049.24,1049.24,117729233129.0,0.0
2016-11-16,1081.33,1081.33,1081.33,121330063184.0,0.0
2016-11-15,1032.75,1032.75,1032.75,115879084386.0,0.0
2016-11-14,1032.75,1032.75,1032.75,115879084386.0,0.0
2016-11-11,1035.25,1035.25,1035.25,116160258536.0,0.0
2016-11-10,1121.15,1121.15,1121.15,125798017471.0,0.0
2016-11-09,1191.76,1191.76,1191.76,133720532660.0,0.0
2016-11-08,1199.9,1213.68,1199.9,134634000994.0,0.0
2016-11-07,1213.68,1213.68,1213.68,136179969785.0,0.0
2016-11-04,1132.15,1132.15,1132.15,127032154715.0,0.0
2016-11-03,1137.78,1137.78,1137.78,127664430820.0,0.0
2016-11-02,1188.59,1188.59,1188.59,133365042114.0,0.0
2016-11-01,1188.59,1188.59,1188.59,133365042114.0,0.0
2016-10-31,1241.27,1241.27,1241.27,139276652478.0,0.0
2016-10-28,1271.49,1271.49,1271.49,142666658752.0,0.0
2016-10-27,1275.47,1275.47,1275.47,143113206001.0,0.0
2016-10-26,1274.51,1274.51,1274.51,143005538189.0,0.0
2016-10-25,1263.12,1263.12,1263.12,141728168581.0,0.0
2016-10-24,1283.62,1283.62,1283.62,144028322815.0,0.0
2016-10-21,1273.04,1273.04,1273.04,142840567702.0,0.0
2016-10-20,1245.77,1245.77,1245.77,139780694667.0,0.0
2016-10-19,1246.13,1246.13,1246.13,139821365181.0,0.0
2016-10-18,1242.15,1242.15,1242.15,139374782874.0,0.0
2016-10-17,1201.83,1201.83,1201.83,134850582486.0,0.0
2016-10-14,1166.69,1166.69,1166.69,130908415215.0,0.0
2016-10-13,1135.94,1135.94,1135.94,127457242440.0,0.0
2016-10-12,1108.89,1108.89,1108.89,124422744791.0,0.0
2016-10-11,1108.89,1108.89,1108.89,124422744791.0,0.0
2016-10-10,1134.4,1134.4,1134.4,127284684531.0,0.0
2016-10-07,1100.05,1100.05,1100.05,123430182864.0,0.0
2016-10-06,1089.37,1089.37,1089.37,122231784699.0,0.0
2016-10-05,1047.9,1047.9,1047.9,117578930804.0,0.0
2016-10-04,1011.96,1011.96,1011.96,113546743454.0,0.0
2016-10-03,1009.47,1009.47,1009.47,113267396045.0,0.0
2016-09-30,980.45,980.45,980.45,110010503084.0,0.0
2016-09-29,973.38,973.38,973.38,109217736250.0,0.0
2016-09-28,996.52,996.52,996.52,111813569643.0,0.0
2016-09-27,948.43,948.43,948.43,106418524399.0,0.0
2016-09-26,959.91,959.91,959.91,107706520081.0,0.0
2016-09-23,979.13,979.13,979.13,109863218360.0,0.0
2016-09-22,1009.04,1009.04,1009.04,113218647301.0,0.0
2016-09-21,990.43,990.43,990.43,111131280847.0,0.0
2016-09-20,975.28,975.28,975.28,109430597118.0,0.0
2016-09-19,954.29,954.29,954.29,107075474736.0,0.0
2016-09-16,958.62,958.62,958.62,100908193031.0,0.0
2016-09-15,983.76,983.76,983.76,103554868188.0,0.0
2016-09-14,957.9,957.9,957.9,100832290385.0,0.0
2016-09-13,950.03,950.03,950.03,100003620672.0,0.0
2016-09-12,1023.14,1023.14,1023.14,107699626493.0,0.0
2016-09-09,990.39,990.39,990.39,104252385806.0,0.0
2016-09-08,1044.74,1044.74,1044.74,109973686281.0,0.0
2016-09-07,1023.6,1023.6,1023.6,107748533564.0,0.0
2016-09-06,1023.6,1023.6,1023.6,107791674023.0,0.0
2016-09-05,1020.61,1020.61,1020.61,107476066193.0,0.0
2016-09-02,996.95,996.95,996.95,104985014940.0,0.0
2016-09-01,952.03,952.03,952.03,100254663837.0,0.0
2016-08-31,942.52,942.52,942.52,99253499699.0,0.0
2016-08-30,965.27,965.27,965.27,101648260741.0,0.0
2016-08-29,957.47,957.47,957.47,100826798770.0,0.0
2016-08-26,938.17,938.17,938.17,98795373819.0,0.0
2016-08-25,934.07,934.07,934.07,98363109805.0,0.0
2016-08-24,922.72,922.72,922.72,97167767604.0,0.0
2016-08-23,941.89,941.89,941.89,99186843116.0,0.0
2016-08-22,915.61,915.61,915.61,96419253447.0,0.0
2016-08-19,950.43,950.43,950.43,100086312770.0,0.0
2016-08-18,957.46,957.46,957.46,100825823678.0,0.0
2016-08-17,944.63,944.63,944.63,99475341443.0,0.0
2016-08-16,926.92,926.92,926.92,97610644132.0,0.0
2016-08-15,915.7,915.7,915.7,96428256696.0,0.0
2016-08-12,885.43,885.43,885.43,93240576182.0,0.0
2016-08-11,881.83,881.83,881.83,92861467949.0,0.0
2016-08-10,845.84,845.84,845.84,89071895868.0,0.0
2016-08-09,873.88,873.88,873.88,92024270822.0,0.0
2016-08-08,876.93,876.93,876.93,92345623845.0,0.0
2016-08-05,852.23,852.23,852.23,89744849953.0,0.0
2016-08-04,875.12,875.12,875.12,92155767066.0,0.0
2016-08-03,870.2,870.2,870.2,91637651622.0,0.0
2016-08-02,831.94,831.94,831.94,87608006420.0,0.0
2016-08-01,834.85,834.85,834.85,87915153556.0,0.0
2016-07-29,883.86,883.86,883.86,93075269912.0,0.0
2016-07-28,844.98,844.98,844.98,88981310801.0,0.0
2016-07-27,855.7,855.7,855.7,90110417334.0,0.0
2016-07-26,873.95,873.95,873.95,92032560323.0,0.0
2016-07-25,880.24,880.24,880.24,92694774233.0,0.0
2016-07-22,876.72,876.72,876.72,92323983926.0,0.0
2016-07-21,874.95,874.95,874.95,92137978904.0,0.0
2016-07-20,869.06,869.06,869.06,91517438528.0,0.0
2016-07-19,873.02,873.02,873.02,91934075284.0,0.0
2016-07-18,859.11,859.11,859.11,90469071459.0,0.0
2016-07-15,825.72,825.72,825.72,86953044146.0,0.0
2016-07-14,825.42,825.42,825.42,86921204067.0,0.0
2016-07-13,804.12,804.12,804.12,84679015927.0,0.0
2016-07-12,814.21,814.21,814.21,85740911700.0,0.0
2016-07-11,790.98,790.98,790.98,83294888313.0,0.0
2016-07-08,753.25,753.25,753.25,79321557187.0,0.0
2016-07-07,732.52,732.52,732.52,77138659549.0,0.0
2016-07-06,721.62,721.62,721.62,75990716312.0,0.0
2016-07-05,702.87,702.87,702.87,74016825174.0,0.0
2016-07-04,745.7,745.7,745.7,78526542646.0,0.0
2016-07-01,745.27,745.27,745.27,78481659666.0,0.0
2016-06-30,713.31,713.31,713.31,75116266694.0,0.0
2016-06-29,718.1,718.1,718.1,75620082514.0,0.0
2016-06-28,696.89,696.89,696.89,73386186936.0,0.0
2016-06-27,667.06,667.06,667.06,70245379112.0,0.0
2016-06-24,704.31,704.31,704.31,74168511119.0,0.0
2016-06-23,739.28,739.28,739.28,77851129327.0,0.0
2016-06-22,714.43,714.43,714.43,75233363555.0,0.0
2016-06-21,730.62,0.0,0.0,76938724670.0,0.0
2016-06-20,710.78,710.78,710.78,74849834278.0,0.0
2016-06-17,691.6,691.6,691.6,81425051083.0,0.0
2016-06-16,655.13,655.13,655.13,77132126913.0,0.0
2016-06-15,651.45,651.45,651.45,76698945717.0,0.0
2016-06-14,638.6,638.6,638.6,75186003563.0,0.0
2016-06-13,661.16,661.16,661.16,77841133158.0,0.0
2016-06-10,673.76,673.76,673.76,79325521246.0,0.0
2016-06-09,711.21,711.21,711.21,83734486827.0,0.0
2016-06-08,728.37,728.37,728.37,85754578812.0,0.0
2016-06-07,671.05,671.05,671.05,79006409054.0,0.0
2016-06-06,654.75,654.75,654.75,77087169222.0,0.0
2016-06-03,659.12,659.12,659.12,77602064199.0,0.0
2016-06-02,649.46,649.46,649.46,76464737959.0,0.0
2016-06-01,632.26,632.26,632.26,74438722515.0,0.0
2016-05-31,619.75,619.75,619.75,72966181345.0,0.0
2016-05-30,645.0,645.0,645.0,75939361845.0,0.0
2016-05-27,636.65,636.65,636.65,74956352239.0,0.0
2016-05-26,672.01,672.01,672.01,79118956710.0,0.0
2016-05-25,672.01,672.01,672.01,79118956710.0,0.0
2016-05-24,666.46,666.46,666.46,78465085496.0,0.0
2016-05-23,663.74,663.74,663.74,78145364043.0,0.0
2016-05-20,687.53,687.53,687.53,80946759390.0,0.0
2016-05-19,695.55,695.55,695.55,81890279826.0,0.0
2016-05-18,724.6,724.6,724.6,85311222216.0,0.0
2016-05-17,743.45,743.45,743.45,87530438083.0,0.0
2016-05-16,757.14,757.14,757.14,89141498613.0,0.0
2016-05-13,733.01,733.01,733.01,86301066399.0,0.0
2016-05-12,763.85,763.85,763.85,89931764947.0,0.0
2016-05-11,787.11,787.11,787.11,92670886193.0,0.0
2016-05-10,783.74,783.74,783.74,92274006423.0,0.0
2016-05-09,732.21,732.21,732.21,86206592642.0,0.0
2016-05-06,781.6,781.6,781.6,92021572382.0,0.0
2016-05-05,762.54,762.54,762.54,89777751836.0,0.0
2016-05-04,776.6,776.6,776.6,91432405246.0,0.0
2016-05-03,766.98,766.98,766.98,90300090650.0,0.0
2016-05-02,795.64,795.64,795.64,93675011151.0,0.0
2016-04-29,797.91,797.91,797.91,93942331349.0,0.0
2016-04-28,807.36,807.36,807.36,95054446560.0,0.0
2016-04-27,802.73,802.73,802.73,94509172644.0,0.0
2016-04-26,761.85,761.85,761.85,89696949868.0,0.0
2016-04-25,736.11,736.11,736.11,86666356469.0,0.0
2016-04-22,768.83,768.83,768.83,90518353326.0,0.0
2016-04-21,741.24,741.24,741.24,87269801470.0,0.0
2016-04-20,741.24,741.24,741.24,87269801470.0,0.0
2016-04-19,747.08,747.08,747.08,87957695273.0,0.0
2016-04-18,714.36,714.36,714.36,84104938712.0,0.0
2016-04-15,735.68,735.68,735.68,86614862875.0,0.0
2016-04-14,702.05,702.05,702.05,82656243486.0,0.0
2016-04-13,726.43,726.43,726.43,85525837088.0,15948414.0
2016-04-12,693.42,693.42,693.42,81655311120.0,0.0
2016-04-11,640.4,640.4,640.4,75411555478.0,0.0
2016-04-08,637.75,637.75,637.75,75099581386.0,0.0
2016-04-07,599.86,599.86,599.86,70637305647.0,0.0
2016-04-06,588.73,588.73,588.73,69326523704.0,0.0
2016-04-05,600.65,600.65,600.65,70730258329.0,0.0
2016-04-04,584.51,584.51,584.51,68830005454.0,0.0
2016-04-01,642.8,642.8,642.8,75693609723.0,0.0
2016-03-31,645.49,645.49,645.49,76010901196.0,0.0
2016-03-30,651.26,651.26,651.26,76690442258.0,0.0
2016-03-29,650.92,650.92,650.92,76649887920.0,0.0
2016-03-28,649.01,649.01,649.01,76425703452.0,0.0
2016-03-25,605.76,605.76,605.76,71331883308.0,0.0
2016-03-24,605.76,605.76,605.76,71331883308.0,0.0
2016-03-23,602.4,602.4,602.4,70936674087.0,0.0
2016-03-22,632.32,632.32,632.32,74459988733.0,0.0
2016-03-21,623.17,623.17,623.17,73382048494.0,0.0
2016-03-18,626.91,626.91,626.91,73822671314.0,0.0
2016-03-17,630.64,630.64,630.64,74262687783.0,0.0
2016-03-16,572.09,572.09,572.09,67367036937.0,0.0
2016-03-15,527.44,527.44,527.44,62110089845.0,0.0
2016-03-14,576.71,576.71,576.71,67911093998.0,0.0
2016-03-11,619.34,619.34,619.34,72932007765.0,0.0
2016-03-10,605.39,605.39,605.39,71288290428.0,0.0
2016-03-09,584.88,584.88,584.88,68873750592.0,0.0
2016-03-08,582.74,582.74,582.74,68621315854.0,0.0
2016-03-07,587.5,587.5,587.5,69181931833.0,0.0
2016-03-04,584.2,584.2,584.2,68793255331.0,0.0
2016-03-03,532.73,532.73,532.73,62732827267.0,0.0
2016-03-02,466.88,466.88,466.88,54978256896.0,0.0
2016-03-01,437.63,437.63,437.63,51534075608.0,0.0
2016-02-29,424.33,424.33,424.33,49968276292.0,0.0
2016-02-26,399.85,399.85,399.85,47085467778.0,0.0
2016-02-25,403.4,403.4,403.4,47503459991.0,0.0
2016-02-24,404.11,404.11,404.11,47586238243.0,0.0
2016-02-23,407.73,407.73,407.73,48013495707.0,0.0
2016-02-22,422.61,422.61,422.61,49765508760.0,0.0
2016-02-19,368.67,368.67,368.67,43413760926.0,0.0
2016-02-18,380.22,380.22,380.22,44774057267.0,0.0
2016-02-17,389.32,389.32,389.32,45844858437.0,0.0
2016-02-16,364.71,364.71,364.71,42946860243.0,0.0
2016-02-15,372.19,372.19,372.19,43827803055.0,0.0
2016-02-12,365.86,365.86,365.86,43082495383.0,0.0
2016-02-11,344.98,344.98,344.98,40623753954.0,0.0
2016-02-10,354.95,354.95,354.95,41798142717.0,0.0
2016-02-09,371.86,371.86,371.86,43789679666.0,0.0
2016-02-08,371.86,371.86,371.86,43789679666.0,0.0
2016-02-05,371.86,371.86,371.86,43789679666.0,0.0
2016-02-04,387.81,387.81,387.81,45667150520.0,0.0
2016-02-03,363.42,363.42,363.42,42795733017.0,0.0
2016-02-02,351.45,351.45,351.45,41386073964.0,0.0
2016-02-01,384.68,384.68,384.68,45298673403.0,0.0
2016-01-29,400.05,400.05,400.05,47109162583.0,0.0
2016-01-28,378.24,378.24,378.24,44540759383.0,0.0
2016-01-27,377.77,377.77,377.77,44484713509.0,0.0
2016-01-26,345.89,345.89,345.89,40731443045.0,0.0
2016-01-25,361.71,361.71,361.71,42594180822.0,0.0
2016-01-22,361.71,361.71,361.71,42594180822.0,0.0
2016-01-21,367.4,367.4,367.4,43264152138.0,0.0
2016-01-20,353.47,353.47,353.47,41623623514.0,0.0
2016-01-19,369.01,369.01,369.01,43453553345.0,0.0
2016-01-18,379.15,379.15,379.15,44647534447.0,0.0
2016-01-15,405.52,405.52,405.52,47752247894.0,0.0
2016-01-14,441.3,441.3,441.3,51966493643.0,0.0
2016-01-13,412.37,412.37,412.37,48558918275.0,0.0
2016-01-12,428.09,428.09,428.09,50410870696.0,0.0
2016-01-11,467.01,467.01,467.01,54993289069.0,0.0
2016-01-08,482.95,482.95,482.95,56871216526.0,0.0
2016-01-07,481.59,481.59,481.59,56711127846.0,0.0
2016-01-06,494.07,494.07,494.07,58180479334.0,0.0
2016-01-05,516.77,516.77,516.77,60853380275.0,0.0
2016-01-04,530.67,530.67,530.67,62489502636.0,0.0
2016-01-01,521.51,521.51,521.51,61411716446.0,0.0
2015-12-31,521.51,521.51,521.51,61411716446.0,0.0
2015-12-30,521.51,521.51,521.51,61411716446.0,0.0
2015-12-29,521.12,521.12,521.12,61365391034.0,0.0
2015-12-28,522.69,522.69,522.69,61549933252.0,0.0
2015-12-25,539.82,539.82,539.82,63568050892.0,0.0
2015-12-24,539.82,539.82,539.82,63568050892.0,0.0
2015-12-23,539.82,539.82,539.82,63568050892.0,0.0
2015-12-22,523.47,523.47,523.47,61642582411.0,0.0
2015-12-21,510.7,510.7,510.7,60138601015.0,0.0
2015-12-18,535.71,535.71,535.71,63083377893.0,0.0
2015-12-17,547.53,547.53,547.53,64475418679.0,0.0
2015-12-16,554.74,554.74,554.74,65325071984.0,0.0
2015-12-15,564.27,564.27,564.27,66446146983.0,0.0
2015-12-14,546.2,546.2,546.2,64318671096.0,0.0
2015-12-11,550.24,550.24,550.24,64794228318.0,0.0
2015-12-10,568.78,568.78,568.78,66977447252.0,0.0
2015-12-09,584.36,584.36,584.36,68811933790.0,0.0
2015-12-08,536.16,536.16,536.16,63136841131.0,0.0
2015-12-07,541.7,541.7,541.7,63789042768.0,0.0
2015-12-04,569.31,569.31,569.31,67040176015.0,0.0
2015-12-03,607.73,607.73,607.73,71564423724.0,0.0
2015-12-02,580.15,580.15,580.15,68317088723.0,0.0
2015-12-01,571.81,571.81,571.81,67334988992.0,0.0
2015-11-30,583.68,583.68,583.68,68732345220.0,0.0
2015-11-27,578.83,578.83,578.83,68161404094.0,0.0
2015-11-26,602.45,602.45,602.45,70943055689.0,0.0
2015-11-25,600.52,600.52,600.52,70715377740.0,0.0
2015-11-24,647.54,647.54,647.54,76252859943.0,0.0
2015-11-23,613.12,613.12,613.12,72198854014.0,0.0
2015-11-20,593.46,593.46,593.46,69884557344.0,0.0
2015-11-19,593.46,593.46,593.46,69884557344.0,0.0
2015-11-18,592.97,592.97,592.97,69825929107.0,0.0
2015-11-17,587.43,587.43,587.43,69173727471.0,0.0
2015-11-16,584.21,584.21,584.21,68794771157.0,0.0
2015-11-13,549.54,549.54,549.54,64712514685.0,0.0
2015-11-12,568.52,568.52,568.52,66947069706.0,0.0
2015-11-11,581.06,581.06,581.06,68423863091.0,0.0
2015-11-10,575.73,575.73,575.73,67796268769.0,0.0
2015-11-09,578.46,578.46,578.46,68118115981.0,0.0
2015-11-06,594.68,594.68,594.68,70027938179.0,0.0
2015-11-05,615.7,615.7,615.7,72502627052.0,0.0
2015-11-04,614.02,614.02,614.02,72305173992.0,0.0
2015-11-03,649.93,649.93,649.93,76533394357.0,0.0
2015-11-02,584.22,584.22,584.22,68796441009.0,0.0
2015-10-30,584.22,584.22,584.22,68796441009.0,0.0
2015-10-29,578.1,578.1,578.1,68074828142.0,0.0
2015-10-28,584.72,584.72,584.72,68854310511.0,0.0
2015-10-27,575.9,575.9,575.9,67815861381.0,0.0
2015-10-26,596.74,596.74,596.74,70270045407.0,0.0
2015-10-23,604.61,604.61,604.61,71197161248.0,0.0
2015-10-22,608.35,608.35,608.35,71637024638.0,0.0
2015-10-21,589.59,589.59,589.59,69428290603.0,0.0
2015-10-20,610.01,610.01,610.01,71833413774.0,0.0
2015-10-19,602.58,602.58,602.58,70957636382.0,0.0
2015-10-16,603.43,603.43,603.43,71057577690.0,0.0
2015-10-15,604.39,604.39,604.39,71171189270.0,0.0
2015-10-14,599.72,599.72,599.72,70621207507.0,0.0
2015-10-13,614.91,614.91,614.91,72410280447.0,0.0
2015-10-12,667.14,667.14,667.14,78560169653.0,0.0
2015-10-09,667.14,667.14,667.14,78560169653.0,0.0
2015-10-08,666.51,666.51,666.51,78485897495.0,0.0
2015-10-07,645.05,645.05,645.05,75958655953.0,0.0
2015-10-06,618.83,618.83,618.83,72871104592.0,0.0
2015-10-05,589.53,589.53,589.53,69420847735.0,0.0
2015-10-02,579.82,579.82,579.82,68278052003.0,0.0
2015-10-01,527.29,527.29,527.29,62092469935.0,0.0
2015-09-30,540.61,540.61,540.61,63660242626.0,0.0
2015-09-29,494.89,494.89,494.89,58277078028.0,0.0
2015-09-28,483.63,483.63,483.63,56950652164.0,0.0
2015-09-25,510.66,510.66,510.66,60133587853.0,0.0
2015-09-24,522.84,522.84,522.84,61567853525.0,0.0
2015-09-23,516.43,516.43,516.43,60812977774.0,0.0
2015-09-22,524.93,524.93,524.93,61814062250.0,0.0
2015-09-21,545.56,545.56,545.56,64243335859.0,0.0
2015-09-18,565.87,565.87,565.87,66856325655.0,0.0
2015-09-17,587.19,587.19,587.19,69375750956.0,0.0
2015-09-16,603.88,603.88,603.88,71347775886.0,0.0
2015-09-15,562.07,562.07,562.07,66408340561.0,0.0
2015-09-14,567.96,567.96,567.96,67103233459.0,0.0
2015-09-11,565.08,565.08,565.08,66763615175.0,0.0
2015-09-10,592.2,592.2,592.2,69967815690.0,0.0
2015-09-09,619.05,619.05,619.05,73139803170.0,0.0
2015-09-08,639.87,639.87,639.87,75600366561.0,0.0
2015-09-07,630.39,630.39,630.39,74480132556.0,0.0
2015-09-04,630.39,630.39,630.39,74480132556.0,0.0
2015-09-03,650.4,650.4,650.4,76843499853.0,0.0
2015-09-02,651.08,651.08,651.08,76924091298.0,0.0
2015-09-01,634.8,634.8,634.8,75000377291.0,0.0
2015-08-31,677.76,677.76,677.76,80076649293.0,0.0
2015-08-28,660.14,660.14,660.14,77994598443.0,0.0
2015-08-27,652.55,652.55,652.55,77097567937.0,0.0
2015-08-26,591.3,591.3,591.3,69860777733.0,0.0
2015-08-25,575.93,575.93,575.93,68045662965.0,0.0
2015-08-24,564.93,564.93,564.93,66745361189.0,0.0
2015-08-21,600.72,600.72,600.72,70974199069.0,0.0
2015-08-20,631.82,631.82,631.82,74648183791.0,0.0
2015-08-19,636.8,636.8,636.8,75236989687.0,0.0
2015-08-18,652.42,652.42,652.42,77082271353.0,0.0
2015-08-17,662.59,662.59,662.59,78284383932.0,0.0
2015-08-14,673.85,673.85,673.85,79614758213.0,0.0
2015-08-13,688.76,688.76,688.76,81375649765.0,0.0
2015-08-12,716.51,716.51,716.51,84654507524.0,0.0
2015-08-11,712.68,712.68,712.68,84202352052.0,0.0
2015-08-10,718.45,718.45,718.45,84883492841.0,0.0
2015-08-07,696.24,696.24,696.24,82259651087.0,0.0
2015-08-06,746.21,746.21,746.21,88163413828.0,0.0
2015-08-05,719.99,719.99,719.99,85065486043.0,0.0
2015-08-04,730.18,730.18,730.18,86270239397.0,0.0
2015-08-03,720.11,720.11,720.11,85079741032.0,0.0
2015-07-31,756.56,756.56,756.56,89387022966.0,0.0
2015-07-30,753.61,753.61,753.61,89037531836.0,0.0
2015-07-29,771.54,771.54,771.54,91156138722.0,0.0
2015-07-28,718.05,718.05,718.05,84836814992.0,0.0
2015-07-27,683.53,683.53,683.53,80757655475.0,0.0
2015-07-24,724.16,724.16,724.16,85558558062.0,0.0
2015-07-23,735.41,735.41,735.41,86887577726.0,0.0
2015-07-22,745.29,745.29,745.29,88054603519.0,0.0
2015-07-21,775.07,775.07,775.07,91573208378.0,0.0
2015-07-20,776.05,776.05,776.05,91689249515.0,0.0
2015-07-17,822.62,822.62,822.62,97190968457.0,0.0
2015-07-16,862.24,862.24,862.24,101872580842.0,0.0
2015-07-15,854.89,854.89,854.89,101004537706.0,0.0
2015-07-14,872.77,872.77,872.77,103116299547.0,0.0
2015-07-13,858.4,858.4,858.4,101419340235.0,0.0
2015-07-10,857.42,857.42,857.42,101302691779.0,0.0
2015-07-09,839.53,839.53,839.53,99189738173.0,0.0
2015-07-08,839.53,839.53,839.53,99189738173.0,0.0
2015-07-07,853.58,853.58,853.58,100849554368.0,0.0
2015-07-06,832.68,832.68,832.68,98379574312.0,0.0
2015-07-03,845.07,845.07,845.07,99843467747.0,0.0
2015-07-02,887.86,887.86,887.86,104898954676.0,0.0
2015-07-01,879.57,879.57,879.57,103920512246.0,0.0
2015-06-30,914.99,914.99,914.99,108104801892.0,0.0
2015-06-29,917.31,917.31,917.31,108378968801.0,0.0
2015-06-26,953.31,953.31,953.31,112632494863.0,0.0
2015-06-25,909.72,909.72,909.72,107482745943.0,0.0
2015-06-24,951.95,951.95,951.95,112471835368.0,0.0
2015-06-23,935.33,935.33,935.33,110507942338.0,0.0
2015-06-22,950.21,950.21,950.21,112265970607.0,0.0
2015-06-19,947.75,947.75,947.75,111975622307.0,0.0
2015-06-18,966.77,966.77,966.77,114222410302.0,0.0
2015-06-17,947.86,947.86,947.86,111988087984.0,0.0
2015-06-16,959.88,959.88,959.88,113408683806.0,0.0
2015-06-15,931.47,931.47,931.47,110051755916.0,0.0
2015-06-12,931.97,931.97,931.97,110110547005.0,0.0
2015-06-11,931.93,931.93,931.93,110106037545.0,0.0
2015-06-10,932.05,932.05,932.05,110120700497.0,0.0
2015-06-09,926.04,926.04,926.04,109409871320.0,0.0
2015-06-08,895.67,895.67,895.67,105822543144.0,0.0
2015-06-05,894.44,894.44,894.44,105676498657.0,0.0
2015-06-04,913.79,913.79,913.79,107962846917.0,0.0
2015-06-03,913.79,913.79,913.79,107962846917.0,0.0
2015-06-02,914.8,914.8,914.8,108082755877.0,0.0
2015-06-01,878.66,878.66,878.66,103812626832.0,0.0
2015-05-29,877.15,877.15,877.15,103633752492.0,0.0
2015-05-28,900.82,900.82,900.82,106430392048.0,0.0
2015-05-27,893.73,893.73,893.73,105593579038.0,0.0
2015-05-26,882.59,882.59,882.59,104276955199.0,0.0
2015-05-25,912.84,912.84,912.84,107850847895.0,0.0
2015-05-22,931.47,931.47,931.47,110051461891.0,0.0
2015-05-21,955.07,955.07,955.07,112840180765.0,0.0
2015-05-20,912.03,912.03,912.03,107754865472.0,0.0
2015-05-19,914.33,914.33,914.33,108026976051.0,0.0
2015-05-18,974.09,974.09,974.09,115087423697.0,0.0
2015-05-15,997.25,997.25,997.25,117823894670.0,0.0
2015-05-14,983.43,983.43,983.43,116191113406.0,0.0
2015-05-13,989.82,989.82,989.82,116945534220.0,0.0
2015-05-12,976.45,976.45,976.45,115366543839.0,0.0
2015-05-11,972.85,972.85,972.85,114941483651.0,0.0
2015-05-08,960.35,960.35,960.35,113463568626.0,0.0
2015-05-07,971.67,971.67,971.67,114801829969.0,0.0
2015-05-06,974.74,974.74,974.74,115163929386.0,0.0
2015-05-05,1028.44,1028.44,1028.44,121509050804.0,0.0
2015-05-04,987.46,987.46,987.46,116667057654.0,0.0
2015-05-01,934.91,934.91,934.91,110458307508.0,0.0
2015-04-30,934.91,934.91,934.91,110458307508.0,0.0
2015-04-29,910.32,910.32,910.32,107553253199.0,0.0
2015-04-28,905.63,905.63,905.63,106998844235.0,0.0
2015-04-27,898.53,898.53,898.53,106159917178.0,0.0
2015-04-24,957.06,957.06,957.06,113075700742.0,0.0
2015-04-23,924.46,924.46,924.46,109223914406.0,0.0
2015-04-22,908.07,908.07,908.07,107287821631.0,0.0
2015-04-21,904.64,904.64,904.64,106881980133.0,0.0
2015-04-20,904.64,904.64,904.64,106881980133.0,15948414.0
2015-04-17,902.67,902.67,902.67,106664653814.0,0.0
2015-04-16,896.96,896.96,896.96,105989973680.0,0.0
2015-04-15,919.45,919.45,919.45,108648280551.0,0.0
2015-04-14,857.86,857.86,857.86,101370586208.0,0.0
2015-04-13,848.9,848.9,848.9,100311248810.0,0.0
2015-04-10,813.77,813.77,813.77,96160350584.0,0.0
2015-04-09,794.96,794.96,794.96,93938004690.0,0.0
2015-04-08,728.83,728.83,728.83,86123591441.0,0.0
2015-04-07,748.01,748.01,748.01,88389668947.0,0.0
2015-04-06,732.96,732.96,732.96,86611310542.0,0.0
2015-04-03,734.59,734.59,734.59,86803224534.0,0.0
2015-04-02,734.59,734.59,734.59,86803224534.0,0.0
2015-04-01,699.39,699.39,699.39,82644254487.0,0.0
2015-03-31,666.0,666.0,666.0,78698907453.0,0.0
2015-03-30,665.86,665.86,665.86,78682573952.0,0.0
2015-03-27,641.56,641.56,641.56,75810668166.0,0.0
2015-03-26,640.62,640.62,640.62,75699335152.0,0.0
2015-03-25,673.97,673.97,673.97,79640640071.0,0.0
2015-03-24,642.26,642.26,642.26,75893316216.0,0.0
2015-03-23,639.92,639.92,639.92,75616848562.0,0.0
2015-03-20,637.9,637.9,637.9,75377848757.0,0.0
2015-03-19,606.77,606.77,606.77,71699285421.0,0.0
2015-03-18,632.82,632.82,632.82,74778482102.0,0.0
2015-03-17,606.51,606.51,606.51,71669573734.0,0.0
2015-03-16,576.13,576.13,576.13,68078740913.0,0.0
2015-03-13,567.48,567.48,567.48,67056849184.0,0.0
2015-03-12,579.06,579.06,579.06,68425873307.0,0.0
2015-03-11,595.53,595.53,595.53,70371480398.0,0.0
2015-03-10,581.82,581.82,581.82,68751235906.0,0.0
2015-03-09,610.5,610.5,610.5,72141124548.0,0.0
2015-03-06,632.29,632.29,632.29,74715613785.0,0.0
2015-03-05,637.52,637.52,637.52,75333196255.0,0.0
2015-03-04,633.01,633.01,633.01,74800529931.0,0.0
2015-03-03,658.85,658.85,658.85,77854139721.0,0.0
2015-03-02,644.52,644.52,644.52,76160567955.0,0.0
2015-02-27,657.25,657.25,657.25,77665320220.0,0.0
2015-02-26,637.31,637.31,637.31,75308262438.0,0.0
2015-02-25,644.45,644.45,644.45,76151910721.0,0.0
2015-02-24,675.94,675.94,675.94,79873365371.0,0.0
2015-02-23,650.84,650.84,650.84,76906868034.0,0.0
2015-02-20,662.5,662.5,662.5,78284642393.0,0.0
2015-02-19,668.8,668.8,668.8,79029272620.0,0.0
2015-02-18,692.1,692.1,692.1,81783350147.0,0.0
2015-02-17,681.82,681.82,681.82,80568490276.0,0.0
2015-02-16,681.82,681.82,681.82,80568490276.0,0.0
2015-02-13,681.82,681.82,681.82,80568490276.0,0.0
2015-02-12,650.91,650.91,650.91,76915092239.0,0.0
2015-02-11,616.92,616.92,616.92,72898672503.0,0.0
2015-02-10,612.52,612.52,612.52,72379080842.0,0.0
2015-02-09,637.46,637.46,637.46,75326054995.0,0.0
2015-02-06,626.48,626.48,626.48,74029188709.0,0.0
2015-02-05,671.26,671.26,671.26,79320613327.0,0.0
2015-02-04,686.89,686.89,686.89,81166946783.0,0.0
2015-02-03,682.53,682.53,682.53,80652202249.0,0.0
2015-02-02,594.81,594.81,594.81,70286398686.0,0.0
2015-01-30,560.23,560.23,560.23,66200707694.0,0.0
2015-01-29,594.7,594.7,594.7,70273790398.0,0.0
2015-01-28,609.99,609.99,609.99,72080621306.0,0.0
2015-01-27,683.47,683.47,683.47,80763531932.0,0.0
2015-01-26,670.74,670.74,670.74,79258406989.0,0.0
2015-01-23,673.58,673.58,673.58,79594531793.0,0.0
2015-01-22,691.65,691.65,691.65,81729753101.0,0.0
2015-01-21,664.81,664.81,664.81,78558046540.0,0.0
2015-01-20,628.42,628.42,628.42,74258451615.0,0.0
2015-01-19,623.43,623.43,623.43,73668980683.0,0.0
2015-01-16,643.72,643.72,643.72,76065529574.0,0.0
2015-01-15,640.75,640.75,640.75,75714976187.0,0.0
2015-01-14,595.4,595.4,595.4,70356113440.0,0.0
2015-01-13,615.63,615.63,615.63,72746668748.0,0.0
2015-01-12,610.23,610.23,610.23,72109037337.0,0.0
2015-01-09,645.12,645.12,645.12,76231040920.0,0.0
2015-01-08,628.42,628.42,628.42,74258233409.0,0.0
2015-01-07,591.71,591.71,591.71,69920422368.0,0.0
2015-01-06,566.8,566.8,566.8,66976789311.0,0.0
2015-01-05,584.06,584.06,584.06,69016637878.0,0.0
2015-01-02,634.81,634.81,634.81,75013191145.0,0.0
2015-01-01,677.73,677.73,677.73,80085221401.0,0.0
2014-12-31,677.73,677.73,677.73,80085221401.0,0.0
2014-12-30,677.73,677.73,677.73,80085221401.0,0.0
2014-12-29,695.84,695.84,695.84,82224906414.0,0.0
2014-12-26,695.95,695.95,695.95,82238435319.0,0.0
2014-12-25,740.84,740.84,740.84,87542455120.0,0.0
2014-12-24,740.84,740.84,740.84,87542455120.0,0.0
2014-12-23,740.84,740.84,740.84,87542455120.0,0.0
2014-12-22,698.22,698.22,698.22,82505895765.0,0.0
2014-12-19,665.56,665.56,665.56,78511879873.0,0.0
2014-12-18,638.74,638.74,638.74,75348128940.0,0.0
2014-12-17,646.72,646.72,646.72,76289520981.0,0.0
2014-12-16,625.49,625.49,625.49,73785109089.0,0.0
2014-12-15,612.63,612.63,612.63,72268522041.0,0.0
2014-12-12,676.25,676.25,676.25,79773903514.0,0.0
2014-12-11,720.85,720.85,720.85,85034191430.0,0.0
2014-12-10,723.31,723.31,723.31,85325112420.0,0.0
2014-12-09,757.17,757.17,757.17,89318935210.0,0.0
2014-12-08,768.05,768.05,768.05,90602284136.0,0.0
2014-12-05,819.37,819.37,819.37,96656424004.0,0.0
2014-12-04,817.47,817.47,817.47,96432661127.0,0.0
2014-12-03,853.82,853.82,853.82,100720734839.0,0.0
2014-12-02,812.67,812.67,812.67,95866720481.0,0.0
2014-12-01,823.12,823.12,823.12,97099442761.0,0.0
2014-11-28,861.23,861.23,861.23,101519364453.0,0.0
2014-11-27,903.28,903.28,903.28,106476098684.0,0.0
2014-11-26,944.18,944.18,944.18,111297623665.0,0.0
2014-11-25,946.44,946.44,946.44,111563579193.0,0.0
2014-11-24,953.53,953.53,953.53,112399905065.0,0.0
2014-11-21,963.35,963.35,963.35,113557132157.0,0.0
2014-11-20,864.47,864.47,864.47,101900905491.0,0.0
2014-11-19,864.47,864.47,864.47,101900905491.0,0.0
2014-11-18,842.28,842.28,842.28,99286138540.0,0.0
2014-11-17,853.7,853.7,853.7,100631512467.0,0.0
2014-11-14,896.47,896.47,896.47,105673729681.0,0.0
2014-11-13,922.94,922.94,922.94,108793987286.0,0.0
2014-11-12,953.71,953.71,953.71,112420484650.0,0.0
2014-11-11,948.22,948.22,948.22,111773329813.0,0.0
2014-11-10,945.07,945.07,945.07,111401973325.0,0.0
2014-11-07,967.24,967.24,967.24,114015184883.0,0.0
2014-11-06,952.62,952.62,952.62,112292223052.0,0.0
2014-11-05,974.8,974.8,974.8,114906534095.0,0.0
2014-11-04,1002.52,1002.52,1002.52,118174450754.0,0.0
2014-11-03,1003.47,1003.47,1003.47,118286846300.0,0.0
2014-10-31,1031.78,1031.78,1031.78,121623604793.0,0.0
2014-10-30,969.05,969.05,969.05,114229464675.0,0.0
2014-10-29,950.21,950.21,950.21,112007707694.0,0.0
2014-10-28,1018.37,1018.37,1018.37,120042547716.0,0.0
2014-10-27,972.25,972.25,972.25,114606639306.0,0.0
2014-10-24,1101.61,1101.61,1101.61,129855292206.0,0.0
2014-10-23,1048.38,1048.38,1048.38,123579907829.0,0.0
2014-10-22,1124.13,1124.13,1124.13,132509435806.0,0.0
2014-10-21,1131.25,1131.25,1131.25,133348306116.0,0.0
2014-10-20,1206.3,1206.3,1206.3,142195513131.0,0.0
2014-10-17,1282.65,1282.65,1282.65,151195210658.0,0.0
2014-10-16,1249.8,1249.8,1249.8,147323474210.0,0.0
2014-10-15,1348.55,1348.55,1348.55,158964067906.0,0.0
2014-10-14,1447.92,1447.92,1447.92,170677527700.0,0.0
2014-10-13,1476.12,1476.12,1476.12,174000807761.0,0.0
2014-10-10,1339.41,1339.41,1339.41,157886439645.0,0.0
2014-10-09,1417.4,1417.4,1417.4,167079987001.0,0.0
2014-10-08,1392.81,1392.81,1392.81,164181308970.0,0.0
2014-10-07,1417.63,1417.63,1417.63,167106038987.0,0.0
2014-10-06,1363.97,1363.97,1363.97,160781673765.0,0.0
2014-10-03,1235.49,1235.49,1235.49,145636760836.0,0.0
2014-10-02,1168.11,1168.11,1168.11,137693548688.0,0.0
2014-10-01,1154.39,1154.39,1154.39,136076412316.0,0.0
2014-09-30,1218.21,1218.21,1218.21,143598863601.0,0.0
2014-09-29,1252.79,1252.79,1252.79,147676032306.0,0.0
2014-09-26,1403.99,1403.99,1403.99,165498745718.0,0.0
2014-09-25,1332.04,1332.04,1332.04,157017208003.0,0.0
2014-09-24,1355.01,1355.01,1355.01,159725497314.0,0.0
2014-09-23,1350.31,1350.31,1350.31,159171302918.0,0.0
2014-09-22,1377.93,1377.93,1377.93,162426953706.0,0.0
2014-09-19,1403.9,1403.9,1403.9,165895329209.0,0.0
2014-09-18,1429.23,1429.23,1429.23,168888562389.0,0.0
2014-09-17,1480.31,1480.31,1480.31,174924314228.0,0.0
2014-09-16,1442.08,1442.08,1442.08,170406828581.0,0.0
2014-09-15,1378.9,1378.9,1378.9,162940699305.0,0.0
2014-09-12,1353.25,1353.25,1353.25,159910034079.0,0.0
2014-09-11,1424.4,1424.4,1424.4,168317262408.0,0.0
2014-09-10,1407.9,1407.9,1407.9,166367655417.0,0.0
2014-09-09,1442.83,1442.83,1442.83,170494946538.0,0.0
2014-09-08,1460.57,1460.57,1460.57,172591746064.0,0.0
2014-09-05,1534.55,1534.55,1534.55,181332902299.0,0.0
2014-09-04,1532.71,1532.71,1532.71,181115861062.0,0.0
2014-09-03,1608.96,1608.96,1608.96,190125844983.0,0.0
2014-09-02,1647.23,1647.23,1647.23,194647886368.0,0.0
2014-09-01,1594.79,1594.79,1594.79,188451896930.0,0.0
2014-08-29,1566.29,1566.29,1566.29,185083656127.0,0.0
2014-08-28,1524.39,1524.39,1524.39,180132533376.0,0.0
2014-08-27,1531.33,1531.33,1531.33,180952570083.0,0.0
2014-08-26,1464.09,1464.09,1464.09,173007079097.0,0.0
2014-08-25,1474.59,1474.59,1474.59,174248601637.0,0.0
2014-08-22,1401.04,1401.04,1401.04,165556659055.0,0.0
2014-08-21,1426.79,1426.79,1426.79,168599702257.0,0.0
2014-08-20,1429.45,1429.45,1429.45,168913569998.0,0.0
2014-08-19,1399.4,1399.4,1399.4,165363144157.0,0.0
2014-08-18,1361.32,1361.32,1361.32,160863503068.0,0.0
2014-08-15,1341.49,1341.49,1341.49,158520048061.0,0.0
2014-08-14,1245.33,1245.33,1245.33,147157109831.0,0.0
2014-08-13,1249.85,1249.85,1249.85,147690845898.0,0.0
2014-08-12,1315.34,1315.34,1315.34,155430519162.0,0.0
2014-08-11,1341.89,1341.89,1341.89,158567420346.0,0.0
2014-08-08,1291.87,1291.87,1291.87,152656458110.0,0.0
2014-08-07,1343.27,1343.27,1343.27,158730174439.0,0.0
2014-08-06,1356.8,1356.8,1356.8,160329461819.0,0.0
2014-08-05,1313.58,1313.58,1313.58,155222277704.0,0.0
2014-08-04,1301.49,1301.49,1301.49,153793332190.0,0.0
2014-08-01,1270.97,1270.97,1270.97,150187236099.0,0.0
2014-07-31,1279.61,1279.61,1279.61,151208066267.0,0.0
2014-07-30,1328.95,1328.95,1328.95,157038085102.0,0.0
2014-07-29,1312.85,1312.85,1312.85,155135712287.0,0.0
2014-07-28,1349.29,1349.29,1349.29,159441855945.0,0.0
2014-07-25,1370.56,1370.56,1370.56,161955351790.0,0.0
2014-07-24,1356.81,1356.81,1356.81,160330541824.0,0.0
2014-07-23,1355.13,1355.13,1355.13,160132035102.0,0.0
2014-07-22,1398.28,1398.28,1398.28,165230926798.0,0.0
2014-07-21,1392.78,1392.78,1392.78,164580862152.0,0.0
2014-07-18,1369.65,1369.65,1369.65,161847897172.0,0.0
2014-07-17,1303.45,1303.45,1303.45,154025284676.0,0.0
2014-07-16,1284.26,1284.26,1284.26,151757322983.0,0.0
2014-07-15,1279.38,1279.38,1279.38,151180765660.0,0.0
2014-07-14,1270.56,1270.56,1270.56,150137987358.0,0.0
2014-07-11,1219.97,1219.97,1219.97,144160956372.0,0.0
2014-07-10,1213.05,1213.05,1213.05,143343043626.0,0.0
2014-07-09,1158.03,1158.03,1158.03,136841469442.0,0.0
2014-07-08,1158.03,1158.03,1158.03,136841469442.0,0.0
2014-07-07,1155.25,1155.25,1155.25,136512712080.0,0.0
2014-07-04,1170.36,1170.36,1170.36,138298297359.0,0.0
2014-07-03,1170.53,1170.53,1170.53,138318570785.0,0.0
2014-07-02,1150.07,1150.07,1150.07,135900692621.0,0.0
2014-07-01,1150.07,1150.07,1150.07,135900692621.0,0.0
2014-06-30,1160.01,1160.01,1160.01,137075465879.0,0.0
2014-06-27,1150.79,1150.79,1150.79,135985454512.0,0.0
2014-06-26,1159.95,1159.95,1159.95,137067646692.0,0.0
2014-06-25,1159.85,1159.85,1159.85,137056182884.0,0.0
2014-06-24,1190.53,1190.53,1190.53,140680960054.0,0.0
2014-06-23,1229.1,1229.1,1229.1,145238998099.0,0.0
2014-06-20,1253.4,1253.4,1253.4,147829377120.0,0.0
2014-06-19,1275.64,1275.64,1275.64,150452458474.0,0.0
2014-06-18,1275.64,1275.64,1275.64,150452458474.0,0.0
2014-06-17,1230.85,1230.85,1230.85,145170034892.0,0.0
2014-06-16,1256.83,1256.83,1256.83,148233909997.0,0.0
2014-06-13,1273.04,1273.04,1273.04,150146142382.0,0.0
2014-06-12,1263.41,1263.41,1263.41,149010050300.0,0.0
2014-06-11,1263.41,1263.41,1263.41,149010050300.0,0.0
2014-06-10,1227.71,1227.71,1227.71,144799978845.0,0.0
2014-06-09,1209.29,1209.29,1209.29,142627109151.0,0.0
2014-06-06,1187.63,1187.63,1187.63,140072205840.0,0.0
2014-06-05,1100.3,1100.3,1100.3,129772170279.0,0.0
2014-06-04,1119.1,1119.1,1119.1,131989734145.0,0.0
2014-06-03,1136.66,1136.66,1136.66,134060799595.0,0.0
2014-06-02,1116.13,1116.13,1116.13,131640011320.0,0.0
2014-05-30,1122.07,1122.07,1122.07,132340037016.0,0.0
2014-05-29,1159.89,1159.89,1159.89,136801446765.0,0.0
2014-05-28,1184.65,1184.65,1184.65,139720785492.0,0.0
2014-05-27,1172.47,1172.47,1172.47,138284962347.0,0.0
2014-05-26,1197.84,1197.84,1197.84,141277187660.0,0.0
2014-05-23,1186.26,1186.26,1186.26,139911594971.0,0.0
2014-05-22,1183.3,1183.3,1183.3,139561595625.0,0.0
2014-05-21,1173.18,1173.18,1173.18,138368546824.0,0.0
2014-05-20,1160.79,1160.79,1160.79,136906836833.0,0.0
2014-05-19,1202.81,1202.81,1202.81,141863542706.0,0.0
2014-05-16,1209.02,1209.02,1209.02,142595331942.0,0.0
2014-05-15,1212.27,1212.27,1212.27,142978502828.0,0.0
2014-05-14,1231.47,1231.47,1231.47,145243475822.0,0.0
2014-05-13,1210.31,1210.31,1210.31,142747504270.0,0.0
2014-05-12,1214.3,1214.3,1214.3,143218504784.0,0.0
2014-05-09,1187.89,1187.89,1187.89,140103198369.0,0.0
2014-05-08,1200.72,1200.72,1200.72,141616635738.0,0.0
2014-05-07,1244.45,1244.45,1244.45,146774531184.0,0.0
2014-05-06,1220.95,1220.95,1220.95,144002581230.0,0.0
2014-05-05,1175.94,1175.94,1175.94,138693689759.0,0.0
2014-05-02,1171.21,1171.21,1171.21,138135769218.0,0.0
2014-05-01,1114.73,1114.73,1114.73,131474937331.0,0.0
2014-04-30,1114.73,1114.73,1114.73,131474937331.0,0.0
2014-04-29,1122.79,1122.79,1122.79,132424796158.0,0.0
2014-04-28,1114.71,1114.71,1114.71,131472486865.0,0.0
2014-04-25,1078.24,1078.24,1078.24,127170523320.0,0.0
2014-04-24,1087.54,1087.54,1087.54,128268155697.0,0.0
2014-04-23,1081.47,1081.47,1081.47,127551508651.0,0.0
2014-04-22,1079.74,1079.74,1079.74,127347585303.0,0.0
2014-04-21,1107.71,1107.71,1107.71,130646211840.0,0.0
2014-04-18,1107.71,1107.71,1107.71,130646211840.0,0.0
2014-04-17,1107.71,1107.71,1107.71,130646211840.0,15948414.0
2014-04-16,1068.2,1068.2,1068.2,126001824134.0,0.0
2014-04-15,1043.37,1043.37,1043.37,123072672630.0,0.0
2014-04-14,1082.59,1082.59,1082.59,127699804692.0,0.0
2014-04-11,1099.99,1099.99,1099.99,129751429217.0,0.0
2014-04-10,1067.41,1067.41,1067.41,125909418977.0,0.0
2014-04-09,1075.86,1075.86,1075.86,126905616248.0,0.0
2014-04-08,1086.29,1086.29,1086.29,128135745697.0,0.0
2014-04-07,1117.57,1117.57,1117.57,131825275236.0,0.0
2014-04-04,1050.13,1050.13,1050.13,123870704598.0,0.0
2014-04-03,1053.31,1053.31,1053.31,124245291046.0,6113451917.0
2014-04-02,1062.44,1062.44,1062.44,131488580177.0,0.0
2014-04-01,1017.68,1017.68,1017.68,125949006252.0,0.0
2014-03-31,1013.83,1013.83,1013.83,125472781914.0,0.0
2014-03-28,1010.88,1010.88,1010.88,125108611261.0,0.0
2014-03-27,1002.01,1002.01,1002.01,124009671654.0,0.0
2014-03-26,929.98,929.98,929.98,115095620829.0,0.0
2014-03-25,941.22,941.22,941.22,116487326270.0,0.0
2014-03-24,935.28,935.28,935.28,115751759547.0,0.0
2014-03-21,908.99,908.99,908.99,112480003076.0,0.0
2014-03-20,905.87,905.87,905.87,112094690222.0,0.0
2014-03-19,864.2,864.2,864.2,106937278700.0,0.0
2014-03-18,838.31,838.31,838.31,103733497139.0,0.0
2014-03-17,813.56,813.56,813.56,100671386357.0,0.0
2014-03-14,823.16,823.16,823.16,101859743777.0,0.0
2014-03-13,844.08,844.08,844.08,104447828021.0,0.0
2014-03-12,856.56,856.56,856.56,105991843774.0,0.0
2014-03-11,846.17,846.17,846.17,104706617492.0,0.0
2014-03-10,842.55,842.55,842.55,104258365096.0,0.0
2014-03-07,860.3,860.3,860.3,106455016377.0,0.0
2014-03-06,871.29,871.29,871.29,107815404673.0,0.0
2014-03-05,859.77,859.77,859.77,106389175285.0,0.0
2014-03-04,878.91,878.91,878.91,108757596621.0,0.0
2014-03-03,878.91,878.91,878.91,108757596621.0,0.0
2014-02-28,878.91,878.91,878.91,108757596621.0,0.0
2014-02-27,904.99,904.99,904.99,111985277066.0,0.0
2014-02-26,879.4,879.4,879.4,108818703340.0,0.0
2014-02-25,908.23,908.23,908.23,112386581433.0,0.0
2014-02-24,930.34,930.34,930.34,115121797093.0,0.0
2014-02-21,910.64,910.64,910.64,112683800368.0,0.0
2014-02-20,910.01,910.01,910.01,112606618652.0,0.0
2014-02-19,912.44,912.44,912.44,112907391146.0,0.0
2014-02-18,906.04,906.04,906.04,112115176419.0,0.0
2014-02-17,922.54,922.54,922.54,114156809136.0,0.0
2014-02-14,935.5,935.5,935.5,115761136194.0,0.0
2014-02-13,936.18,936.18,936.18,115845079812.0,0.0
2014-02-12,957.06,957.06,957.06,118428722108.0,0.0
2014-02-11,958.11,958.11,958.11,118558851971.0,0.0
2014-02-10,933.42,933.42,933.42,115503346847.0,0.0
2014-02-07,925.34,925.34,925.34,114503898742.0,0.0
2014-02-06,910.2,910.2,910.2,112629908632.0,0.0
2014-02-05,887.06,887.06,887.06,109767013414.0,0.0
2014-02-04,905.18,905.18,905.18,112008541368.0,0.0
2014-02-03,891.41,891.41,891.41,110304602554.0,0.0
2014-01-31,941.99,941.99,941.99,116563967903.0,0.0
2014-01-30,938.04,938.04,938.04,116074854718.0,0.0
2014-01-29,944.8,944.8,944.8,116911532795.0,0.0
2014-01-28,961.76,961.76,961.76,119010215231.0,0.0
2014-01-27,964.2,964.2,964.2,119311852741.0,0.0
2014-01-24,966.06,966.06,966.06,119542648865.0,0.0
2014-01-23,990.01,990.01,990.01,122505600847.0,0.0
2014-01-22,1013.29,1013.29,1013.29,125386800673.0,0.0
2014-01-21,982.31,982.31,982.31,121552940384.0,0.0
2014-01-20,975.68,975.68,975.68,120732859215.0,0.0
2014-01-17,996.21,996.21,996.21,123273336931.0,0.0
2014-01-16,1001.88,1001.88,1001.88,123974242083.0,0.0
2014-01-15,1030.04,1030.04,1030.04,127459167384.0,0.0
2014-01-14,1003.82,1003.82,1003.82,124214841056.0,0.0
2014-01-13,1007.95,1007.95,1007.95,124725941186.0,0.0
2014-01-10,1024.04,1024.04,1024.04,126716289370.0,0.0
2014-01-09,1008.46,1008.46,1008.46,124788638599.0,0.0
2014-01-08,1038.04,1038.04,1038.04,128449588551.0,0.0
2014-01-07,1036.5,1036.5,1036.5,128258909617.0,0.0
2014-01-06,1067.12,1067.12,1067.12,132047734068.0,0.0
2014-01-03,1049.89,1049.89,1049.89,129914818388.0,0.0
2014-01-02,1075.0,1075.0,1075.0,133022056529.0,0.0
2014-01-01,1092.22,1092.22,1092.22,135153209550.0,0.0
2013-12-31,1092.22,1092.22,1092.22,135153209550.0,0.0
2013-12-30,1092.22,1092.22,1092.22,135153209550.0,0.0
2013-12-27,1084.13,1084.13,1084.13,134151818500.0,0.0
2013-12-26,1080.41,1080.41,1080.41,133692171571.0,0.0
2013-12-25,1087.46,1087.46,1087.46,134564534994.0,0.0
2013-12-24,1087.46,1087.46,1087.46,134564534994.0,0.0
2013-12-23,1087.46,1087.46,1087.46,134564534994.0,0.0
2013-12-20,1080.37,1080.37,1080.37,134032008864.0,0.0
2013-12-19,1099.74,1099.74,1099.74,136434745782.0,0.0
2013-12-18,1074.87,1074.87,1074.87,133349376710.0,0.0
2013-12-17,1069.01,1069.01,1069.01,132622633918.0,0.0
2013-12-16,1103.36,1103.36,1103.36,136883551775.0,0.0
2013-12-13,1085.07,1085.07,1085.07,134614836561.0,0.0
2013-12-12,1074.81,1074.81,1074.81,133342625602.0,0.0
2013-12-11,1071.03,1071.03,1071.03,132873636140.0,0.0
2013-12-10,1103.02,1103.02,1103.02,136842211681.0,0.0
2013-12-09,1099.87,1099.87,1099.87,136451035154.0,0.0
2013-12-06,1101.53,1101.53,1101.53,136657145723.0,0.0
2013-12-05,1125.83,1125.83,1125.83,139671048807.0,0.0
2013-12-04,1115.55,1115.55,1115.55,138396824469.0,0.0
2013-12-03,1124.13,1124.13,1124.13,139460262357.0,0.0
2013-12-02,1114.45,1114.45,1114.45,138260216086.0,0.0
2013-11-29,1232.89,1232.89,1232.89,152954182341.0,0.0
2013-11-28,1199.13,1199.13,1199.13,148764845765.0,0.0
2013-11-27,1224.77,1224.77,1224.77,151946085679.0,0.0
2013-11-26,1227.88,1227.88,1227.88,152332673724.0,0.0
2013-11-25,1310.25,1310.25,1310.25,162583744417.0,0.0
2013-11-22,1332.38,1332.38,1332.38,165510457913.0,0.0
2013-11-21,1345.86,1345.86,1345.86,167184602571.0,0.0
2013-11-20,1353.93,1353.93,1353.93,168187741839.0,0.0
2013-11-19,1353.93,1353.93,1353.93,168187741839.0,0.0
2013-11-18,1374.98,1374.98,1374.98,170802139311.0,0.0
2013-11-15,1318.53,1318.53,1318.53,163789863205.0,0.0
2013-11-14,1318.53,1318.53,1318.53,163789863205.0,0.0
2013-11-13,1285.11,1285.11,1285.11,159638094450.0,0.0
2013-11-12,1257.18,1257.18,1257.18,156169277982.0,0.0
2013-11-11,1296.44,1296.44,1296.44,161045907231.0,0.0
2013-11-08,1264.87,1264.87,1264.87,157124326719.0,0.0
2013-11-07,1289.3,1289.3,1289.3,160158772329.0,0.0
2013-11-06,1317.34,1317.34,1317.34,163641968579.0,0.0
2013-11-05,1306.5,1306.5,1306.5,162295736186.0,0.0
2013-11-04,1308.15,1308.15,1308.15,162500355956.0,0.0
2013-11-01,1281.52,1281.52,1281.52,159192490399.0,0.0
2013-10-31,1316.06,1316.06,1316.06,163483646646.0,0.0
2013-10-30,1282.35,1282.35,1282.35,159295527889.0,0.0
2013-10-29,1271.71,1271.71,1271.71,157974239106.0,0.0
2013-10-28,1283.05,1283.05,1283.05,159382309805.0,0.0
2013-10-25,1183.73,1183.73,1183.73,147044981675.0,0.0
2013-10-24,1168.46,1168.46,1168.46,145147741726.0,0.0
2013-10-23,1172.78,1172.78,1172.78,145685369543.0,0.0
2013-10-22,1190.09,1190.09,1190.09,147834936081.0,0.0
2013-10-21,1210.44,1210.44,1210.44,150362416983.0,0.0
2013-10-18,1152.55,1152.55,1152.55,143171623279.0,0.0
2013-10-17,1166.81,1166.81,1166.81,144943050074.0,0.0
2013-10-16,1171.63,1171.63,1171.63,145541364171.0,0.0
2013-10-15,1177.73,1177.73,1177.73,146299894816.0,0.0
2013-10-14,1169.02,1169.02,1169.02,145217717872.0,0.0
2013-10-11,1160.94,1160.94,1160.94,144213773101.0,0.0
2013-10-10,1163.38,1163.38,1163.38,144517051176.0,0.0
2013-10-09,1154.52,1154.52,1154.52,143416032992.0,0.0
2013-10-08,1165.91,1165.91,1165.91,144831792573.0,0.0
2013-10-07,1188.15,1188.15,1188.15,147594646637.0,0.0
2013-10-04,1193.2,1193.2,1193.2,148221787910.0,0.0
2013-10-03,1182.09,1182.09,1182.09,146840927739.0,0.0
2013-10-02,1193.86,1193.86,1193.86,148303169488.0,0.0
2013-10-01,1192.08,1192.08,1192.08,148082489965.0,0.0
2013-09-30,1169.75,1169.75,1169.75,145308254679.0,0.0
2013-09-27,1187.04,1187.04,1187.04,147456158905.0,0.0
2013-09-26,1192.41,1192.41,1192.41,148122901263.0,0.0
2013-09-25,1199.24,1199.24,1199.24,148971759727.0,0.0
2013-09-24,1199.32,1199.32,1199.32,148981507825.0,0.0
2013-09-23,1218.24,1218.24,1218.24,151331887398.0,0.0
2013-09-20,1213.96,1213.96,1213.96,150747699933.0,0.0
2013-09-19,1229.78,1229.78,1229.78,152711424017.0,0.0
2013-09-18,1218.61,1218.61,1218.61,151324970866.0,0.0
2013-09-17,1197.95,1197.95,1197.95,148759060553.0,0.0
2013-09-16,1190.18,1190.18,1190.18,147794166294.0,0.0
2013-09-13,1171.15,1171.15,1171.15,145431674367.0,0.0
2013-09-12,1151.76,1151.76,1151.76,143023532314.0,0.0
2013-09-11,1183.88,1183.88,1183.88,147012056497.0,0.0
2013-09-10,1188.26,1188.26,1188.26,147556050446.0,0.0
2013-09-09,1177.49,1177.49,1177.49,146218565578.0,0.0
2013-09-06,1150.66,1150.66,1150.66,142887326582.0,0.0
2013-09-05,1137.08,1137.08,1137.08,141200219445.0,0.0
2013-09-04,1097.49,1097.49,1097.49,136283676619.0,0.0
2013-09-03,1086.91,1086.91,1086.91,134969986023.0,0.0
2013-09-02,1099.61,1099.61,1099.61,136547499878.0,0.0
2013-08-30,1087.75,1087.75,1087.75,135074396280.0,0.0
2013-08-29,1092.74,1092.74,1092.74,135694825880.0,0.0
2013-08-28,1108.73,1108.73,1108.73,137679976690.0,0.0
2013-08-27,1131.58,1131.58,1131.58,140518049386.0,0.0
2013-08-26,1176.12,1176.12,1176.12,146048808835.0,0.0
2013-08-23,1199.67,1199.67,1199.67,148972721670.0,0.0
2013-08-22,1185.79,1185.79,1185.79,147249271567.0,0.0
2013-08-21,1144.23,1144.23,1144.23,142088328675.0,0.0
2013-08-20,1113.6,1113.6,1113.6,138284455161.0,0.0
2013-08-19,1155.93,1155.93,1155.93,143541151089.0,0.0
2013-08-16,1162.11,1162.11,1162.11,144309034570.0,0.0
2013-08-15,1159.72,1159.72,1159.72,144012055741.0,0.0
2013-08-14,1101.28,1101.28,1101.28,136755445617.0,0.0
2013-08-13,1077.74,1077.74,1077.74,133831320629.0,0.0
2013-08-12,1081.81,1081.81,1081.81,134336711528.0,0.0
2013-08-09,1103.35,1103.35,1103.35,137012213774.0,0.0
2013-08-08,1080.04,1080.04,1080.04,134117773983.0,0.0
2013-08-07,1050.31,1050.31,1050.31,130425477938.0,0.0
2013-08-06,1052.63,1052.63,1052.63,130714228323.0,0.0
2013-08-05,1079.72,1079.72,1079.72,134077236380.0,0.0
2013-08-02,1092.14,1092.14,1092.14,135619748775.0,0.0
2013-08-01,1100.7,1100.7,1100.7,136682696396.0,0.0
2013-07-31,1056.24,1056.24,1056.24,131162476193.0,0.0
2013-07-30,1065.01,1065.01,1065.01,132250384880.0,0.0
2013-07-29,1084.71,1084.71,1084.71,134696709099.0,0.0
2013-07-26,1104.41,1104.41,1104.41,137144147506.0,0.0
2013-07-25,1100.08,1100.08,1100.08,136606459049.0,0.0
2013-07-24,1075.99,1075.99,1075.99,133614887258.0,0.0
2013-07-23,1080.88,1080.88,1080.88,134222061704.0,0.0
2013-07-22,1068.23,1068.23,1068.23,132651208559.0,0.0
2013-07-19,1044.42,1044.42,1044.42,129694438112.0,0.0
2013-07-18,1053.54,1053.54,1053.54,130826442232.0,0.0
2013-07-17,1047.26,1047.26,1047.26,130047038235.0,0.0
2013-07-16,1027.77,1027.77,1027.77,127626477651.0,0.0
2013-07-15,1011.1,1011.1,1011.1,125556311596.0,0.0
2013-07-12,1000.0,0.0,0.0,0.0,0.0
2013-07-11,1014.86,0.0,0.0,0.0,0.0
2013-07-10,968.02,0.0,0.0,0.0,0.0
2013-07-09,953.18,0.0,0.0,0.0,0.0
2013-07-08,956.01,0.0,0.0,0.0,0.0
2013-07-05,962.14,0.0,0.0,0.0,0.0
2013-07-04,1010.8,0.0,0.0,0.0,0.0
2013-07-03,1010.79,0.0,0.0,0.0,0.0
2013-07-02,991.69,0.0,0.0,0.0,0.0
2013-07-01,1031.71,0.0,0.0,0.0,0.0
2013-06-28,1041.56,0.0,0.0,0.0,0.0
2013-06-27,1050.91,0.0,0.0,0.0,0.0
2013-06-26,1037.2,0.0,0.0,0.0,0.0
2013-06-25,1031.26,0.0,0.0,0.0,0.0
2013-06-24,1014.5,0.0,0.0,0.0,0.0
2013-06-21,1054.9,0.0,0.0,0.0,0.0
2013-06-20,1094.23,0.0,0.0,0.0,0.0
2013-06-19,1134.64,0.0,0.0,0.0,0.0
2013-06-18,1151.56,0.0,0.0,0.0,0.0
2013-06-17,1169.91,0.0,0.0,0.0,0.0
2013-06-14,1167.92,0.0,0.0,0.0,0.0
2013-06-13,1196.74,0.0,0.0,0.0,0.0
2013-06-12,1170.85,0.0,0.0,0.0,0.0
2013-06-11,1188.41,0.0,0.0,0.0,0.0
2013-06-10,1215.08,0.0,0.0,0.0,0.0
2013-06-07,1216.7,0.0,0.0,0.0,0.0
2013-06-06,1259.6,0.0,0.0,0.0,0.0
2013-06-05,1246.44,0.0,0.0,0.0,0.0
2013-06-04,1295.26,0.0,0.0,0.0,0.0
2013-06-03,1309.45,0.0,0.0,0.0,0.0
2013-05-31,1307.44,0.0,0.0,0.0,0.0
2013-05-30,1294.56,0.0,0.0,0.0,0.0
2013-05-29,1304.83,0.0,0.0,0.0,0.0
2013-05-28,1305.29,0.0,0.0,0.0,0.0
2013-05-27,1299.69,0.0,0.0,0.0,0.0
2013-05-24,1304.69,0.0,0.0,0.0,0.0
2013-05-23,1280.52,0.0,0.0,0.0,0.0
2013-05-22,1300.01,0.0,0.0,0.0,0.0
2013-05-21,1322.15,0.0,0.0,0.0,0.0
2013-05-20,1323.88,0.0,0.0,0.0,0.0
2013-05-17,1302.85,0.0,0.0,0.0,0.0
2013-05-16,1293.2,0.0,0.0,0.0,0.0
2013-05-15,1283.73,0.0,0.0,0.0,0.0
2013-05-14,1293.8,0.0,0.0,0.0,0.0
2013-05-13,1283.23,0.0,0.0,0.0,0.0
2013-05-10,1304.77,0.0,0.0,0.0,0.0
2013-05-09,1323.39,0.0,0.0,0.0,0.0
2013-05-08,1330.83,0.0,0.0,0.0,0.0
2013-05-07,1351.49,0.0,0.0,0.0,0.0
2013-05-06,1327.85,0.0,0.0,0.0,0.0
2013-05-03,1309.39,0.0,0.0,0.0,0.0
2013-05-02,1324.14,0.0,0.0,0.0,0.0
2013-05-01,1316.65,0.0,0.0,0.0,0.0
2013-04-30,1318.1,0.0,0.0,0.0,0.0
2013-04-29,1303.87,0.0,0.0,0.0,0.0
2013-04-26,1224.85,0.0,0.0,0.0,0.0
2013-04-25,1211.28,0.0,0.0,0.0,0.0
2013-04-24,1220.62,0.0,0.0,0.0,0.0
2013-04-23,1204.87,0.0,0.0,0.0,0.0
2013-04-22,1178.21,0.0,0.0,0.0,0.0
2013-04-19,1154.31,0.0,0.0,0.0,0.0
2013-04-18,1117.08,0.0,0.0,0.0,0.0
2013-04-17,1067.83,0.0,0.0,0.0,0.0
2013-04-16,1101.18,0.0,0.0,0.0,0.0
2013-04-15,1101.68,0.0,0.0,0.0,0.0
2013-04-12,1127.27,0.0,0.0,0.0,0.0
2013-04-11,1136.1,0.0,0.0,0.0,0.0
2013-04-10,1161.19,0.0,0.0,0.0,0.0
2013-04-09,1146.95,0.0,0.0,0.0,0.0
2013-04-08,1106.02,0.0,0.0,0.0,0.0
2013-04-05,1121.99,0.0,0.0,0.0,0.0
2013-04-04,1123.79,0.0,0.0,0.0,0.0
2013-04-03,1137.41,0.0,0.0,0.0,0.0
2013-04-02,1124.79,0.0,0.0,0.0,0.0
2013-04-01,1147.85,0.0,0.0,0.0,0.0
2013-03-29,1162.79,0.0,0.0,0.0,0.0
2013-03-28,1162.79,0.0,0.0,0.0,0.0
2013-03-27,1162.56,0.0,0.0,0.0,0.0
2013-03-26,1183.88,0.0,0.0,0.0,0.0
2013-03-25,1167.59,0.0,0.0,0.0,0.0
2013-03-22,1176.54,0.0,0.0,0.0,0.0
2013-03-21,1184.24,0.0,0.0,0.0,0.0
2013-03-20,1193.47,0.0,0.0,0.0,0.0
2013-03-19,1206.85,0.0,0.0,0.0,0.0
2013-03-18,1214.54,0.0,0.0,0.0,0.0
2013-03-15,1218.88,0.0,0.0,0.0,0.0
2013-03-14,1215.89,0.0,0.0,0.0,0.0
2013-03-13,1188.67,0.0,0.0,0.0,0.0
2013-03-12,1189.54,0.0,0.0,0.0,0.0
2013-03-11,1185.94,0.0,0.0,0.0,0.0
2013-03-08,1164.72,0.0,0.0,0.0,0.0
2013-03-07,1203.97,0.0,0.0,0.0,0.0
2013-03-06,1147.41,0.0,0.0,0.0,0.0
2013-03-05,1030.91,0.0,0.0,0.0,0.0
2013-03-04,1026.54,0.0,0.0,0.0,0.0
2013-03-01,1058.75,0.0,0.0,0.0,0.0
2013-02-28,1045.95,0.0,0.0,0.0,0.0
2013-02-27,1058.04,0.0,0.0,0.0,0.0
2013-02-26,1055.64,0.0,0.0,0.0,0.0
2013-02-25,1076.04,0.0,0.0,0.0,0.0
2013-02-22,1085.66,0.0,0.0,0.0,0.0
2013-02-21,1091.39,0.0,0.0,0.0,0.0
2013-02-20,1111.84,0.0,0.0,0.0,0.0
2013-02-19,1138.48,0.0,0.0,0.0,0.0
2013-02-18,1132.61,0.0,0.0,0.0,0.0
2013-02-15,1122.05,0.0,0.0,0.0,0.0
2013-02-14,1123.0,0.0,0.0,0.0,0.0
2013-02-13,1130.18,0.0,0.0,0.0,0.0
2013-02-12,1132.26,0.0,0.0,0.0,0.0
2013-02-11,1132.26,0.0,0.0,0.0,0.0
2013-02-08,1133.33,0.0,0.0,0.0,0.0
2013-02-07,1125.96,0.0,0.0,0.0,0.0
2013-02-06,1137.94,0.0,0.0,0.0,0.0
2013-02-05,1162.05,0.0,0.0,0.0,0.0
2013-02-04,1203.49,0.0,0.0,0.0,0.0
2013-02-01,1235.7,0.0,0.0,0.0,0.0
2013-01-31,1207.27,0.0,0.0,0.0,0.0
2013-01-30,1214.42,0.0,0.0,0.0,0.0
2013-01-29,1277.9,0.0,0.0,0.0,0.0
2013-01-28,1289.22,0.0,0.0,0.0,0.0
2013-01-25,1314.72,0.0,0.0,0.0,0.0
2013-01-24,1316.44,0.0,0.0,0.0,0.0
2013-01-23,1310.01,0.0,0.0,0.0,0.0
2013-01-22,1309.81,0.0,0.0,0.0,0.0
2013-01-21,1301.18,0.0,0.0,0.0,0.0
2013-01-18,1313.98,0.0,0.0,0.0,0.0
2013-01-17,1321.68,0.0,0.0,0.0,0.0
2013-01-16,1335.8,0.0,0.0,0.0,0.0
2013-01-15,1331.29,0.0,0.0,0.0,0.0
2013-01-14,1337.1,0.0,0.0,0.0,0.0
2013-01-11,1333.99,0.0,0.0,0.0,0.0
2013-01-10,1326.59,0.0,0.0,0.0,0.0
2013-01-09,1320.62,0.0,0.0,0.0,0.0
2013-01-08,1311.47,0.0,0.0,0.0,0.0
2013-01-07,1350.62,0.0,0.0,0.0,0.0
2013-01-04,1370.39,0.0,0.0,0.0,0.0
2013-01-03,1370.16,0.0,0.0,0.0,0.0
2013-01-02,1319.99,0.0,0.0,0.0,0.0
2013-01-01,1301.62,0.0,0.0,0.0,0.0
2012-12-31,1301.62,0.0,0.0,0.0,0.0
2012-12-28,1301.05,0.0,0.0,0.0,0.0
2012-12-27,1285.64,0.0,0.0,0.0,0.0
2012-12-26,1334.78,0.0,0.0,0.0,0.0
2012-12-25,1376.96,0.0,0.0,0.0,0.0
2012-12-24,1376.96,0.0,0.0,0.0,0.0
2012-12-21,1378.85,0.0,0.0,0.0,0.0
2012-12-20,1403.53,0.0,0.0,0.0,0.0
2012-12-19,1388.2,0.0,0.0,0.0,0.0
2012-12-18,1342.37,0.0,0.0,0.0,0.0
2012-12-17,1333.39,0.0,0.0,0.0,0.0
2012-12-14,1354.66,0.0,0.0,0.0,0.0
2012-12-13,1312.5,0.0,0.0,0.0,0.0
2012-12-12,1320.85,0.0,0.0,0.0,0.0
2012-12-11,1338.67,0.0,0.0,0.0,0.0
2012-12-10,1312.07,0.0,0.0,0.0,0.0
2012-12-07,1276.87,0.0,0.0,0.0,0.0
2012-12-06,1253.14,0.0,0.0,0.0,0.0
2012-12-05,1258.89,0.0,0.0,0.0,0.0
2012-12-04,1266.6,0.0,0.0,0.0,0.0
2012-12-03,1283.17,0.0,0.0,0.0,0.0
2012-11-30,1284.66,0.0,0.0,0.0,0.0
2012-11-29,1298.28,0.0,0.0,0.0,0.0
2012-11-28,1273.6,0.0,0.0,0.0,0.0
2012-11-27,1266.95,0.0,0.0,0.0,0.0
2012-11-26,1284.31,0.0,0.0,0.0,0.0
2012-11-23,1307.91,0.0,0.0,0.0,0.0
2012-11-21,1273.74,0.0,0.0,0.0,0.0
2012-11-20,1308.69,0.0,0.0,0.0,0.0
2012-11-19,1316.3,0.0,0.0,0.0,0.0
2012-11-16,1303.62,0.0,0.0,0.0,0.0
2012-11-15,1348.66,0.0,0.0,0.0,0.0
2012-11-14,1346.81,0.0,0.0,0.0,0.0
2012-11-13,1392.45,0.0,0.0,0.0,0.0
2012-11-12,1394.07,0.0,0.0,0.0,0.0
2012-11-09,1413.38,0.0,0.0,0.0,0.0
2012-11-08,1406.01,0.0,0.0,0.0,0.0
2012-11-07,1442.22,0.0,0.0,0.0,0.0
2012-11-06,1476.49,0.0,0.0,0.0,0.0
2012-11-05,1447.08,0.0,0.0,0.0,0.0
2012-11-02,1424.76,0.0,0.0,0.0,0.0
2012-11-01,1425.01,0.0,0.0,0.0,0.0
2012-10-31,1418.01,0.0,0.0,0.0,0.0
2012-10-26,1502.02,0.0,0.0,0.0,0.0
2012-10-25,1480.66,0.0,0.0,0.0,0.0
2012-10-24,1464.21,0.0,0.0,0.0,0.0
2012-10-23,1478.41,0.0,0.0,0.0,0.0
2012-10-22,1504.65,0.0,0.0,0.0,0.0
2012-10-19,1518.22,0.0,0.0,0.0,0.0
2012-10-18,1536.75,0.0,0.0,0.0,0.0
2012-10-17,1542.92,0.0,0.0,0.0,0.0
2012-10-16,1553.92,0.0,0.0,0.0,0.0
2012-10-15,1556.24,0.0,0.0,0.0,0.0
2012-10-12,1536.39,0.0,0.0,0.0,0.0
2012-10-11,1540.54,0.0,0.0,0.0,0.0
2012-10-10,1511.73,0.0,0.0,0.0,0.0
2012-10-09,1518.82,0.0,0.0,0.0,0.0
2012-10-08,1531.02,0.0,0.0,0.0,0.0
2012-10-05,1522.43,0.0,0.0,0.0,0.0
2012-10-04,1526.97,0.0,0.0,0.0,0.0
2012-10-03,1524.25,0.0,0.0,0.0,0.0
2012-10-02,1549.28,0.0,0.0,0.0,0.0
2012-10-01,1539.16,0.0,0.0,0.0,0.0
2012-09-28,1532.57,0.0,0.0,0.0,0.0
2012-09-27,1556.92,0.0,0.0,0.0,0.0
2012-09-26,1560.32,0.0,0.0,0.0,0.0
2012-09-25,1562.36,0.0,0.0,0.0,0.0
2012-09-24,1572.73,0.0,0.0,0.0,0.0
2012-09-21,1552.04,0.0,0.0,0.0,0.0
2012-09-20,1563.75,0.0,0.0,0.0,0.0
2012-09-19,1555.43,0.0,0.0,0.0,0.0
2012-09-18,1586.87,0.0,0.0,0.0,0.0
2012-09-17,1594.6,0.0,0.0,0.0,0.0
2012-09-14,1602.03,0.0,0.0,0.0,0.0
2012-09-13,1573.69,0.0,0.0,0.0,0.0
2012-09-12,1518.78,0.0,0.0,0.0,0.0
2012-09-11,1492.2,0.0,0.0,0.0,0.0
2012-09-10,1456.37,0.0,0.0,0.0,0.0
2012-09-07,1448.64,0.0,0.0,0.0,0.0
2012-09-06,1443.05,0.0,0.0,0.0,0.0
2012-09-05,1417.8,0.0,0.0,0.0,0.0
2012-09-04,1406.0,0.0,0.0,0.0,0.0
2012-08-31,1425.33,0.0,0.0,0.0,0.0
2012-08-30,1444.54,0.0,0.0,0.0,0.0
2012-08-29,1454.75,0.0,0.0,0.0,0.0
2012-08-28,1467.57,0.0,0.0,0.0,0.0
2012-08-27,1473.05,0.0,0.0,0.0,0.0
2012-08-24,1460.91,0.0,0.0,0.0,0.0
2012-08-23,1466.21,0.0,0.0,0.0,0.0
2012-08-22,1479.65,0.0,0.0,0.0,0.0
2012-08-21,1463.07,0.0,0.0,0.0,0.0
2012-08-20,1483.59,0.0,0.0,0.0,0.0
2012-08-17,1479.63,0.0,0.0,0.0,0.0
2012-08-16,1475.77,0.0,0.0,0.0,0.0
2012-08-15,1447.19,0.0,0.0,0.0,0.0
2012-08-14,1436.72,0.0,0.0,0.0,0.0
2012-08-13,1443.24,0.0,0.0,0.0,0.0
2012-08-10,1451.13,0.0,0.0,0.0,0.0
2012-08-09,1449.86,0.0,0.0,0.0,0.0
2012-08-08,1457.15,0.0,0.0,0.0,0.0
2012-08-07,1397.67,0.0,0.0,0.0,0.0
2012-08-06,1379.1,0.0,0.0,0.0,0.0
2012-08-03,1369.11,0.0,0.0,0.0,0.0
2012-08-02,1343.88,0.0,0.0,0.0,0.0
2012-08-01,1359.92,0.0,0.0,0.0,0.0
2012-07-31,1340.91,0.0,0.0,0.0,0.0
2012-07-30,1399.0,0.0,0.0,0.0,0.0
2012-07-27,1385.95,0.0,0.0,0.0,0.0
2012-07-26,1310.89,0.0,0.0,0.0,0.0
2012-07-25,1291.97,0.0,0.0,0.0,0.0
2012-07-24,1289.67,0.0,0.0,0.0,0.0
2012-07-23,1294.81,0.0,0.0,0.0,0.0
2012-07-20,1315.46,0.0,0.0,0.0,0.0
2012-07-19,1340.06,0.0,0.0,0.0,0.0
2012-07-18,1325.89,0.0,0.0,0.0,0.0
2012-07-17,1314.26,0.0,0.0,0.0,0.0
2012-07-16,1323.62,0.0,0.0,0.0,0.0
2012-07-13,1347.79,0.0,0.0,0.0,0.0
2012-07-12,1271.9,0.0,0.0,0.0,0.0
2012-07-11,1283.79,0.0,0.0,0.0,0.0
2012-07-10,1271.58,0.0,0.0,0.0,0.0
2012-07-09,1331.43,0.0,0.0,0.0,0.0
2012-07-06,1322.62,0.0,0.0,0.0,0.0
2012-07-05,1345.87,0.0,0.0,0.0,0.0
2012-07-03,1324.48,0.0,0.0,0.0,0.0
2012-07-02,1273.28,0.0,0.0,0.0,0.0
2012-06-29,1254.36,0.0,0.0,0.0,0.0
2012-06-28,1209.51,0.0,0.0,0.0,0.0
2012-06-27,1227.08,0.0,0.0,0.0,0.0
2012-06-26,1277.95,0.0,0.0,0.0,0.0
2012-06-25,1267.49,0.0,0.0,0.0,0.0
2012-06-22,1394.06,0.0,0.0,0.0,0.0
2012-06-21,1389.68,0.0,0.0,0.0,0.0
2012-06-20,1420.59,0.0,0.0,0.0,0.0
2012-06-19,1405.46,0.0,0.0,0.0,0.0
2012-06-18,1353.21,0.0,0.0,0.0,0.0
2012-06-15,1337.99,0.0,0.0,0.0,0.0
2012-06-14,1296.48,0.0,0.0,0.0,0.0
2012-06-13,1363.39,0.0,0.0,0.0,0.0
2012-06-12,1336.88,0.0,0.0,0.0,0.0
2012-06-11,1336.31,0.0,0.0,0.0,0.0
2012-06-08,1351.61,0.0,0.0,0.0,0.0
2012-06-07,1375.48,0.0,0.0,0.0,0.0
2012-06-06,1385.74,0.0,0.0,0.0,0.0
2012-06-05,1343.49,0.0,0.0,0.0,0.0
2012-06-04,1383.37,0.0,0.0,0.0,0.0
2012-06-01,1356.87,0.0,0.0,0.0,0.0
2012-05-31,1377.85,0.0,0.0,0.0,0.0
2012-05-30,1340.02,0.0,0.0,0.0,0.0
2012-05-29,1379.57,0.0,0.0,0.0,0.0
2012-05-25,1353.31,0.0,0.0,0.0,0.0
2012-05-24,1360.1,0.0,0.0,0.0,0.0
2012-05-23,1360.06,0.0,0.0,0.0,0.0
2012-05-22,1460.8,0.0,0.0,0.0,0.0
2012-05-21,1493.19,0.0,0.0,0.0,0.0
2012-05-18,1403.49,0.0,0.0,0.0,0.0
2012-05-17,1356.61,0.0,0.0,0.0,0.0
2012-05-16,1411.38,0.0,0.0,0.0,0.0
2012-05-15,1370.7,0.0,0.0,0.0,0.0
2012-05-14,1415.1,0.0,0.0,0.0,0.0
2012-05-11,1458.79,0.0,0.0,0.0,0.0
2012-05-10,1468.36,0.0,0.0,0.0,0.0
2012-05-09,1487.31,0.0,0.0,0.0,0.0
2012-05-08,1491.27,0.0,0.0,0.0,0.0
2012-05-07,1513.1,0.0,0.0,0.0,0.0
2012-05-04,1511.18,0.0,0.0,0.0,0.0
2012-05-03,1551.18,0.0,0.0,0.0,0.0
2012-05-02,1619.87,0.0,0.0,0.0,0.0
2012-05-01,1559.21,0.0,0.0,0.0,0.0
2012-04-30,1571.19,0.0,0.0,0.0,0.0
2012-04-27,1544.77,0.0,0.0,0.0,0.0
2012-04-26,1559.17,0.0,0.0,0.0,0.0
2012-04-25,1549.31,0.0,0.0,0.0,0.0
2012-04-24,1548.78,0.0,0.0,0.0,0.0
2012-04-23,1541.39,0.0,0.0,0.0,0.0
2012-04-20,1557.06,0.0,0.0,0.0,0.0
2012-04-19,1553.86,0.0,0.0,0.0,0.0
2012-04-18,1597.0,0.0,0.0,0.0,0.0
2012-04-17,1590.44,0.0,0.0,0.0,0.0
2012-04-16,1583.99,0.0,0.0,0.0,0.0
2012-04-13,1585.4,0.0,0.0,0.0,0.0
2012-04-12,1612.99,0.0,0.0,0.0,0.0
2012-04-11,1568.32,0.0,0.0,0.0,0.0
2012-04-10,1548.12,0.0,0.0,0.0,0.0
2012-04-09,1581.54,0.0,0.0,0.0,0.0
2012-04-05,1617.15,0.0,0.0,0.0,0.0
2012-04-04,1599.6,0.0,0.0,0.0,0.0
2012-04-03,1658.02,0.0,0.0,0.0,0.0
2012-04-02,1709.43,0.0,0.0,0.0,0.0
2012-03-30,1714.37,0.0,0.0,0.0,0.0
2012-03-29,1699.29,0.0,0.0,0.0,0.0
2012-03-28,1718.53,0.0,0.0,0.0,0.0
2012-03-27,1748.98,0.0,0.0,0.0,0.0
2012-03-26,1773.5,0.0,0.0,0.0,0.0
2012-03-23,1736.72,0.0,0.0,0.0,0.0
2012-03-22,1748.18,0.0,0.0,0.0,0.0
2012-03-21,1770.18,0.0,0.0,0.0,0.0
2012-03-20,1778.57,0.0,0.0,0.0,0.0
2012-03-19,1811.27,0.0,0.0,0.0,0.0
2012-03-16,1786.88,0.0,0.0,0.0,0.0
2012-03-15,1775.18,0.0,0.0,0.0,0.0
2012-03-14,1809.58,0.0,0.0,0.0,0.0
2012-03-13,1801.31,0.0,0.0,0.0,0.0
2012-03-12,1717.57,0.0,0.0,0.0,0.0
2012-03-09,1766.14,0.0,0.0,0.0,0.0
2012-03-08,1763.25,0.0,0.0,0.0,0.0
2012-03-07,1768.34,0.0,0.0,0.0,0.0
2012-03-06,1757.57,0.0,0.0,0.0,0.0
2012-03-05,1822.44,0.0,0.0,0.0,0.0
2012-03-02,1869.42,0.0,0.0,0.0,0.0
2012-03-01,1840.72,0.0,0.0,0.0,0.0
2012-02-29,1800.9,0.0,0.0,0.0,0.0
2012-02-28,1795.43,0.0,0.0,0.0,0.0
2012-02-27,1803.83,0.0,0.0,0.0,0.0
2012-02-24,1827.06,0.0,0.0,0.0,0.0
2012-02-23,1793.4,0.0,0.0,0.0,0.0
2012-02-22,1782.71,0.0,0.0,0.0,0.0
2012-02-21,1783.38,0.0,0.0,0.0,0.0
2012-02-17,1784.63,0.0,0.0,0.0,0.0
2012-02-16,1762.82,0.0,0.0,0.0,0.0
2012-02-15,1733.43,0.0,0.0,0.0,0.0
2012-02-14,1738.36,0.0,0.0,0.0,0.0
2012-02-13,1801.49,0.0,0.0,0.0,0.0
2012-02-10,1742.45,0.0,0.0,0.0,0.0
2012-02-09,1880.86,0.0,0.0,0.0,0.0
2012-02-08,1884.19,0.0,0.0,0.0,0.0
2012-02-07,1896.96,0.0,0.0,0.0,0.0
2012-02-06,1857.73,0.0,0.0,0.0,0.0
2012-02-03,1822.73,0.0,0.0,0.0,0.0
2012-02-02,1815.91,0.0,0.0,0.0,0.0
2012-02-01,1856.58,0.0,0.0,0.0,0.0
2012-01-31,1816.28,0.0,0.0,0.0,0.0
2012-01-30,1807.19,0.0,0.0,0.0,0.0
2012-01-27,1808.25,0.0,0.0,0.0,0.0
2012-01-26,1846.16,0.0,0.0,0.0,0.0
2012-01-25,1864.33,0.0,0.0,0.0,0.0
2012-01-24,1857.93,0.0,0.0,0.0,0.0
2012-01-23,1845.06,0.0,0.0,0.0,0.0
2012-01-20,1773.74,0.0,0.0,0.0,0.0
2012-01-19,1781.97,0.0,0.0,0.0,0.0
2012-01-18,1788.36,0.0,0.0,0.0,0.0
2012-01-17,1757.46,0.0,0.0,0.0,0.0
2012-01-13,1685.08,0.0,0.0,0.0,0.0
2012-01-12,1684.66,0.0,0.0,0.0,0.0
2012-01-11,1675.04,0.0,0.0,0.0,0.0
2012-01-10,1668.0,0.0,0.0,0.0,0.0
2012-01-09,1643.53,0.0,0.0,0.0,0.0
2012-01-06,1632.2,0.0,0.0,0.0,0.0
2012-01-05,1632.39,0.0,0.0,0.0,0.0
2012-01-04,1652.68,0.0,0.0,0.0,0.0
2012-01-03,1636.34,0.0,0.0,0.0,0.0
2011-12-30,1571.09,0.0,0.0,0.0,0.0
2011-12-29,1569.87,0.0,0.0,0.0,0.0
2011-12-28,1559.83,0.0,0.0,0.0,0.0
2011-12-27,1620.11,0.0,0.0,0.0,0.0
2011-12-23,1616.6,0.0,0.0,0.0,0.0
2011-12-22,1611.32,0.0,0.0,0.0,0.0
2011-12-21,1593.73,0.0,0.0,0.0,0.0
2011-12-20,1615.32,0.0,0.0,0.0,0.0
2011-12-19,1538.25,0.0,0.0,0.0,0.0
2011-12-16,1551.27,0.0,0.0,0.0,0.0
2011-12-15,1568.49,0.0,0.0,0.0,0.0
2011-12-14,1591.11,0.0,0.0,0.0,0.0
2011-12-13,1652.31,0.0,0.0,0.0,0.0
2011-12-12,1649.26,0.0,0.0,0.0,0.0
2011-12-09,1674.36,0.0,0.0,0.0,0.0
2011-12-08,1664.6,0.0,0.0,0.0,0.0
2011-12-07,1715.4,0.0,0.0,0.0,0.0
2011-12-06,1711.61,0.0,0.0,0.0,0.0
2011-12-05,1697.75,0.0,0.0,0.0,0.0
2011-12-02,1661.75,0.0,0.0,0.0,0.0
2011-12-01,1666.91,0.0,0.0,0.0,0.0
2011-11-30,1633.43,0.0,0.0,0.0,0.0
2011-11-29,1576.42,0.0,0.0,0.0,0.0
2011-11-28,1588.15,0.0,0.0,0.0,0.0
2011-11-25,1557.8,0.0,0.0,0.0,0.0
2011-11-23,1593.72,0.0,0.0,0.0,0.0
2011-11-22,1600.18,0.0,0.0,0.0,0.0
2011-11-21,1591.06,0.0,0.0,0.0,0.0
2011-11-18,1609.41,0.0,0.0,0.0,0.0
2011-11-17,1601.44,0.0,0.0,0.0,0.0
2011-11-16,1633.39,0.0,0.0,0.0,0.0
2011-11-15,1614.43,0.0,0.0,0.0,0.0
2011-11-14,1616.03,0.0,0.0,0.0,0.0
2011-11-11,1609.9,0.0,0.0,0.0,0.0
2011-11-10,1574.1,0.0,0.0,0.0,0.0
2011-11-09,1599.61,0.0,0.0,0.0,0.0
2011-11-08,1640.02,0.0,0.0,0.0,0.0
2011-11-07,1667.85,0.0,0.0,0.0,0.0
2011-11-04,1626.34,0.0,0.0,0.0,0.0
2011-11-03,1607.74,0.0,0.0,0.0,0.0
2011-11-02,1558.62,0.0,0.0,0.0,0.0
2011-11-01,1551.42,0.0,0.0,0.0,0.0
2011-10-31,1599.47,0.0,0.0,0.0,0.0
2011-10-28,1580.13,0.0,0.0,0.0,0.0
2011-10-27,1547.24,0.0,0.0,0.0,0.0
2011-10-26,1489.89,0.0,0.0,0.0,0.0
2011-10-25,1486.44,0.0,0.0,0.0,0.0
2011-10-24,1456.54,0.0,0.0,0.0,0.0
2011-10-21,1437.2,0.0,0.0,0.0,0.0
2011-10-20,1392.96,0.0,0.0,0.0,0.0
2011-10-19,1441.8,0.0,0.0,0.0,0.0
2011-10-18,1433.26,0.0,0.0,0.0,0.0
2011-10-17,1439.23,0.0,0.0,0.0,0.0
2011-10-14,1446.83,0.0,0.0,0.0,0.0
2011-10-13,1426.69,0.0,0.0,0.0,0.0
2011-10-12,1419.87,0.0,0.0,0.0,0.0
2011-10-11,1428.47,0.0,0.0,0.0,0.0
2011-10-10,1410.17,0.0,0.0,0.0,0.0
2011-10-07,1354.48,0.0,0.0,0.0,0.0
2011-10-06,1366.84,0.0,0.0,0.0,0.0
2011-10-05,1330.01,0.0,0.0,0.0,0.0
2011-10-04,1338.8,0.0,0.0,0.0,0.0
2011-10-03,1353.43,0.0,0.0,0.0,0.0
2011-09-30,1423.68,0.0,0.0,0.0,0.0
2011-09-29,1440.42,0.0,0.0,0.0,0.0
2011-09-28,1447.66,0.0,0.0,0.0,0.0
2011-09-27,1453.56,0.0,0.0,0.0,0.0
2011-09-26,1440.26,0.0,0.0,0.0,0.0
2011-09-23,1386.66,0.0,0.0,0.0,0.0
2011-09-22,1464.73,0.0,0.0,0.0,0.0
2011-09-21,1553.88,0.0,0.0,0.0,0.0
2011-09-20,1521.62,0.0,0.0,0.0,0.0
2011-09-19,1549.92,0.0,0.0,0.0,0.0
2011-09-16,1543.37,0.0,0.0,0.0,0.0
2011-09-15,1511.62,0.0,0.0,0.0,0.0
2011-09-14,1499.01,0.0,0.0,0.0,0.0
2011-09-13,1489.39,0.0,0.0,0.0,0.0
2011-09-12,1487.64,0.0,0.0,0.0,0.0
2011-09-09,1472.42,0.0,0.0,0.0,0.0
2011-09-08,1528.7,0.0,0.0,0.0,0.0
2011-09-07,1509.21,0.0,0.0,0.0,0.0
2011-09-06,1506.25,0.0,0.0,0.0,0.0
2011-09-02,1512.63,0.0,0.0,0.0,0.0
2011-09-01,1564.06,0.0,0.0,0.0,0.0
2011-08-31,1534.08,0.0,0.0,0.0,0.0
2011-08-30,1518.63,0.0,0.0,0.0,0.0
2011-08-29,1500.55,0.0,0.0,0.0,0.0
2011-08-26,1449.2,0.0,0.0,0.0,0.0
2011-08-25,1446.97,0.0,0.0,0.0,0.0
2011-08-24,1486.07,0.0,0.0,0.0,0.0
2011-08-23,1464.13,0.0,0.0,0.0,0.0
2011-08-22,1437.68,0.0,0.0,0.0,0.0
2011-08-19,1454.49,0.0,0.0,0.0,0.0
2011-08-18,1476.03,0.0,0.0,0.0,0.0
2011-08-17,1542.46,0.0,0.0,0.0,0.0
2011-08-16,1535.07,0.0,0.0,0.0,0.0
2011-08-15,1547.01,0.0,0.0,0.0,0.0
2011-08-12,1494.03,0.0,0.0,0.0,0.0
2011-08-11,1492.55,0.0,0.0,0.0,0.0
2011-08-10,1458.85,0.0,0.0,0.0,0.0
2011-08-09,1369.09,0.0,0.0,0.0,0.0
2011-08-08,1385.43,0.0,0.0,0.0,0.0
2011-08-05,1487.13,0.0,0.0,0.0,0.0
2011-08-04,1537.63,0.0,0.0,0.0,0.0
2011-08-03,1644.29,0.0,0.0,0.0,0.0
2011-08-02,1706.87,0.0,0.0,0.0,0.0
2011-08-01,1747.47,0.0,0.0,0.0,0.0
2011-07-29,1726.45,0.0,0.0,0.0,0.0
2011-07-28,1733.3,0.0,0.0,0.0,0.0
2011-07-27,1726.16,0.0,0.0,0.0,0.0
2011-07-26,1758.91,0.0,0.0,0.0,0.0
2011-07-25,1744.64,0.0,0.0,0.0,0.0
2011-07-22,1713.42,0.0,0.0,0.0,0.0
2011-07-21,1716.09,0.0,0.0,0.0,0.0
2011-07-20,1676.86,0.0,0.0,0.0,0.0
2011-07-19,1684.36,0.0,0.0,0.0,0.0
2011-07-18,1686.4,0.0,0.0,0.0,0.0
2011-07-15,1713.84,0.0,0.0,0.0,0.0
2011-07-14,1718.05,0.0,0.0,0.0,0.0
2011-07-13,1749.46,0.0,0.0,0.0,0.0
2011-07-12,1729.26,0.0,0.0,0.0,0.0
2011-07-11,1726.39,0.0,0.0,0.0,0.0
2011-07-08,1752.42,0.0,0.0,0.0,0.0
2011-07-07,1772.22,0.0,0.0,0.0,0.0
2011-07-06,1770.4,0.0,0.0,0.0,0.0
2011-07-05,1766.34,0.0,0.0,0.0,0.0
2011-07-01,1774.99,0.0,0.0,0.0,0.0
2011-06-30,1765.58,0.0,0.0,0.0,0.0
2011-06-29,1733.28,0.0,0.0,0.0,0.0
2011-06-28,1734.66,0.0,0.0,0.0,0.0
2011-06-27,1714.82,0.0,0.0,0.0,0.0
2011-06-24,1713.81,0.0,0.0,0.0,0.0
2011-06-23,1731.13,0.0,0.0,0.0,0.0
2011-06-22,1735.44,0.0,0.0,0.0,0.0
2011-06-21,1728.9,0.0,0.0,0.0,0.0
2011-06-20,1715.48,0.0,0.0,0.0,0.0
2011-06-17,1728.13,0.0,0.0,0.0,0.0
2011-06-16,1723.09,0.0,0.0,0.0,0.0
2011-06-15,1742.03,0.0,0.0,0.0,0.0
2011-06-14,1759.33,0.0,0.0,0.0,0.0
2011-06-13,1731.73,0.0,0.0,0.0,0.0
2011-06-10,1767.82,0.0,0.0,0.0,0.0
2011-06-09,1769.18,0.0,0.0,0.0,0.0
2011-06-08,1740.96,0.0,0.0,0.0,0.0
2011-06-07,1731.55,0.0,0.0,0.0,0.0
2011-06-06,1737.55,0.0,0.0,0.0,0.0
2011-06-03,1780.43,0.0,0.0,0.0,0.0
2011-06-02,1784.21,0.0,0.0,0.0,0.0
2011-06-01,1802.25,0.0,0.0,0.0,0.0
2011-05-31,1804.97,0.0,0.0,0.0,0.0
2011-05-27,1816.48,0.0,0.0,0.0,0.0
2011-05-26,1808.41,0.0,0.0,0.0,0.0
2011-05-25,1790.81,0.0,0.0,0.0,0.0
2011-05-24,1783.51,0.0,0.0,0.0,0.0
2011-05-23,1767.2,0.0,0.0,0.0,0.0
2011-05-20,1795.71,0.0,0.0,0.0,0.0
2011-05-19,1769.71,0.0,0.0,0.0,0.0
2011-05-18,1793.07,0.0,0.0,0.0,0.0
2011-05-17,1802.6,0.0,0.0,0.0,0.0
2011-05-16,1791.46,0.0,0.0,0.0,0.0
2011-05-13,1756.04,0.0,0.0,0.0,0.0
2011-05-12,1762.88,0.0,0.0,0.0,0.0
2011-05-11,1788.99,0.0,0.0,0.0,0.0
2011-05-10,1825.15,0.0,0.0,0.0,0.0
2011-05-09,1812.46,0.0,0.0,0.0,0.0
2011-05-06,1806.78,0.0,0.0,0.0,0.0
2011-05-05,1817.0,0.0,0.0,0.0,0.0
2011-05-04,1890.98,0.0,0.0,0.0,0.0
2011-05-03,1883.23,0.0,0.0,0.0,0.0
2011-05-02,1933.3,0.0,0.0,0.0,0.0
2011-04-29,1922.8,0.0,0.0,0.0,0.0
2011-04-28,1886.41,0.0,0.0,0.0,0.0
2011-04-27,1910.94,0.0,0.0,0.0,0.0
2011-04-26,1946.27,0.0,0.0,0.0,0.0
2011-04-25,1949.67,0.0,0.0,0.0,0.0
2011-04-21,1964.65,0.0,0.0,0.0,0.0
2011-04-20,1963.4,0.0,0.0,0.0,0.0
2011-04-19,1908.6,0.0,0.0,0.0,0.0
2011-04-18,1880.01,0.0,0.0,0.0,0.0
2011-04-15,2003.62,0.0,0.0,0.0,0.0
2011-04-14,1950.21,0.0,0.0,0.0,0.0
2011-04-13,1974.19,0.0,0.0,0.0,0.0
2011-04-12,2021.37,0.0,0.0,0.0,0.0
2011-04-11,2084.58,0.0,0.0,0.0,0.0
2011-04-08,2106.43,0.0,0.0,0.0,0.0
2011-04-07,2108.89,0.0,0.0,0.0,0.0
2011-04-06,2145.79,0.0,0.0,0.0,0.0
2011-04-05,2144.44,0.0,0.0,0.0,0.0
2011-04-04,2149.17,0.0,0.0,0.0,0.0
2011-04-01,2147.51,0.0,0.0,0.0,0.0
2011-03-31,2153.17,0.0,0.0,0.0,0.0
2011-03-30,2125.92,0.0,0.0,0.0,0.0
2011-03-29,2120.87,0.0,0.0,0.0,0.0
2011-03-28,2140.29,0.0,0.0,0.0,0.0
2011-03-25,2170.71,0.0,0.0,0.0,0.0
2011-03-24,2150.33,0.0,0.0,0.0,0.0
2011-03-23,2157.46,0.0,0.0,0.0,0.0
2011-03-22,2133.38,0.0,0.0,0.0,0.0
2011-03-21,2102.59,0.0,0.0,0.0,0.0
2011-03-18,2079.51,0.0,0.0,0.0,0.0
2011-03-17,2105.32,0.0,0.0,0.0,0.0
2011-03-16,2087.04,0.0,0.0,0.0,0.0
2011-03-15,2093.39,0.0,0.0,0.0,0.0
2011-03-14,2107.81,0.0,0.0,0.0,0.0
2011-03-11,2107.56,0.0,0.0,0.0,0.0
2011-03-10,2104.05,0.0,0.0,0.0,0.0
2011-03-09,2145.6,0.0,0.0,0.0,0.0
2011-03-08,2190.38,0.0,0.0,0.0,0.0
2011-03-07,2190.38,0.0,0.0,0.0,0.0
2011-03-04,2203.36,0.0,0.0,0.0,0.0
2011-03-03,2163.29,0.0,0.0,0.0,0.0
2011-03-02,2167.81,0.0,0.0,0.0,0.0
2011-03-01,2116.87,0.0,0.0,0.0,0.0
2011-02-28,2144.44,0.0,0.0,0.0,0.0
2011-02-25,2142.64,0.0,0.0,0.0,0.0
2011-02-24,2120.77,0.0,0.0,0.0,0.0
2011-02-23,2150.69,0.0,0.0,0.0,0.0
2011-02-22,2080.24,0.0,0.0,0.0,0.0
2011-02-18,2024.91,0.0,0.0,0.0,0.0
2011-02-17,2021.19,0.0,0.0,0.0,0.0
2011-02-16,2032.33,0.0,0.0,0.0,0.0
2011-02-15,2005.32,0.0,0.0,0.0,0.0
2011-02-14,1988.18,0.0,0.0,0.0,0.0
2011-02-11,1957.75,0.0,0.0,0.0,0.0
2011-02-10,1948.23,0.0,0.0,0.0,0.0
2011-02-09,1929.02,0.0,0.0,0.0,0.0
2011-02-08,1977.9,0.0,0.0,0.0,0.0
2011-02-07,1997.78,0.0,0.0,0.0,0.0
2011-02-04,2025.06,0.0,0.0,0.0,0.0
2011-02-03,2061.53,0.0,0.0,0.0,0.0
2011-02-02,2042.15,0.0,0.0,0.0,0.0
2011-02-01,2039.37,0.0,0.0,0.0,0.0
2011-01-31,1983.17,0.0,0.0,0.0,0.0
2011-01-28,1968.56,0.0,0.0,0.0,0.0
2011-01-27,1985.78,0.0,0.0,0.0,0.0
2011-01-26,1988.88,0.0,0.0,0.0,0.0
2011-01-25,1999.11,0.0,0.0,0.0,0.0
2011-01-24,1998.7,0.0,0.0,0.0,0.0
2011-01-21,2012.76,0.0,0.0,0.0,0.0
2011-01-20,2026.58,0.0,0.0,0.0,0.0
2011-01-19,2036.55,0.0,0.0,0.0,0.0
2011-01-18,2069.36,0.0,0.0,0.0,0.0
2011-01-14,2064.08,0.0,0.0,0.0,0.0
2011-01-13,2047.61,0.0,0.0,0.0,0.0
2011-01-12,2092.4,0.0,0.0,0.0,0.0
2011-01-11,2033.67,0.0,0.0,0.0,0.0
2011-01-10,2029.02,0.0,0.0,0.0,0.0
2011-01-07,2022.61,0.0,0.0,0.0,0.0
2011-01-06,2037.58,0.0,0.0,0.0,0.0
2011-01-05,2053.92,0.0,0.0,0.0,0.0
2011-01-04,2011.85,0.0,0.0,0.0,0.0
2011-01-03,2020.23,0.0,0.0,0.0,0.0
2010-12-31,2045.82,0.0,0.0,0.0,0.0
2010-12-30,2039.25,0.0,0.0,0.0,0.0
2010-12-29,2013.0,0.0,0.0,0.0,0.0
2010-12-28,1997.17,0.0,0.0,0.0,0.0
2010-12-27,1935.33,0.0,0.0,0.0,0.0
2010-12-23,1916.6,0.0,0.0,0.0,0.0
2010-12-22,1922.65,0.0,0.0,0.0,0.0
2010-12-21,1903.96,0.0,0.0,0.0,0.0
2010-12-20,1894.28,0.0,0.0,0.0,0.0
2010-12-17,1922.35,0.0,0.0,0.0,0.0
2010-12-16,1874.02,0.0,0.0,0.0,0.0
2010-12-15,1901.89,0.0,0.0,0.0,0.0
2010-12-14,1920.79,0.0,0.0,0.0,0.0
2010-12-13,1917.86,0.0,0.0,0.0,0.0
2010-12-10,1898.33,0.0,0.0,0.0,0.0
2010-12-09,1900.79,0.0,0.0,0.0,0.0
2010-12-08,1870.03,0.0,0.0,0.0,0.0
2010-12-07,1897.06,0.0,0.0,0.0,0.0
2010-12-06,1916.28,0.0,0.0,0.0,0.0
2010-12-03,1918.69,0.0,0.0,0.0,0.0
2010-12-02,1900.69,0.0,0.0,0.0,0.0
2010-12-01,1901.81,0.0,0.0,0.0,0.0
2010-11-30,1842.84,0.0,0.0,0.0,0.0
2010-11-29,1847.64,0.0,0.0,0.0,0.0
2010-11-26,1855.52,0.0,0.0,0.0,0.0
2010-11-24,1898.82,0.0,0.0,0.0,0.0
2010-11-23,1865.43,0.0,0.0,0.0,0.0
2010-11-22,1889.57,0.0,0.0,0.0,0.0
2010-11-19,1934.13,0.0,0.0,0.0,0.0
2010-11-18,1946.24,0.0,0.0,0.0,0.0
2010-11-17,1915.94,0.0,0.0,0.0,0.0
2010-11-16,1919.95,0.0,0.0,0.0,0.0
2010-11-15,1939.54,0.0,0.0,0.0,0.0
2010-11-12,1943.83,0.0,0.0,0.0,0.0
2010-11-11,1990.09,0.0,0.0,0.0,0.0
2010-11-10,2020.66,0.0,0.0,0.0,0.0
2010-11-09,2039.64,0.0,0.0,0.0,0.0
2010-11-08,2067.94,0.0,0.0,0.0,0.0
2010-11-05,2042.54,0.0,0.0,0.0,0.0
2010-11-04,2058.7,0.0,0.0,0.0,0.0
2010-11-03,2012.88,0.0,0.0,0.0,0.0
2010-11-02,1989.21,0.0,0.0,0.0,0.0
2010-11-01,1988.16,0.0,0.0,0.0,0.0
2010-10-29,1949.66,0.0,0.0,0.0,0.0
2010-10-28,1950.97,0.0,0.0,0.0,0.0
2010-10-27,1963.61,0.0,0.0,0.0,0.0
2010-10-26,1936.74,0.0,0.0,0.0,0.0
2010-10-25,1849.44,0.0,0.0,0.0,0.0
2010-10-22,1852.58,0.0,0.0,0.0,0.0
2010-10-21,1848.46,0.0,0.0,0.0,0.0
2010-10-20,1890.35,0.0,0.0,0.0,0.0
2010-10-19,1887.78,0.0,0.0,0.0,0.0
2010-10-18,1995.48,0.0,0.0,0.0,0.0
2010-10-15,1980.07,0.0,0.0,0.0,0.0
2010-10-14,1994.54,0.0,0.0,0.0,0.0
2010-10-13,1947.43,0.0,0.0,0.0,0.0
2010-10-12,1955.28,0.0,0.0,0.0,0.0
2010-10-11,1962.15,0.0,0.0,0.0,0.0
2010-10-08,1951.2,0.0,0.0,0.0,0.0
2010-10-07,1931.72,0.0,0.0,0.0,0.0
2010-10-06,1968.31,0.0,0.0,0.0,0.0
2010-10-05,2014.55,0.0,0.0,0.0,0.0
2010-10-04,2072.84,0.0,0.0,0.0,0.0
2010-10-01,2062.63,0.0,0.0,0.0,0.0
2010-09-30,2034.34,0.0,0.0,0.0,0.0
