Date,Price US$,Daily %,Monthly %
2018-08-24,20.73,0.97,-6.41
2018-08-23,20.53,-1.11,-7.31
2018-08-22,20.76,0.05,-6.28
2018-08-21,20.75,-1.66,-6.32
2018-08-20,21.1,-1.49,-4.74
2018-08-17,21.42,-0.88,-3.3
2018-08-16,21.61,0.37,-2.44
2018-08-15,21.53,-0.55,-2.8
2018-08-14,21.65,2.36,-2.26
2018-08-13,21.15,-1.95,-4.51
2018-08-10,21.57,-0.83,-2.62
2018-08-09,21.75,-0.64,-1.81
2018-08-08,21.89,0.55,-1.17
2018-08-07,21.77,0.18,-1.72
2018-08-06,21.73,-1.76,-1.9
2018-08-03,22.12,,
2018-08-02,21.97,,
2018-08-01,22.03,,
2018-07-31,22.15,,
2018-07-30,22.0,,
2018-07-27,22.05,,
2018-07-26,21.82,,
2018-07-25,22.07,,
2018-07-24,21.86,,
2018-07-23,21.76,,
2018-07-20,21.87,,
2018-07-19,21.52,,
2018-07-18,21.59,,
2018-07-17,21.63,,
2018-07-16,21.27,,
2018-07-13,21.24,,
2018-07-12,21.09,,
2018-07-11,20.95,,
2018-07-10,21.51,,
2018-07-09,21.09,,
2018-07-06,20.99,,
2018-07-05,20.65,,
2018-07-04,20.71,,
2018-07-03,20.86,,
2018-07-02,20.71,,
2018-06-29,20.75,,
2018-06-28,20.67,,
2018-06-27,20.3,,
2018-06-26,20.43,,
2018-06-25,20.55,,
2018-06-22,20.72,,
2018-06-21,20.74,,
2018-06-20,20.44,,
2018-06-19,20.63,,
2018-06-18,20.6,,
2018-06-15,20.7,,
2018-06-14,20.13,,
2018-06-13,20.53,,
2018-06-12,20.52,,
2018-06-11,20.75,,
2018-06-08,21.41,,
2018-06-07,20.58,,
2018-06-06,21.12,,
2018-06-05,21.15,,
2018-06-04,21.44,,
2018-06-01,21.44,,
2018-05-30,21.5,,
2018-05-29,21.45,,
2018-05-28,21.4,,
2018-05-25,21.82,,
2018-05-24,21.97,,
2018-05-23,22.15,,
2018-05-22,22.07,,
2018-05-21,21.83,,
2018-05-18,21.45,,
2018-05-17,21.41,,
2018-05-16,21.65,,
2018-05-15,21.96,,
2018-05-14,22.23,,
2018-05-11,22.18,,
2018-05-10,22.59,,
2018-05-09,22.35,,
2018-05-08,22.52,,
2018-05-07,22.52,,
2018-05-04,23.05,,
2018-05-03,23.0,,
2018-05-02,22.88,,
2018-04-30,23.17,,
2018-04-27,23.45,,
2018-04-26,23.4,,
2018-04-25,23.25,,
2018-04-24,23.2,,
2018-04-23,23.14,,
2018-04-20,23.29,,
2018-04-19,23.28,,
2018-04-18,23.6,,
2018-04-17,23.48,,
2018-04-16,23.54,,
2018-04-13,23.57,,
2018-04-12,23.56,,
2018-04-11,23.67,,
2018-04-10,23.67,,
2018-04-09,23.74,,
2018-04-06,23.47,,
2018-04-05,23.36,,
2018-04-04,22.86,,
2018-04-03,22.94,,
2018-04-02,22.82,,
2018-03-29,22.74,,
2018-03-28,22.41,,
2018-03-27,22.29,,
2018-03-26,22.33,,
2018-03-23,22.01,,
2018-03-22,22.12,,
2018-03-21,22.22,,
2018-03-20,21.96,,
2018-03-19,22.21,,
2018-03-16,22.61,,
2018-03-15,22.42,,
2018-03-14,22.51,,
2018-03-13,22.58,,
2018-03-12,22.54,,
2018-03-09,22.75,,
2018-03-08,22.78,,
2018-03-07,22.76,,
2018-03-06,23.04,,
2018-03-05,22.72,,
2018-03-02,22.61,,
2018-03-01,22.36,,
2018-02-28,22.31,,
2018-02-27,22.01,,
2018-02-26,22.06,,
2018-02-23,21.95,,
2018-02-22,21.96,,
2018-02-21,21.75,,
2018-02-20,21.56,,
2018-02-19,21.58,,
2018-02-16,21.63,,
2018-02-15,21.38,,
2018-02-14,21.51,,
2018-02-09,20.68,,
2018-02-08,20.79,,
2018-02-07,20.74,,
2018-02-06,20.81,,
2018-02-05,20.71,,
2018-02-02,20.94,,
2018-02-01,21.05,,
2018-01-31,21.0,,
2018-01-30,21.14,,
2018-01-29,21.16,,
2018-01-26,21.17,,
2018-01-25,21.48,,
2018-01-24,21.31,,
2018-01-23,20.9,,
2018-01-22,21.04,,
2018-01-19,20.99,,
2018-01-18,20.97,,
2018-01-17,20.79,,
2018-01-16,20.72,,
2018-01-15,20.99,,
2018-01-12,20.84,,
2018-01-11,20.96,,
2018-01-10,21.0,,
2018-01-09,20.87,,
2018-01-08,21.01,,
2018-01-05,21.0,,
2018-01-04,20.93,,
2018-01-03,21.02,,
2018-01-02,20.87,,
2017-12-28,20.81,,
2017-12-27,20.82,,
2017-12-26,20.8,,
2017-12-22,20.6,,
2017-12-21,20.73,,
2017-12-20,20.88,,
2017-12-19,21.15,,
2017-12-18,21.22,,
2017-12-15,21.28,,
2017-12-14,21.11,,
2017-12-13,21.42,,
2017-12-12,21.34,,
2017-12-11,21.4,,
2017-12-08,21.53,,
2017-12-07,21.67,,
2017-12-06,21.77,,
2017-12-05,21.97,,
2017-12-04,21.78,,
2017-12-01,21.53,,
2017-11-30,21.36,,
2017-11-29,21.33,,
2017-11-28,21.54,,
2017-11-27,21.53,,
2017-11-24,21.56,,
2017-11-23,21.58,,
2017-11-22,21.48,,
2017-11-21,21.35,,
2017-11-20,20.95,,
2017-11-17,21.08,,
2017-11-16,21.1,,
2017-11-14,20.92,,
2017-11-13,21.06,,
2017-11-10,20.99,,
2017-11-09,21.18,,
2017-11-08,21.09,,
2017-11-07,20.97,,
2017-11-06,21.01,,
2017-11-03,20.74,,
2017-11-01,20.8,,
2017-10-31,20.59,,
2017-10-30,20.65,,
2017-10-27,20.9,,
2017-10-26,20.65,,
2017-10-25,20.83,,
2017-10-24,20.57,,
2017-10-23,20.77,,
2017-10-20,20.9,,
2017-10-19,21.02,,
2017-10-18,21.11,,
2017-10-17,21.09,,
2017-10-16,21.18,,
2017-10-13,21.16,,
2017-10-11,20.7,,
2017-10-10,20.73,,
2017-10-09,20.75,,
2017-10-06,20.76,,
2017-10-05,20.68,,
2017-10-04,20.7,,
2017-10-03,20.62,,
2017-10-02,20.66,,
2017-09-29,20.66,,
2017-09-28,20.67,,
2017-09-27,20.57,,
2017-09-26,20.73,,
2017-09-25,20.76,,
2017-09-22,21.0,,
2017-09-21,20.77,,
2017-09-20,20.76,,
2017-09-19,20.68,,
2017-09-18,20.76,,
2017-09-15,20.91,,
2017-09-14,20.88,,
2017-09-13,20.56,,
2017-09-12,20.47,,
2017-09-11,20.75,,
2017-09-08,20.95,,
2017-09-06,20.93,,
2017-09-05,20.78,,
2017-09-04,20.5,,
2017-09-01,20.46,,
2017-08-31,20.26,,
2017-08-30,20.17,,
2017-08-29,20.28,,
2017-08-28,20.27,,
2017-08-25,20.21,,
2017-08-24,20.39,,
2017-08-23,20.42,,
2017-08-22,20.17,,
2017-08-21,20.15,,
2017-08-18,20.26,,
2017-08-17,20.03,,
2017-08-16,20.13,,
2017-08-15,20.01,,
2017-08-14,20.04,,
2017-08-11,20.25,,
2017-08-10,20.34,,
2017-08-09,20.56,,
2017-08-08,20.54,,
2017-08-07,20.4,,
2017-08-04,20.22,,
2017-08-03,20.16,,
2017-08-02,20.5,,
2017-08-01,20.48,,
2017-07-31,20.97,,
2017-07-28,21.17,,
2017-07-27,20.91,,
2017-07-26,20.94,,
2017-07-25,20.81,,
2017-07-24,20.79,,
2017-07-21,21.05,,
2017-07-20,21.04,,
2017-07-19,20.78,,
2017-07-18,20.82,,
2017-07-17,20.54,,
2017-07-14,20.58,,
2017-07-13,20.57,,
2017-07-12,21.03,,
2017-07-11,21.0,,
2017-07-10,20.89,,
2017-07-07,20.49,,
2017-07-06,20.15,,
2017-07-05,20.19,,
2017-07-04,19.97,,
2017-07-03,20.01,,
2017-06-30,19.44,,
2017-06-29,19.09,,
2017-06-28,19.12,,
2017-06-27,18.98,,
2017-06-26,18.86,,
2017-06-23,18.92,,
2017-06-22,19.04,,
2017-06-21,19.28,,
2017-06-20,19.24,,
2017-06-19,19.6,,
2017-06-16,19.5,,
2017-06-14,19.6,,
2017-06-13,19.67,,
2017-06-12,19.44,,
2017-06-09,19.6,,
2017-06-08,19.74,,
2017-06-07,19.31,,
2017-06-06,19.31,,
2017-06-05,19.2,,
2017-06-02,19.13,,
2017-06-01,19.03,,
2017-05-31,19.31,,
2017-05-30,19.19,,
2017-05-29,19.5,,
2017-05-26,19.47,,
2017-05-25,19.64,,
2017-05-24,19.68,,
2017-05-23,19.75,,
2017-05-22,19.8,,
2017-05-19,19.96,,
2017-05-18,19.43,,
2017-05-17,20.25,,
2017-05-16,20.28,,
2017-05-15,20.35,,
2017-05-12,20.3,,
2017-05-11,20.34,,
2017-05-10,20.43,,
2017-05-09,20.39,,
2017-05-08,20.24,,
2017-05-05,20.44,,
2017-05-04,20.24,,
2017-05-03,20.12,,
2017-05-02,20.16,,
2017-04-28,19.94,,
2017-04-27,19.77,,
2017-04-26,19.9,,
2017-04-25,19.9,,
2017-04-24,19.81,,
2017-04-20,19.66,,
2017-04-19,19.53,,
2017-04-18,19.39,,
2017-04-17,19.59,,
2017-04-13,19.51,,
2017-04-12,19.37,,
2017-04-11,19.05,,
2017-04-10,19.19,,
2017-04-07,19.02,,
2017-04-06,18.97,,
2017-04-05,19.25,,
2017-04-04,19.35,,
2017-04-03,19.4,,
2017-03-31,19.75,,
2017-03-30,19.81,,
2017-03-29,19.96,,
2017-03-28,19.83,,
2017-03-27,19.95,,
2017-03-24,20.27,,
2017-03-23,20.42,,
2017-03-22,20.68,,
2017-03-21,20.78,,
2017-03-20,21.02,,
2017-03-17,20.83,,
2017-03-16,20.78,,
2017-03-15,21.12,,
2017-03-14,20.72,,
2017-03-13,20.92,,
2017-03-10,21.15,,
2017-03-09,20.94,,
2017-03-08,21.19,,
2017-03-07,21.36,,
2017-03-06,21.55,,
2017-03-03,21.61,,
2017-03-02,21.34,,
2017-03-01,21.73,,
2017-02-24,21.3,,
2017-02-23,21.57,,
2017-02-22,21.87,,
2017-02-21,21.95,,
2017-02-20,22.06,,
2017-02-17,22.12,,
2017-02-16,22.36,,
2017-02-15,22.52,,
2017-02-14,22.62,,
2017-02-13,22.53,,
2017-02-10,22.48,,
2017-02-09,22.33,,
2017-02-08,22.5,,
2017-02-07,22.24,,
2017-02-06,22.18,,
2017-02-03,22.32,,
2017-02-02,22.26,,
2017-02-01,21.89,,
2017-01-31,22.02,,
2017-01-30,22.3,,
2017-01-27,22.64,,
2017-01-26,22.57,,
2017-01-25,22.6,,
2017-01-24,22.77,,
2017-01-23,22.76,,
2017-01-20,23.18,,
2017-01-19,23.32,,
2017-01-18,23.13,,
2017-01-17,23.06,,
2017-01-16,22.26,,
2017-01-13,22.25,,
2017-01-12,22.27,,
2017-01-11,22.26,,
2017-01-10,21.8,,
2017-01-09,21.96,,
2017-01-06,21.8,,
2017-01-05,22.03,,
2017-01-04,21.95,,
2017-01-03,21.87,,
2017-01-02,22.13,,
2016-12-29,22.33,,
2016-12-28,22.02,,
2016-12-27,22.26,,
2016-12-26,21.96,,
2016-12-23,22.1,,
2016-12-22,22.1,,
2016-12-21,22.13,,
2016-12-20,22.18,,
2016-12-19,22.3,,
2016-12-16,22.27,,
2016-12-15,22.41,,
2016-12-14,22.35,,
2016-12-13,22.57,,
2016-12-12,22.5,,
2016-12-09,22.58,,
2016-12-08,22.31,,
2016-12-07,22.36,,
2016-12-06,22.62,,
2016-12-05,22.45,,
2016-12-02,22.06,,
2016-12-01,22.06,,
2016-11-30,22.54,,
2016-11-29,22.54,,
2016-11-28,22.73,,
2016-11-25,22.6,,
2016-11-24,22.45,,
2016-11-23,22.42,,
2016-11-22,22.43,,
2016-11-21,22.37,,
2016-11-18,21.9,,
2016-11-17,21.74,,
2016-11-16,21.78,,
2016-11-14,21.83,,
2016-11-11,22.36,,
2016-11-10,22.17,,
2016-11-09,22.72,,
2016-11-08,23.08,,
2016-11-07,22.72,,
2016-11-04,22.78,,
2016-11-03,22.75,,
2016-11-01,22.74,,
2016-10-31,23.14,,
2016-10-28,23.27,,
2016-10-27,23.46,,
2016-10-26,23.27,,
2016-10-25,23.55,,
2016-10-24,23.69,,
2016-10-21,23.32,,
2016-10-20,23.6,,
2016-10-19,23.39,,
2016-10-18,23.22,,
2016-10-17,22.93,,
2016-10-14,22.85,,
2016-10-13,22.95,,
2016-10-11,23.07,,
2016-10-10,23.1,,
2016-10-07,23.09,,
2016-10-06,23.1,,
2016-10-05,23.03,,
2016-10-04,22.97,,
2016-10-03,23.58,,
2016-09-30,23.12,,
2016-09-29,23.06,,
2016-09-28,23.25,,
2016-09-27,23.2,,
2016-09-26,23.14,,
2016-09-23,23.42,,
2016-09-22,23.74,,
2016-09-21,23.96,,
2016-09-20,23.82,,
2016-09-19,23.52,,
2016-09-16,23.63,,
2016-09-15,23.32,,
2016-09-14,23.07,,
2016-09-13,23.02,,
2016-09-12,23.74,,
2016-09-09,23.58,,
2016-09-08,23.73,,
2016-09-06,23.49,,
2016-09-05,22.95,,
2016-09-02,23.3,,
2016-09-01,23.26,,
2016-08-31,23.39,,
2016-08-30,23.69,,
2016-08-29,24.13,,
2016-08-26,23.88,,
2016-08-25,24.45,,
2016-08-24,24.75,,
2016-08-23,24.7,,
2016-08-22,24.7,,
2016-08-19,24.56,,
2016-08-18,24.43,,
2016-08-17,24.75,,
2016-08-16,24.24,,
2016-08-15,24.29,,
2016-08-12,23.83,,
2016-08-11,24.14,,
2016-08-10,24.17,,
2016-08-09,24.34,,
2016-08-08,24.22,,
2016-08-05,24.05,,
2016-08-04,24.07,,
2016-08-03,23.94,,
2016-08-02,23.67,,
2016-08-01,23.87,,
2016-07-29,24.35,,
2016-07-28,23.96,,
2016-07-27,24.19,,
2016-07-26,23.89,,
2016-07-25,23.92,,
2016-07-22,24.15,,
2016-07-21,24.6,,
2016-07-20,25.15,,
2016-07-19,25.15,,
2016-07-18,25.54,,
2016-07-15,25.96,,
2016-07-14,26.35,,
2016-07-13,26.25,,
2016-07-12,25.64,,
2016-07-11,25.49,,
2016-07-08,25.26,,
2016-07-07,25.15,,
2016-07-06,25.4,,
2016-07-05,26.04,,
2016-07-04,27.03,,
2016-07-01,27.4,,
2016-06-30,27.0,,
2016-06-29,27.03,,
2016-06-28,27.07,,
2016-06-27,26.5,,
2016-06-24,26.03,,
2016-06-23,26.58,,
2016-06-22,26.67,,
2016-06-21,26.4,,
2016-06-20,26.73,,
2016-06-17,26.92,,
2016-06-16,26.22,,
2016-06-15,26.69,,
2016-06-14,26.59,,
2016-06-13,26.78,,
2016-06-10,26.93,,
2016-06-09,26.97,,
2016-06-08,27.12,,
2016-06-07,26.22,,
2016-06-06,26.27,,
2016-06-03,25.98,,
2016-06-02,25.37,,
2016-06-01,24.8,,
2016-05-31,24.38,,
2016-05-30,24.51,,
2016-05-27,24.24,,
2016-05-25,24.04,,
2016-05-24,23.49,,
2016-05-23,23.45,,
2016-05-20,23.61,,
2016-05-19,23.31,,
2016-05-18,23.14,,
2016-05-17,23.5,,
2016-05-16,23.26,,
2016-05-13,23.17,,
2016-05-12,23.43,,
2016-05-11,23.58,,
2016-05-10,23.31,,
2016-05-09,22.37,,
2016-05-06,22.48,,
2016-05-05,22.26,,
2016-05-04,22.43,,
2016-05-03,22.12,,
2016-05-02,22.41,,
2016-04-29,22.45,,
2016-04-28,22.31,,
2016-04-27,22.02,,
2016-04-26,21.9,,
2016-04-25,21.58,,
2016-04-22,21.2,,
2016-04-20,21.33,,
2016-04-19,20.97,,
2016-04-18,20.34,,
2016-04-15,20.53,,
2016-04-14,20.59,,
2016-04-13,20.59,,
2016-04-12,20.2,,
2016-04-11,20.07,,
2016-04-08,19.77,,
2016-04-07,19.51,,
2016-04-06,19.6,,
2016-04-05,19.44,,
2016-04-04,19.54,,
2016-04-01,19.67,,
2016-03-31,19.35,,
2016-03-30,19.44,,
2016-03-29,19.62,,
2016-03-28,19.39,,
2016-03-24,19.4,,
2016-03-23,19.16,,
2016-03-22,19.39,,
2016-03-21,19.1,,
2016-03-18,19.27,,
2016-03-17,19.16,,
2016-03-16,18.97,,
2016-03-15,18.67,,
2016-03-14,18.89,,
2016-03-11,19.12,,
2016-03-10,19.03,,
2016-03-09,18.86,,
2016-03-08,18.65,,
2016-03-07,18.36,,
2016-03-04,18.15,,
2016-03-03,18.16,,
2016-03-02,18.11,,
2016-03-01,18.22,,
2016-02-29,18.03,,
2016-02-26,18.05,,
2016-02-25,18.29,,
2016-02-24,18.45,,
2016-02-23,18.35,,
2016-02-22,18.64,,
2016-02-19,18.39,,
2016-02-18,18.29,,
2016-02-17,18.61,,
2016-02-16,18.22,,
2016-02-15,18.26,,
2016-02-12,18.28,,
2016-02-11,18.28,,
2016-02-10,18.31,,
2016-02-05,18.49,,
2016-02-04,18.8,,
2016-02-03,19.12,,
2016-02-02,18.91,,
2016-02-01,18.96,,
2016-01-29,18.79,,
2016-01-28,18.86,,
2016-01-27,18.67,,
2016-01-26,18.92,,
2016-01-25,18.82,,
2016-01-22,18.95,,
2016-01-21,18.78,,
2016-01-20,18.92,,
2016-01-19,19.33,,
2016-01-18,19.74,,
2016-01-15,19.7,,
2016-01-14,20.22,,
2016-01-13,20.16,,
2016-01-12,19.9,,
2016-01-11,19.72,,
2016-01-08,19.57,,
2016-01-07,19.49,,
2016-01-06,19.55,,
2016-01-05,19.79,,
2016-01-04,19.3,,
2015-12-30,19.72,,
2015-12-29,20.24,,
2015-12-28,20.06,,
2015-12-23,19.79,,
2015-12-22,19.69,,
2015-12-21,19.46,,
2015-12-18,19.56,,
2015-12-17,19.61,,
2015-12-16,19.63,,
2015-12-15,19.77,,
2015-12-14,19.67,,
2015-12-11,19.75,,
2015-12-10,19.93,,
2015-12-09,20.26,,
2015-12-08,19.92,,
2015-12-07,20.35,,
2015-12-04,20.54,,
2015-12-03,20.52,,
2015-12-02,20.13,,
2015-12-01,19.94,,
2015-11-30,19.73,,
2015-11-27,19.83,,
2015-11-26,19.98,,
2015-11-25,20.04,,
2015-11-24,20.1,,
2015-11-23,19.81,,
2015-11-20,20.12,,
2015-11-19,19.97,,
2015-11-18,20.17,,
2015-11-17,19.93,,
2015-11-16,19.95,,
2015-11-13,19.69,,
2015-11-12,20.12,,
2015-11-11,19.92,,
2015-11-10,20.08,,
2015-11-09,19.94,,
2015-11-06,20.0,,
2015-11-05,20.19,,
2015-11-04,20.03,,
2015-11-03,20.43,,
2015-10-30,20.16,,
2015-10-29,20.28,,
2015-10-28,19.95,,
2015-10-27,20.11,,
2015-10-26,20.0,,
2015-10-23,20.33,,
2015-10-22,20.26,,
2015-10-21,20.14,,
2015-10-20,20.12,,
2015-10-19,20.19,,
2015-10-16,20.39,,
2015-10-15,20.64,,
2015-10-14,20.56,,
2015-10-13,20.09,,
2015-10-09,20.26,,
2015-10-08,20.1,,
2015-10-07,19.77,,
2015-10-06,20.21,,
2015-10-05,19.95,,
2015-10-02,19.84,,
2015-10-01,19.77,,
2015-09-30,19.84,,
2015-09-29,19.65,,
2015-09-28,19.13,,
2015-09-25,19.71,,
2015-09-24,19.67,,
2015-09-23,19.11,,
2015-09-22,19.36,,
2015-09-21,19.36,,
2015-09-18,19.48,,
2015-09-17,19.89,,
2015-09-16,20.0,,
2015-09-15,19.85,,
2015-09-14,20.16,,
2015-09-11,19.47,,
2015-09-10,19.6,,
2015-09-09,19.62,,
2015-09-08,19.66,,
2015-09-04,19.39,,
2015-09-03,19.75,,
2015-09-02,19.6,,
2015-09-01,19.78,,
2015-08-31,20.11,,
2015-08-28,20.27,,
2015-08-27,20.32,,
2015-08-26,20.36,,
2015-08-25,20.13,,
2015-08-24,20.13,,
2015-08-21,20.42,,
2015-08-20,20.59,,
2015-08-19,20.38,,
2015-08-18,20.4,,
2015-08-17,20.38,,
2015-08-14,20.59,,
2015-08-13,20.64,,
2015-08-12,20.88,,
2015-08-11,21.16,,
2015-08-10,21.29,,
2015-08-07,20.85,,
2015-08-06,20.67,,
2015-08-05,20.74,,
2015-08-04,20.7,,
2015-08-03,20.52,,
2015-07-31,20.51,,
2015-07-30,20.75,,
2015-07-29,20.8,,
2015-07-28,20.52,,
2015-07-27,20.54,,
2015-07-24,20.86,,
2015-07-23,21.14,,
2015-07-22,21.23,,
2015-07-21,21.45,,
2015-07-20,21.26,,
2015-07-17,21.31,,
2015-07-16,21.43,,
2015-07-15,21.5,,
2015-07-14,21.43,,
2015-07-13,21.51,,
2015-07-10,21.35,,
2015-07-09,21.1,,
2015-07-08,20.64,,
2015-07-07,20.7,,
2015-07-06,20.99,,
2015-07-03,20.87,,
2015-07-02,21.26,,
2015-07-01,20.85,,
2015-06-30,20.74,,
2015-06-29,20.61,,
2015-06-26,20.58,,
2015-06-25,20.72,,
2015-06-24,20.52,,
2015-06-23,20.6,,
2015-06-22,20.56,,
2015-06-19,20.27,,
2015-06-18,20.51,,
2015-06-17,20.52,,
2015-06-16,20.12,,
2015-06-15,19.67,,
2015-06-12,19.87,,
2015-06-11,20.14,,
2015-06-10,19.99,,
2015-06-09,20.14,,
2015-06-08,20.01,,
2015-06-05,20.13,,
2015-06-03,19.92,,
2015-06-02,19.96,,
2015-06-01,19.67,,
2015-05-29,19.77,,
2015-05-28,19.72,,
2015-05-27,19.81,,
2015-05-26,19.56,,
2015-05-25,19.77,,
2015-05-22,19.82,,
2015-05-21,20.03,,
2015-05-20,20.3,,
2015-05-19,20.28,,
2015-05-18,20.39,,
2015-05-15,20.33,,
2015-05-14,20.42,,
2015-05-13,20.28,,
2015-05-12,20.78,,
2015-05-11,20.6,,
2015-05-08,20.89,,
2015-05-07,20.93,,
2015-05-06,20.88,,
2015-05-05,20.73,,
2015-05-04,20.38,,
2015-04-30,20.52,,
2015-04-29,20.73,,
2015-04-28,20.58,,
2015-04-27,20.88,,
2015-04-24,21.06,,
2015-04-23,21.09,,
2015-04-22,20.85,,
2015-04-20,20.9,,
2015-04-17,20.65,,
2015-04-16,20.92,,
2015-04-15,20.84,,
2015-04-14,20.63,,
2015-04-13,20.2,,
2015-04-10,20.37,,
2015-04-09,20.54,,
2015-04-08,20.91,,
2015-04-07,20.53,,
2015-04-06,20.59,,
2015-04-02,20.87,,
2015-04-01,20.61,,
2015-03-31,20.53,,
2015-03-30,20.49,,
2015-03-27,20.27,,
2015-03-26,20.51,,
2015-03-25,20.46,,
2015-03-24,20.8,,
2015-03-23,20.72,,
2015-03-20,20.29,,
2015-03-19,19.82,,
2015-03-18,20.19,,
2015-03-17,19.99,,
2015-03-16,19.99,,
2015-03-13,20.08,,
2015-03-12,20.44,,
2015-03-11,20.51,,
2015-03-10,20.61,,
2015-03-09,20.27,,
2015-03-06,20.47,,
2015-03-05,20.6,,
2015-03-04,20.95,,
2015-03-03,21.12,,
2015-03-02,21.37,,
2015-02-27,21.61,,
2015-02-26,21.33,,
2015-02-25,21.48,,
2015-02-24,21.61,,
2015-02-23,21.28,,
2015-02-20,21.44,,
2015-02-19,21.44,,
2015-02-18,21.25,,
2015-02-13,21.17,,
2015-02-12,21.15,,
2015-02-11,20.95,,
2015-02-10,21.26,,
2015-02-09,21.45,,
2015-02-06,21.33,,
2015-02-05,21.46,,
2015-02-04,21.3,,
2015-02-03,21.73,,
2015-02-02,21.44,,
2015-01-30,21.45,,
2015-01-29,21.77,,
2015-01-28,22.04,,
2015-01-27,22.19,,
2015-01-26,22.05,,
2015-01-23,22.04,,
2015-01-22,22.32,,
2015-01-21,22.16,,
2015-01-20,22.25,,
2015-01-19,22.17,,
2015-01-16,22.3,,
2015-01-15,22.44,,
2015-01-14,22.7,,
2015-01-13,23.1,,
2015-01-12,22.82,,
2015-01-09,23.33,,
2015-01-08,23.28,,
2015-01-07,22.91,,
2015-01-06,23.09,,
2015-01-05,22.94,,
2015-01-02,22.96,,
2014-12-30,23.37,,
2014-12-29,23.04,,
2014-12-26,23.28,,
2014-12-23,23.07,,
2014-12-22,23.4,,
2014-12-19,23.42,,
2014-12-18,23.57,,
2014-12-17,23.18,,
2014-12-16,23.02,,
2014-12-15,23.33,,
2014-12-12,23.69,,
2014-12-11,23.72,,
2014-12-10,24.04,,
2014-12-09,24.05,,
2014-12-08,23.8,,
2014-12-05,23.91,,
2014-12-04,23.91,,
2014-12-03,24.28,,
2014-12-02,24.34,,
2014-12-01,24.31,,
2014-11-28,24.6,,
2014-11-27,24.8,,
2014-11-26,25.04,,
2014-11-25,24.58,,
2014-11-24,24.43,,
2014-11-21,24.81,,
2014-11-20,23.97,,
2014-11-19,24.15,,
2014-11-18,24.4,,
2014-11-17,24.53,,
2014-11-14,24.88,,
2014-11-13,24.96,,
2014-11-12,24.96,,
2014-11-11,24.75,,
2014-11-10,24.83,,
2014-11-07,24.73,,
2014-11-06,24.58,,
2014-11-05,24.86,,
2014-11-04,24.93,,
2014-11-03,24.96,,
2014-10-31,24.86,,
2014-10-30,25.66,,
2014-10-29,25.16,,
2014-10-28,25.14,,
2014-10-27,24.24,,
2014-10-24,24.76,,
2014-10-23,24.18,,
2014-10-22,24.23,,
2014-10-21,24.06,,
2014-10-20,23.98,,
2014-10-17,24.26,,
2014-10-16,24.04,,
2014-10-15,24.29,,
2014-10-14,24.45,,
2014-10-13,24.22,,
2014-10-10,24.04,,
2014-10-09,24.25,,
2014-10-08,24.45,,
2014-10-07,24.22,,
2014-10-06,23.99,,
2014-10-03,23.69,,
2014-10-02,23.62,,
2014-10-01,23.63,,
2014-09-30,24.18,,
2014-09-29,23.86,,
2014-09-26,24.24,,
2014-09-25,24.11,,
2014-09-24,24.61,,
2014-09-23,24.23,,
2014-09-22,24.34,,
2014-09-19,24.72,,
2014-09-18,24.66,,
2014-09-17,24.71,,
2014-09-16,25.04,,
2014-09-15,24.72,,
2014-09-12,24.77,,
2014-09-11,25.17,,
2014-09-10,25.63,,
2014-09-09,25.65,,
2014-09-08,26.08,,
2014-09-05,26.46,,
2014-09-04,26.27,,
2014-09-03,27.21,,
2014-09-02,27.5,,
2014-09-01,27.66,,
2014-08-29,27.8,,
2014-08-28,27.98,,
2014-08-27,27.94,,
2014-08-26,27.89,,
2014-08-25,27.95,,
2014-08-22,28.18,,
2014-08-21,28.12,,
2014-08-20,28.21,,
2014-08-19,28.08,,
2014-08-18,28.15,,
2014-08-15,28.09,,
2014-08-14,27.83,,
2014-08-13,27.69,,
2014-08-12,27.81,,
2014-08-11,28.21,,
2014-08-08,27.97,,
2014-08-07,27.64,,
2014-08-06,27.98,,
2014-08-05,27.56,,
2014-08-04,28.07,,
2014-08-01,28.27,,
2014-07-31,28.14,,
2014-07-30,28.38,,
2014-07-29,28.68,,
2014-07-28,28.67,,
2014-07-25,28.29,,
2014-07-24,28.46,,
2014-07-23,28.02,,
2014-07-22,27.97,,
2014-07-21,27.87,,
2014-07-18,27.81,,
2014-07-17,27.89,,
2014-07-16,27.96,,
2014-07-15,27.82,,
2014-07-14,28.35,,
2014-07-11,28.65,,
2014-07-10,29.1,,
2014-07-09,29.2,,
2014-07-08,29.29,,
2014-07-07,29.17,,
2014-07-04,29.93,,
2014-07-03,29.73,,
2014-07-02,29.83,,
2014-07-01,29.58,,
2014-06-30,29.99,,
2014-06-27,30.72,,
2014-06-26,30.66,,
2014-06-25,30.38,,
2014-06-24,30.03,,
2014-06-23,30.23,,
2014-06-20,30.02,,
2014-06-18,29.89,,
2014-06-17,29.5,,
2014-06-16,29.88,,
2014-06-13,29.97,,
2014-06-12,30.24,,
2014-06-11,30.23,,
2014-06-10,30.39,,
2014-06-09,30.23,,
2014-06-06,30.39,,
2014-06-05,30.48,,
2014-06-04,30.34,,
2014-06-03,30.26,,
2014-06-02,30.38,,
2014-05-30,30.57,,
2014-05-29,30.8,,
2014-05-28,30.76,,
2014-05-27,30.6,,
2014-05-26,31.0,,
2014-05-23,30.93,,
2014-05-22,31.23,,
2014-05-21,30.91,,
2014-05-20,30.83,,
2014-05-19,30.53,,
2014-05-16,30.4,,
2014-05-15,30.43,,
2014-05-14,30.55,,
2014-05-13,30.39,,
2014-05-12,30.38,,
2014-05-09,30.46,,
2014-05-08,30.43,,
2014-05-07,29.98,,
2014-05-06,29.81,,
2014-05-05,29.78,,
2014-05-02,30.2,,
2014-04-30,30.94,,
2014-04-29,31.03,,
2014-04-28,30.94,,
2014-04-25,30.24,,
2014-04-24,30.14,,
2014-04-23,30.35,,
2014-04-22,30.4,,
2014-04-17,30.73,,
2014-04-16,30.91,,
2014-04-15,30.47,,
2014-04-14,29.91,,
2014-04-11,29.91,,
2014-04-10,30.35,,
2014-04-09,30.63,,
2014-04-08,30.14,,
2014-04-07,30.46,,
2014-04-04,30.22,,
2014-04-03,30.07,,
2014-04-02,30.09,,
2014-04-01,30.16,,
2014-03-31,29.66,,
2014-03-28,29.43,,
2014-03-27,29.64,,
2014-03-26,29.26,,
2014-03-25,29.27,,
2014-03-24,29.36,,
2014-03-21,29.54,,
2014-03-20,30.0,,
2014-03-19,29.41,,
2014-03-18,29.5,,
2014-03-17,29.16,,
2014-03-14,29.24,,
2014-03-13,29.15,,
2014-03-12,29.2,,
2014-03-11,29.58,,
2014-03-10,30.04,,
2014-03-07,30.17,,
2014-03-06,29.98,,
2014-03-05,30.1,,
2014-02-28,29.54,,
2014-02-27,30.03,,
2014-02-26,29.36,,
2014-02-25,29.25,,
2014-02-24,29.24,,
2014-02-21,29.01,,
2014-02-20,28.83,,
2014-02-19,28.59,,
2014-02-18,28.48,,
2014-02-17,28.27,,
2014-02-14,28.42,,
2014-02-13,27.63,,
2014-02-12,27.12,,
2014-02-11,27.27,,
2014-02-10,27.0,,
2014-02-07,27.12,,
2014-02-06,27.0,,
2014-02-05,26.81,,
2014-02-04,26.57,,
2014-02-03,26.26,,
2014-01-31,26.53,,
2014-01-30,26.7,,
2014-01-29,26.4,,
2014-01-28,26.7,,
2014-01-27,26.88,,
2014-01-24,27.13,,
2014-01-23,27.1,,
2014-01-22,27.47,,
2014-01-21,28.17,,
2014-01-20,28.89,,
2014-01-17,28.72,,
2014-01-16,28.68,,
2014-01-15,28.69,,
2014-01-14,28.77,,
2014-01-13,28.7,,
2014-01-10,29.02,,
2014-01-09,28.78,,
2014-01-08,29.35,,
2014-01-07,29.6,,
2014-01-06,30.03,,
2014-01-03,30.06,,
2014-01-02,30.19,,
2013-12-30,30.74,,
2013-12-27,30.99,,
2013-12-26,30.81,,
2013-12-23,30.86,,
2013-12-20,30.59,,
2013-12-19,31.04,,
2013-12-18,31.33,,
2013-12-17,31.47,,
2013-12-16,31.58,,
2013-12-13,31.38,,
2013-12-12,31.66,,
2013-12-11,31.73,,
2013-12-10,32.32,,
2013-12-09,32.31,,
2013-12-06,32.35,,
2013-12-05,32.2,,
2013-12-04,31.93,,
2013-12-03,31.73,,
2013-12-02,32.18,,
2013-11-29,32.38,,
2013-11-28,32.51,,
2013-11-27,32.58,,
2013-11-26,32.69,,
2013-11-25,32.83,,
2013-11-22,32.3,,
2013-11-21,31.8,,
2013-11-20,32.06,,
2013-11-19,32.2,,
2013-11-18,32.33,,
2013-11-14,32.31,,
2013-11-13,32.21,,
2013-11-12,31.91,,
2013-11-11,31.7,,
2013-11-08,31.88,,
2013-11-07,31.88,,
2013-11-06,31.95,,
2013-11-05,31.71,,
2013-11-04,32.52,,
2013-11-01,32.41,,
2013-10-31,32.85,,
2013-10-30,32.93,,
2013-10-29,33.22,,
2013-10-28,33.5,,
2013-10-25,33.57,,
2013-10-24,33.42,,
2013-10-23,33.33,,
2013-10-22,33.34,,
2013-10-21,33.12,,
2013-10-18,33.25,,
2013-10-17,33.76,,
2013-10-16,33.41,,
2013-10-15,33.35,,
2013-10-14,33.74,,
2013-10-11,33.65,,
2013-10-10,33.51,,
2013-10-09,33.26,,
2013-10-08,33.0,,
2013-10-07,32.8,,
2013-10-04,32.39,,
2013-10-03,31.93,,
2013-10-02,31.74,,
2013-10-01,31.11,,
2013-09-30,31.88,,
2013-09-27,31.38,,
2013-09-26,31.48,,
2013-09-25,31.3,,
2013-09-24,31.65,,
2013-09-23,31.34,,
2013-09-20,31.11,,
2013-09-19,31.83,,
2013-09-18,32.19,,
2013-09-17,31.32,,
2013-09-16,31.33,,
2013-09-13,32.18,,
2013-09-12,31.59,,
2013-09-11,31.15,,
2013-09-10,30.74,,
2013-09-09,31.16,,
2013-09-06,30.67,,
2013-09-05,30.58,,
2013-09-04,30.32,,
2013-09-03,30.94,,
2013-09-02,30.01,,
2013-08-30,29.95,,
2013-08-29,30.24,,
2013-08-28,30.52,,
2013-08-27,30.48,,
2013-08-26,30.08,,
2013-08-23,29.6,,
2013-08-22,28.67,,
2013-08-21,28.56,,
2013-08-20,28.6,,
2013-08-19,28.36,,
2013-08-16,27.87,,
2013-08-15,27.92,,
2013-08-14,27.44,,
2013-08-13,27.43,,
2013-08-12,27.07,,
2013-08-09,27.08,,
2013-08-08,27.05,,
2013-08-07,26.55,,
2013-08-06,26.44,,
2013-08-05,26.47,,
2013-08-02,27.32,,
2013-08-01,26.92,,
2013-07-31,27.52,,
2013-07-30,27.27,,
2013-07-29,27.24,,
2013-07-26,27.31,,
2013-07-25,27.76,,
2013-07-24,28.97,,
2013-07-23,29.88,,
2013-07-22,29.92,,
2013-07-19,29.61,,
2013-07-18,29.45,,
2013-07-17,29.64,,
2013-07-16,29.31,,
2013-07-15,29.29,,
2013-07-12,29.08,,
2013-07-11,29.43,,
2013-07-10,29.3,,
2013-07-09,29.29,,
2013-07-08,29.16,,
2013-07-05,29.26,,
2013-07-04,29.43,,
2013-07-03,29.41,,
2013-07-02,29.31,,
2013-07-01,29.61,,
2013-06-28,29.57,,
2013-06-27,29.92,,
2013-06-26,30.14,,
2013-06-25,30.17,,
2013-06-24,29.88,,
2013-06-21,29.86,,
2013-06-20,29.57,,
2013-06-19,29.67,,
2013-06-18,30.07,,
2013-06-17,29.74,,
2013-06-14,30.09,,
2013-06-13,30.18,,
2013-06-12,30.32,,
2013-06-11,30.34,,
2013-06-10,29.87,,
2013-06-07,30.29,,
2013-06-06,30.31,,
2013-06-05,30.46,,
2013-06-04,30.08,,
2013-06-03,30.07,,
2013-05-31,29.43,,
2013-05-29,29.36,,
2013-05-28,29.79,,
2013-05-27,29.64,,
2013-05-24,29.81,,
2013-05-23,30.28,,
2013-05-22,29.7,,
2013-05-21,29.29,,
2013-05-20,29.1,,
2013-05-17,28.87,,
2013-05-16,28.54,,
2013-05-15,28.34,,
2013-05-14,28.38,,
2013-05-13,28.37,,
2013-05-10,28.06,,
2013-05-09,28.04,,
2013-05-08,28.05,,
2013-05-07,27.9,,
2013-05-06,27.73,,
2013-05-03,27.95,,
2013-05-02,27.83,,
2013-04-30,28.23,,
2013-04-29,28.05,,
2013-04-26,27.93,,
2013-04-25,27.68,,
2013-04-24,27.68,,
2013-04-23,27.81,,
2013-04-22,27.84,,
2013-04-19,28.28,,
2013-04-18,28.19,,
2013-04-17,27.88,,
2013-04-16,27.92,,
2013-04-15,27.77,,
2013-04-12,28.16,,
2013-04-11,27.81,,
2013-04-10,27.81,,
2013-04-09,27.71,,
2013-04-08,27.6,,
2013-04-05,27.67,,
2013-04-04,27.38,,
2013-04-03,27.41,,
2013-04-02,27.67,,
2013-04-01,28.01,,
2013-03-28,28.46,,
2013-03-27,28.91,,
2013-03-26,28.57,,
2013-03-25,28.58,,
2013-03-22,28.5,,
2013-03-21,28.4,,
2013-03-20,28.15,,
2013-03-19,28.18,,
2013-03-18,28.35,,
2013-03-15,28.82,,
2013-03-14,29.08,,
2013-03-13,29.38,,
2013-03-12,29.82,,
2013-03-11,30.0,,
2013-03-08,30.13,,
2013-03-07,30.09,,
2013-03-06,29.97,,
2013-03-05,30.05,,
2013-03-04,29.58,,
2013-03-01,29.62,,
2013-02-28,29.98,,
2013-02-27,29.99,,
2013-02-26,29.72,,
2013-02-25,30.02,,
2013-02-22,30.97,,
2013-02-21,30.6,,
2013-02-20,30.65,,
2013-02-19,30.33,,
2013-02-18,29.94,,
2013-02-15,29.81,,
2013-02-14,30.07,,
2013-02-13,29.99,,
2013-02-08,30.89,,
2013-02-07,30.98,,
2013-02-06,30.72,,
2013-02-05,30.81,,
2013-02-04,30.47,,
2013-02-01,30.58,,
2013-01-31,30.48,,
2013-01-30,30.63,,
2013-01-29,30.67,,
2013-01-28,30.73,,
2013-01-25,30.52,,
2013-01-24,30.42,,
2013-01-23,30.73,,
2013-01-22,31.84,,
2013-01-21,31.89,,
2013-01-18,31.86,,
2013-01-17,31.73,,
2013-01-16,31.69,,
2013-01-15,31.91,,
2013-01-14,31.85,,
2013-01-11,31.86,,
2013-01-10,32.32,,
2013-01-09,32.2,,
2013-01-08,32.32,,
2013-01-07,33.4,,
2013-01-04,33.13,,
2013-01-03,33.82,,
2013-01-02,34.42,,
2012-12-28,34.72,,
2012-12-27,34.95,,
2012-12-26,35.14,,
2012-12-21,34.7,,
2012-12-20,34.88,,
2012-12-19,35.22,,
2012-12-18,35.09,,
2012-12-17,35.16,,
2012-12-14,35.41,,
2012-12-13,35.43,,
2012-12-12,35.54,,
2012-12-11,35.39,,
2012-12-10,35.49,,
2012-12-07,35.54,,
2012-12-06,35.79,,
2012-12-05,35.39,,
2012-12-04,34.99,,
2012-12-03,35.08,,
2012-11-30,34.9,,
2012-11-29,35.5,,
2012-11-28,35.55,,
2012-11-27,35.69,,
2012-11-26,35.52,,
2012-11-23,35.64,,
2012-11-22,35.32,,
2012-11-21,35.33,,
2012-11-20,35.49,,
2012-11-19,35.63,,
2012-11-16,35.49,,
2012-11-14,35.73,,
2012-11-13,35.61,,
2012-11-12,36.3,,
2012-11-09,36.98,,
2012-11-08,37.03,,
2012-11-07,37.21,,
2012-11-06,37.21,,
2012-11-05,37.21,,
2012-11-01,37.36,,
2012-10-31,37.17,,
2012-10-30,37.14,,
2012-10-29,37.2,,
2012-10-26,37.55,,
2012-10-25,37.4,,
2012-10-24,37.06,,
2012-10-23,36.63,,
2012-10-22,36.79,,
2012-10-19,36.6,,
2012-10-18,36.43,,
2012-10-17,36.12,,
2012-10-16,35.95,,
2012-10-15,36.0,,
2012-10-11,36.3,,
2012-10-10,36.27,,
2012-10-09,36.19,,
2012-10-08,36.22,,
2012-10-05,36.4,,
2012-10-04,36.37,,
2012-10-03,36.44,,
2012-10-02,36.85,,
2012-10-01,37.48,,
2012-09-28,37.89,,
2012-09-27,38.15,,
2012-09-26,38.06,,
2012-09-25,38.44,,
2012-09-24,39.4,,
2012-09-21,40.73,,
2012-09-20,41.19,,
2012-09-19,41.07,,
2012-09-18,41.25,,
2012-09-17,41.64,,
2012-09-14,42.11,,
2012-09-13,42.09,,
2012-09-12,42.07,,
2012-09-11,42.09,,
2012-09-10,42.34,,
2012-09-06,42.34,,
2012-09-05,42.25,,
2012-09-04,42.1,,
2012-09-03,41.89,,
2012-08-31,42.03,,
2012-08-30,41.55,,
2012-08-29,41.44,,
2012-08-28,41.06,,
2012-08-27,41.27,,
2012-08-24,41.17,,
2012-08-23,40.88,,
2012-08-22,40.74,,
2012-08-21,40.6,,
2012-08-20,40.3,,
2012-08-17,40.22,,
2012-08-16,40.0,,
2012-08-15,40.01,,
2012-08-14,39.88,,
2012-08-13,40.1,,
2012-08-10,40.52,,
2012-08-09,40.17,,
2012-08-08,39.49,,
2012-08-07,39.52,,
2012-08-06,39.67,,
2012-08-03,39.96,,
2012-08-02,39.62,,
2012-08-01,39.93,,
2012-07-31,39.95,,
2012-07-30,39.79,,
2012-07-27,39.8,,
2012-07-26,39.69,,
2012-07-25,39.25,,
2012-07-24,38.68,,
2012-07-23,39.51,,
2012-07-20,39.75,,
2012-07-19,39.61,,
2012-07-18,38.89,,
2012-07-17,38.52,,
2012-07-16,37.7,,
2012-07-13,37.05,,
2012-07-12,36.81,,
2012-07-11,36.77,,
2012-07-10,36.44,,
2012-07-09,35.36,,
2012-07-06,35.19,,
2012-07-05,34.77,,
2012-07-04,34.51,,
2012-07-03,34.45,,
2012-07-02,34.82,,
2012-06-29,34.56,,
2012-06-28,33.62,,
2012-06-27,33.39,,
2012-06-26,33.24,,
2012-06-25,32.87,,
2012-06-22,32.41,,
2012-06-21,32.34,,
2012-06-20,32.4,,
2012-06-19,32.3,,
2012-06-18,31.35,,
2012-06-15,31.34,,
2012-06-14,31.42,,
2012-06-13,31.02,,
2012-06-12,31.35,,
2012-06-11,31.02,,
2012-06-08,31.19,,
2012-06-06,30.42,,
2012-06-05,30.28,,
2012-06-04,29.78,,
2012-06-01,29.72,,
2012-05-31,30.17,,
2012-05-30,29.97,,
2012-05-29,30.47,,
2012-05-28,30.78,,
2012-05-25,30.56,,
2012-05-24,30.15,,
2012-05-23,30.09,,
2012-05-22,29.89,,
2012-05-21,30.43,,
2012-05-18,30.57,,
2012-05-17,30.84,,
2012-05-16,30.4,,
2012-05-15,30.36,,
2012-05-14,30.17,,
2012-05-11,31.19,,
2012-05-10,31.43,,
2012-05-09,30.98,,
2012-05-08,31.42,,
2012-05-07,31.77,,
2012-05-04,31.86,,
2012-05-03,32.05,,
2012-05-02,31.78,,
2012-04-30,31.72,,
2012-04-27,32.05,,
2012-04-26,31.68,,
2012-04-25,31.76,,
2012-04-24,31.33,,
2012-04-23,31.17,,
2012-04-20,30.97,,
2012-04-19,30.73,,
2012-04-18,30.65,,
2012-04-17,30.87,,
2012-04-16,30.85,,
2012-04-13,31.14,,
2012-04-12,31.1,,
2012-04-11,30.76,,
2012-04-10,30.88,,
2012-04-09,30.79,,
2012-04-05,30.76,,
2012-04-04,30.43,,
2012-04-03,30.29,,
2012-04-02,30.34,,
2012-03-30,29.9,,
2012-03-29,29.6,,
2012-03-28,29.46,,
2012-03-27,29.62,,
2012-03-26,29.54,,
2012-03-23,29.49,,
2012-03-22,29.21,,
2012-03-21,29.27,,
2012-03-20,29.1,,
2012-03-19,29.48,,
2012-03-16,29.44,,
2012-03-15,29.28,,
2012-03-14,29.15,,
2012-03-13,29.03,,
2012-03-12,28.69,,
2012-03-09,28.74,,
2012-03-08,28.66,,
2012-03-07,28.57,,
2012-03-06,28.47,,
2012-03-05,28.61,,
2012-03-02,28.45,,
2012-03-01,28.62,,
2012-02-29,28.32,,
2012-02-28,28.29,,
2012-02-27,28.0,,
2012-02-24,28.16,,
2012-02-23,28.04,,
2012-02-22,27.95,,
2012-02-17,28.07,,
2012-02-16,27.86,,
2012-02-15,27.66,,
2012-02-14,27.42,,
2012-02-13,26.99,,
2012-02-10,26.7,,
2012-02-09,26.88,,
2012-02-08,26.92,,
2012-02-07,26.85,,
2012-02-06,26.74,,
2012-02-03,26.68,,
2012-02-02,26.67,,
2012-02-01,26.54,,
2012-01-31,26.29,,
2012-01-30,26.22,,
2012-01-27,26.74,,
2012-01-26,26.79,,
2012-01-25,26.54,,
2012-01-24,26.57,,
2012-01-23,26.48,,
2012-01-20,26.13,,
2012-01-19,25.97,,
2012-01-18,25.76,,
2012-01-17,25.95,,
2012-01-16,26.01,,
2012-01-13,25.89,,
2012-01-12,26.37,,
2012-01-11,26.37,,
2012-01-10,26.68,,
2012-01-09,26.29,,
2012-01-06,25.84,,
2012-01-05,25.96,,
2012-01-04,26.14,,
2012-01-03,26.0,,
2012-01-02,25.03,,
2011-12-29,25.11,,
2011-12-28,24.98,,
2011-12-27,25.16,,
2011-12-26,24.56,,
2011-12-23,24.55,,
2011-12-22,24.73,,
2011-12-21,24.55,,
2011-12-20,24.64,,
2011-12-19,24.56,,
2011-12-16,24.37,,
2011-12-15,24.15,,
2011-12-14,23.97,,
2011-12-13,24.11,,
2011-12-12,24.0,,
2011-12-09,24.49,,
2011-12-08,24.57,,
2011-12-07,24.77,,
2011-12-06,24.73,,
2011-12-05,24.85,,
2011-12-02,25.0,,
2011-12-01,24.7,,
2011-11-30,24.78,,
2011-11-29,24.45,,
2011-11-28,24.48,,
2011-11-25,24.17,,
2011-11-24,24.06,,
2011-11-23,24.45,,
2011-11-22,24.86,,
2011-11-21,24.92,,
2011-11-18,25.31,,
2011-11-17,25.43,,
2011-11-16,25.8,,
2011-11-14,25.69,,
2011-11-11,25.8,,
2011-11-10,25.7,,
2011-11-09,25.81,,
2011-11-08,26.25,,
2011-11-07,26.15,,
2011-11-04,26.48,,
2011-11-03,26.19,,
2011-11-01,26.02,,
2011-10-31,26.72,,
2011-10-28,27.3,,
2011-10-27,27.29,,
2011-10-26,26.61,,
2011-10-25,26.47,,
2011-10-24,26.96,,
2011-10-21,26.54,,
2011-10-20,26.18,,
2011-10-19,26.41,,
2011-10-18,26.38,,
2011-10-17,26.45,,
2011-10-14,26.97,,
2011-10-13,26.3,,
2011-10-11,25.79,,
2011-10-10,25.2,,
2011-10-07,25.33,,
2011-10-06,25.3,,
2011-10-05,24.95,,
2011-10-04,24.56,,
2011-10-03,24.71,,
2011-09-30,25.01,,
2011-09-29,25.65,,
2011-09-28,26.18,,
2011-09-27,26.78,,
2011-09-26,26.53,,
2011-09-23,26.86,,
2011-09-22,26.37,,
2011-09-21,27.45,,
2011-09-20,27.87,,
2011-09-19,27.85,,
2011-09-16,28.14,,
2011-09-15,28.87,,
2011-09-14,28.96,,
2011-09-13,28.9,,
2011-09-12,28.84,,
2011-09-09,29.49,,
2011-09-08,29.51,,
2011-09-06,29.45,,
2011-09-05,29.87,,
2011-09-02,29.93,,
2011-09-01,30.13,,
2011-08-31,30.41,,
2011-08-30,30.24,,
2011-08-29,30.2,,
2011-08-26,29.67,,
2011-08-25,29.33,,
2011-08-24,29.36,,
2011-08-23,29.48,,
2011-08-22,29.01,,
2011-08-19,28.87,,
2011-08-18,28.74,,
2011-08-17,29.01,,
2011-08-16,28.85,,
2011-08-15,29.0,,
2011-08-12,28.86,,
2011-08-11,28.97,,
2011-08-10,28.27,,
2011-08-09,28.64,,
2011-08-08,28.04,,
2011-08-05,28.72,,
2011-08-04,28.82,,
2011-08-03,29.38,,
2011-08-02,29.26,,
2011-08-01,29.21,,
2011-07-29,29.47,,
2011-07-28,29.7,,
2011-07-27,29.88,,
2011-07-26,29.92,,
2011-07-25,29.79,,
2011-07-22,29.94,,
2011-07-21,29.83,,
2011-07-20,29.95,,
2011-07-19,29.95,,
2011-07-18,29.63,,
2011-07-15,29.81,,
2011-07-14,29.61,,
2011-07-13,29.14,,
2011-07-12,28.85,,
2011-07-11,28.56,,
2011-07-08,28.94,,
2011-07-07,28.67,,
2011-07-06,28.37,,
2011-07-05,28.2,,
2011-07-04,28.35,,
2011-07-01,28.27,,
2011-06-30,28.26,,
2011-06-29,28.29,,
2011-06-28,28.17,,
2011-06-27,27.7,,
2011-06-24,27.8,,
2011-06-22,28.07,,
2011-06-21,28.29,,
2011-06-20,28.16,,
2011-06-17,28.2,,
2011-06-16,28.04,,
2011-06-15,28.24,,
2011-06-14,28.67,,
2011-06-13,28.7,,
2011-06-10,28.61,,
2011-06-09,28.89,,
2011-06-08,28.84,,
2011-06-07,28.61,,
2011-06-06,28.75,,
2011-06-03,29.19,,
2011-06-02,29.03,,
2011-06-01,28.37,,
2011-05-31,28.74,,
2011-05-30,28.77,,
2011-05-27,28.7,,
2011-05-26,28.59,,
2011-05-25,28.33,,
2011-05-24,28.28,,
2011-05-23,28.09,,
2011-05-20,28.35,,
2011-05-19,28.1,,
2011-05-18,27.99,,
2011-05-17,27.5,,
2011-05-16,27.2,,
2011-05-13,27.08,,
2011-05-12,27.16,,
2011-05-11,27.1,,
2011-05-10,27.61,,
2011-05-09,27.28,,
2011-05-06,27.05,,
2011-05-05,27.0,,
2011-05-04,27.67,,
2011-05-03,28.04,,
2011-05-02,28.39,,
2011-04-29,28.25,,
2011-04-28,28.06,,
2011-04-27,28.26,,
2011-04-26,28.2,,
2011-04-25,28.08,,
2011-04-20,27.89,,
2011-04-19,27.65,,
2011-04-18,27.42,,
2011-04-15,27.36,,
2011-04-14,27.41,,
2011-04-13,27.6,,
2011-04-12,27.71,,
2011-04-11,28.14,,
2011-04-08,28.38,,
2011-04-07,28.41,,
2011-04-06,27.96,,
2011-04-05,28.13,,
2011-04-04,28.25,,
2011-04-01,28.55,,
2011-03-31,28.32,,
2011-03-30,28.16,,
2011-03-29,27.83,,
2011-03-28,27.69,,
2011-03-25,27.75,,
2011-03-24,27.68,,
2011-03-23,27.86,,
2011-03-22,27.86,,
2011-03-21,27.97,,
2011-03-18,27.92,,
2011-03-17,26.98,,
2011-03-16,26.7,,
2011-03-15,27.21,,
2011-03-14,27.64,,
2011-03-11,27.65,,
2011-03-10,28.06,,
2011-03-09,28.29,,
2011-03-04,29.05,,
2011-03-03,28.87,,
2011-03-02,28.61,,
2011-03-01,28.15,,
2011-02-28,28.19,,
2011-02-25,28.01,,
2011-02-24,27.67,,
2011-02-23,27.73,,
2011-02-22,28.47,,
2011-02-21,29.2,,
2011-02-18,29.37,,
2011-02-17,29.63,,
2011-02-16,29.57,,
2011-02-15,29.97,,
2011-02-14,30.31,,
2011-02-11,30.47,,
2011-02-10,30.35,,
2011-02-09,30.52,,
2011-02-08,30.4,,
2011-02-07,30.22,,
2011-02-04,30.03,,
2011-02-03,30.22,,
2011-02-02,30.22,,
2011-02-01,30.15,,
2011-01-31,29.66,,
2011-01-28,29.41,,
2011-01-27,29.32,,
2011-01-26,29.54,,
2011-01-25,29.96,,
2011-01-24,29.98,,
2011-01-21,29.95,,
2011-01-20,30.11,,
2011-01-19,29.88,,
2011-01-18,29.85,,
2011-01-17,29.76,,
2011-01-14,29.79,,
2011-01-13,29.88,,
2011-01-12,29.62,,
2011-01-11,29.46,,
2011-01-10,29.29,,
2011-01-07,29.16,,
2011-01-06,29.25,,
2011-01-05,29.2,,
2011-01-04,29.29,,
2011-01-03,29.54,,
2010-12-30,29.49,,
2010-12-29,29.21,,
2010-12-28,28.9,,
2010-12-27,28.92,,
2010-12-23,28.69,,
2010-12-22,28.59,,
2010-12-21,28.53,,
2010-12-20,28.42,,
2010-12-17,28.27,,
2010-12-16,28.38,,
2010-12-15,28.46,,
2010-12-14,28.53,,
2010-12-13,28.4,,
2010-12-10,28.06,,
2010-12-09,28.19,,
2010-12-08,28.4,,
2010-12-07,28.51,,
2010-12-06,28.93,,
2010-12-03,28.98,,
2010-12-02,28.72,,
2010-12-01,28.66,,
2010-11-30,28.39,,
2010-11-29,28.48,,
2010-11-26,28.31,,
2010-11-25,28.53,,
2010-11-24,28.4,,
2010-11-23,28.04,,
2010-11-22,28.1,,
2010-11-19,28.07,,
2010-11-18,28.27,,
2010-11-17,28.01,,
2010-11-16,28.05,,
2010-11-12,29.4,,
2010-11-11,29.92,,
2010-11-10,29.84,,
2010-11-09,29.52,,
2010-11-08,28.78,,
2010-11-05,28.78,,
2010-11-04,28.7,,
2010-11-03,27.95,,
2010-11-01,27.83,,
2010-10-29,27.85,,
2010-10-28,27.72,,
2010-10-27,27.18,,
2010-10-26,27.48,,
2010-10-25,27.66,,
2010-10-22,27.33,,
2010-10-21,27.55,,
2010-10-20,27.43,,
2010-10-19,27.02,,
2010-10-18,26.93,,
2010-10-15,27.04,,
2010-10-14,26.98,,
2010-10-13,26.81,,
2010-10-11,26.44,,
2010-10-08,26.04,,
2010-10-07,24.99,,
2010-10-06,25.07,,
2010-10-05,25.2,,
2010-10-04,24.8,,
2010-10-01,25.31,,
2010-09-30,25.37,,
2010-09-29,25.59,,
2010-09-28,25.74,,
2010-09-27,25.63,,
2010-09-24,25.58,,
2010-09-23,25.29,,
2010-09-22,25.27,,
2010-09-21,25.34,,
2010-09-20,24.77,,
2010-09-17,24.61,,
2010-09-16,24.65,,
2010-09-15,24.44,,
2010-09-14,24.42,,
2010-09-13,24.33,,
2010-09-10,24.35,,
2010-09-09,24.46,,
2010-09-08,24.44,,
2010-09-06,24.29,,
2010-09-03,24.11,,
2010-09-02,23.98,,
2010-09-01,23.73,,
2010-08-31,23.73,,
2010-08-30,23.59,,
2010-08-27,23.54,,
2010-08-26,23.44,,
2010-08-25,23.2,,
2010-08-24,23.17,,
2010-08-23,23.43,,
2010-08-20,23.6,,
2010-08-19,23.88,,
2010-08-18,24.03,,
2010-08-17,23.89,,
2010-08-16,23.88,,
2010-08-13,23.74,,
2010-08-12,23.56,,
2010-08-11,23.34,,
2010-08-10,23.57,,
2010-08-09,23.65,,
2010-08-06,23.26,,
2010-08-05,23.26,,
2010-08-04,23.0,,
2010-08-03,22.82,,
2010-08-02,22.9,,
2010-07-30,22.82,,
2010-07-29,22.56,,
2010-07-28,22.27,,
2010-07-27,22.09,,
2010-07-26,22.32,,
2010-07-23,22.51,,
2010-07-22,22.71,,
2010-07-21,22.23,,
2010-07-20,22.35,,
2010-07-19,22.14,,
2010-07-16,22.02,,
2010-07-15,21.95,,
2010-07-14,21.74,,
2010-07-13,21.83,,
2010-07-12,21.57,,
2010-07-09,21.44,,
2010-07-08,21.34,,
2010-07-07,20.9,,
2010-07-06,20.64,,
2010-07-05,20.76,,
2010-07-02,20.79,,
2010-07-01,20.51,,
2010-06-30,20.33,,
2010-06-29,20.22,,
2010-06-28,20.46,,
2010-06-25,20.44,,
2010-06-24,20.41,,
2010-06-23,20.33,,
2010-06-22,20.31,,
2010-06-21,20.35,,
2010-06-18,20.34,,
2010-06-17,20.16,,
2010-06-16,20.19,,
2010-06-15,20.19,,
2010-06-14,19.98,,
2010-06-11,19.49,,
2010-06-10,19.79,,
2010-06-09,19.76,,
2010-06-08,19.62,,
2010-06-07,19.32,,
2010-06-04,19.42,,
2010-06-02,19.48,,
2010-06-01,19.23,,
2010-05-31,19.58,,
2010-05-28,19.66,,
2010-05-27,19.57,,
2010-05-26,19.32,,
2010-05-25,19.33,,
2010-05-24,19.3,,
2010-05-21,19.41,,
2010-05-20,19.44,,
2010-05-19,19.46,,
2010-05-18,19.42,,
2010-05-17,19.51,,
2010-05-14,19.59,,
2010-05-13,19.7,,
2010-05-12,19.72,,
2010-05-11,19.59,,
2010-05-10,19.99,,
2010-05-07,19.51,,
2010-05-06,19.49,,
2010-05-05,19.89,,
2010-05-04,19.9,,
2010-05-03,20.25,,
2010-04-30,20.03,,
2010-04-29,20.18,,
2010-04-28,20.1,,
2010-04-27,20.04,,
2010-04-26,20.41,,
2010-04-23,20.28,,
2010-04-22,20.03,,
2010-04-20,19.88,,
2010-04-19,19.76,,
2010-04-16,19.67,,
2010-04-15,19.53,,
2010-04-14,19.57,,
2010-04-13,19.54,,
2010-04-12,19.44,,
2010-04-09,19.14,,
2010-04-08,19.04,,
2010-04-07,18.82,,
2010-04-06,18.94,,
2010-04-05,19.02,,
2010-04-01,19.1,,
2010-03-31,19.38,,
2010-03-30,19.25,,
2010-03-29,19.23,,
2010-03-26,18.75,,
2010-03-25,18.94,,
2010-03-24,18.91,,
2010-03-23,19.29,,
2010-03-22,18.96,,
2010-03-19,18.79,,
2010-03-18,18.76,,
2010-03-17,18.77,,
2010-03-16,18.77,,
2010-03-15,18.7,,
2010-03-12,18.99,,
2010-03-11,19.06,,
2010-03-10,19.19,,
2010-03-09,19.12,,
2010-03-08,19.11,,
2010-03-05,19.22,,
2010-03-04,19.4,,
2010-03-03,19.66,,
2010-03-02,19.69,,
2010-03-01,19.66,,
2010-02-26,19.62,,
2010-02-25,19.45,,
2010-02-24,19.67,,
2010-02-23,19.71,,
2010-02-22,19.65,,
2010-02-19,19.78,,
2010-02-18,19.65,,
2010-02-17,19.71,,
2010-02-12,19.18,,
2010-02-11,19.25,,
2010-02-10,19.21,,
2010-02-09,19.32,,
2010-02-08,19.07,,
2010-02-05,18.72,,
2010-02-04,18.82,,
2010-02-03,19.34,,
2010-02-02,19.73,,
2010-02-01,19.56,,
2010-01-29,19.57,,
2010-01-28,20.01,,
2010-01-27,20.41,,
2010-01-26,20.5,,
2010-01-25,21.12,,
2010-01-22,21.14,,
2010-01-21,21.37,,
2010-01-20,21.65,,
2010-01-19,22.06,,
2010-01-18,22.35,,
2010-01-15,22.44,,
2010-01-14,22.4,,
2010-01-13,22.78,,
2010-01-12,23.34,,
2010-01-11,23.91,,
2010-01-08,24.4,,
2010-01-07,24.18,,
2010-01-06,24.21,,
2010-01-05,24.59,,
2010-01-04,24.84,,
2009-12-30,24.39,,
2009-12-29,24.42,,
2009-12-28,24.55,,
2009-12-23,24.26,,
2009-12-22,23.85,,
2009-12-21,23.94,,
2009-12-18,24.01,,
2009-12-17,23.89,,
2009-12-16,24.52,,
2009-12-15,24.41,,
2009-12-14,24.7,,
2009-12-11,24.47,,
2009-12-10,24.34,,
2009-12-09,24.41,,
2009-12-08,24.41,,
2009-12-07,25.03,,
2009-12-04,25.0,,
2009-12-03,25.03,,
2009-12-02,25.03,,
2009-12-01,25.11,,
2009-11-30,24.46,,
2009-11-27,24.91,,
2009-11-26,24.79,,
2009-11-25,25.21,,
2009-11-24,25.07,,
2009-11-23,25.33,,
2009-11-20,25.09,,
2009-11-19,25.31,,
2009-11-18,25.55,,
2009-11-17,25.72,,
2009-11-16,26.01,,
2009-11-13,25.81,,
2009-11-12,25.41,,
2009-11-11,25.74,,
2009-11-10,26.0,,
2009-11-09,26.28,,
2009-11-06,25.95,,
2009-11-05,26.04,,
2009-11-04,25.88,,
2009-11-03,25.43,,
2009-10-30,25.35,,
2009-10-29,25.84,,
2009-10-28,25.39,,
2009-10-27,25.65,,
2009-10-26,25.72,,
2009-10-23,26.33,,
2009-10-22,26.08,,
2009-10-21,26.12,,
2009-10-20,25.68,,
2009-10-19,26.22,,
2009-10-16,26.19,,
2009-10-15,26.46,,
2009-10-14,26.43,,
2009-10-13,25.93,,
2009-10-09,25.66,,
2009-10-08,25.52,,
2009-10-07,25.26,,
2009-10-06,25.23,,
2009-10-05,25.08,,
2009-10-02,24.92,,
2009-10-01,24.95,,
2009-09-30,25.18,,
2009-09-29,24.89,,
2009-09-28,25.14,,
2009-09-25,25.03,,
2009-09-24,25.03,,
2009-09-23,25.29,,
2009-09-22,25.32,,
2009-09-21,25.1,,
2009-09-18,25.54,,
2009-09-17,25.36,,
2009-09-16,25.73,,
2009-09-15,25.49,,
2009-09-14,25.25,,
2009-09-11,25.23,,
2009-09-10,25.56,,
2009-09-09,25.58,,
2009-09-08,25.83,,
2009-09-04,25.58,,
2009-09-03,25.35,,
2009-09-02,25.14,,
2009-09-01,25.16,,
2009-08-31,25.53,,
2009-08-28,25.87,,
2009-08-27,25.93,,
2009-08-26,25.94,,
2009-08-25,25.95,,
2009-08-24,26.02,,
2009-08-21,25.76,,
2009-08-20,25.43,,
2009-08-19,25.18,,
2009-08-18,25.09,,
2009-08-17,25.13,,
2009-08-14,26.04,,
2009-08-13,26.77,,
2009-08-12,26.65,,
2009-08-11,26.62,,
2009-08-10,26.28,,
2009-08-07,26.8,,
2009-08-06,26.48,,
2009-08-05,26.94,,
2009-08-04,26.9,,
2009-08-03,26.97,,
2009-07-31,26.16,,
2009-07-30,26.07,,
2009-07-29,24.94,,
2009-07-28,24.91,,
2009-07-27,24.64,,
2009-07-24,24.3,,
2009-07-23,24.17,,
2009-07-22,23.84,,
2009-07-21,24.02,,
2009-07-20,24.05,,
2009-07-17,23.86,,
2009-07-16,24.14,,
2009-07-15,24.69,,
2009-07-14,24.3,,
2009-07-13,24.21,,
2009-07-10,24.14,,
2009-07-09,24.07,,
2009-07-08,24.06,,
2009-07-07,24.83,,
2009-07-06,25.77,,
2009-07-03,26.02,,
2009-07-02,26.1,,
2009-07-01,26.23,,
2009-06-30,25.42,,
2009-06-29,25.45,,
2009-06-26,25.82,,
2009-06-25,25.66,,
2009-06-24,25.09,,
2009-06-23,25.08,,
2009-06-22,24.21,,
2009-06-19,25.19,,
2009-06-18,25.3,,
2009-06-17,25.28,,
2009-06-16,24.98,,
2009-06-15,25.24,,
2009-06-12,26.01,,
2009-06-10,26.0,,
2009-06-09,26.25,,
2009-06-08,25.78,,
2009-06-05,25.84,,
2009-06-04,25.66,,
2009-06-03,25.16,,
2009-06-02,25.76,,
2009-06-01,25.63,,
2009-05-29,25.33,,
2009-05-28,25.14,,
2009-05-27,25.02,,
2009-05-26,24.96,,
2009-05-25,25.0,,
2009-05-22,25.04,,
2009-05-21,24.84,,
2009-05-20,24.98,,
2009-05-19,24.99,,
2009-05-18,24.43,,
2009-05-15,24.11,,
2009-05-14,24.4,,
2009-05-13,23.88,,
2009-05-12,23.86,,
2009-05-11,23.89,,
2009-05-08,24.01,,
2009-05-07,23.79,,
2009-05-06,23.98,,
2009-05-05,23.6,,
2009-05-04,23.79,,
2009-04-30,22.31,,
2009-04-29,21.88,,
2009-04-28,21.73,,
2009-04-27,21.63,,
2009-04-24,22.44,,
2009-04-23,22.26,,
2009-04-22,22.41,,
2009-04-20,21.93,,
2009-04-17,22.52,,
2009-04-16,22.36,,
2009-04-15,22.01,,
2009-04-14,21.75,,
2009-04-13,21.75,,
2009-04-09,21.78,,
2009-04-08,21.38,,
2009-04-07,21.17,,
2009-04-06,21.04,,
2009-04-03,21.21,,
2009-04-02,20.97,,
2009-04-01,20.46,,
2009-03-31,19.82,,
2009-03-30,19.35,,
2009-03-27,19.92,,
2009-03-26,20.55,,
2009-03-25,20.69,,
2009-03-24,20.91,,
2009-03-23,20.78,,
2009-03-20,20.18,,
2009-03-19,20.16,,
2009-03-18,20.12,,
2009-03-17,19.7,,
2009-03-16,19.68,,
2009-03-13,19.43,,
2009-03-12,19.35,,
2009-03-11,19.11,,
2009-03-10,19.17,,
2009-03-09,18.93,,
2009-03-06,18.88,,
2009-03-05,18.82,,
2009-03-04,19.08,,
2009-03-03,18.7,,
2009-03-02,18.31,,
2009-02-27,18.85,,
2009-02-26,19.05,,
2009-02-25,18.91,,
2009-02-20,18.89,,
2009-02-19,19.64,,
2009-02-18,19.92,,
2009-02-17,20.22,,
2009-02-16,21.33,,
2009-02-13,21.57,,
2009-02-12,21.5,,
2009-02-11,21.55,,
2009-02-10,21.57,,
2009-02-09,22.02,,
2009-02-06,21.64,,
2009-02-05,21.06,,
2009-02-04,20.85,,
2009-02-03,20.78,,
2009-02-02,21.09,,
2009-01-30,21.1,,
2009-01-29,21.34,,
2009-01-28,21.38,,
2009-01-27,21.53,,
2009-01-26,22.08,,
2009-01-23,21.79,,
2009-01-22,21.61,,
2009-01-21,21.39,,
2009-01-20,21.31,,
2009-01-19,21.65,,
2009-01-16,21.45,,
2009-01-15,20.82,,
2009-01-14,20.97,,
2009-01-13,20.85,,
2009-01-12,21.28,,
2009-01-09,21.56,,
2009-01-08,20.97,,
2009-01-07,21.29,,
2009-01-06,21.96,,
2009-01-05,20.88,,
2009-01-02,20.12,,
2008-12-30,20.0,,
2008-12-29,19.16,,
2008-12-26,19.17,,
2008-12-23,19.0,,
2008-12-22,18.7,,
2008-12-19,18.87,,
2008-12-18,18.85,,
2008-12-17,18.89,,
2008-12-16,18.69,,
2008-12-15,18.63,,
2008-12-12,18.47,,
2008-12-11,18.81,,
2008-12-10,18.23,,
2008-12-09,17.84,,
2008-12-08,17.6,,
2008-12-05,17.79,,
2008-12-04,17.47,,
2008-12-03,17.86,,
2008-12-02,18.56,,
2008-12-01,19.19,,
2008-11-28,19.25,,
2008-11-27,19.55,,
2008-11-26,19.89,,
2008-11-25,19.37,,
2008-11-24,19.66,,
2008-11-21,18.71,,
2008-11-20,19.09,,
2008-11-19,19.57,,
2008-11-18,19.67,,
2008-11-17,19.96,,
2008-11-14,19.98,,
2008-11-13,19.17,,
2008-11-12,19.75,,
2008-11-11,20.22,,
2008-11-10,20.28,,
2008-11-07,20.43,,
2008-11-06,19.75,,
2008-11-05,20.9,,
2008-11-04,21.38,,
2008-11-03,20.81,,
2008-10-31,20.54,,
2008-10-30,21.07,,
2008-10-29,20.86,,
2008-10-28,20.38,,
2008-10-27,20.02,,
2008-10-24,19.55,,
2008-10-23,19.86,,
2008-10-22,19.0,,
2008-10-21,19.49,,
2008-10-20,20.32,,
2008-10-17,20.15,,
2008-10-16,19.56,,
2008-10-15,19.77,,
2008-10-14,20.75,,
2008-10-13,20.99,,
2008-10-10,19.87,,
2008-10-09,21.3,,
2008-10-08,20.41,,
2008-10-07,19.49,,
2008-10-06,20.15,,
2008-10-03,22.04,,
2008-10-02,22.36,,
2008-10-01,23.67,,
2008-09-30,23.72,,
2008-09-29,23.41,,
2008-09-26,25.27,,
2008-09-25,25.9,,
2008-09-24,25.55,,
2008-09-23,25.48,,
2008-09-22,25.97,,
2008-09-19,25.13,,
2008-09-18,24.11,,
2008-09-17,24.66,,
2008-09-16,25.08,,
2008-09-15,25.62,,
2008-09-12,25.93,,
2008-09-11,25.33,,
2008-09-10,25.65,,
2008-09-09,25.6,,
2008-09-08,25.93,,
2008-09-05,26.39,,
2008-09-04,26.59,,
2008-09-03,27.19,,
2008-09-02,27.55,,
2008-09-01,28.31,,
2008-08-29,28.58,,
2008-08-28,28.49,,
2008-08-27,28.88,,
2008-08-26,28.76,,
2008-08-25,28.54,,
2008-08-22,28.14,,
2008-08-21,28.49,,
2008-08-20,27.8,,
2008-08-19,27.86,,
2008-08-18,27.18,,
2008-08-15,26.44,,
2008-08-14,26.93,,
2008-08-13,27.26,,
2008-08-12,26.31,,
2008-08-11,26.36,,
2008-08-08,26.58,,
2008-08-07,27.06,,
2008-08-06,26.92,,
2008-08-05,27.5,,
2008-08-04,28.29,,
2008-08-01,29.63,,
2008-07-31,30.03,,
2008-07-30,29.99,,
2008-07-29,29.92,,
2008-07-28,30.09,,
2008-07-25,29.94,,
2008-07-24,29.8,,
2008-07-23,29.86,,
2008-07-22,30.35,,
2008-07-21,30.76,,
2008-07-18,31.75,,
2008-07-17,32.16,,
2008-07-16,32.5,,
2008-07-15,32.74,,
2008-07-14,33.07,,
2008-07-11,33.56,,
2008-07-10,32.86,,
2008-07-09,32.39,,
2008-07-08,31.91,,
2008-07-07,33.01,,
2008-07-04,33.92,,
2008-07-03,33.62,,
2008-07-02,33.49,,
2008-07-01,33.34,,
2008-06-30,32.96,,
2008-06-27,33.0,,
2008-06-26,32.52,,
2008-06-25,32.16,,
2008-06-24,31.78,,
2008-06-23,31.82,,
2008-06-20,32.42,,
2008-06-19,32.44,,
2008-06-18,32.57,,
2008-06-17,32.06,,
2008-06-16,31.5,,
2008-06-13,31.3,,
2008-06-12,30.9,,
2008-06-11,30.42,,
2008-06-10,29.48,,
2008-06-09,29.86,,
2008-06-06,29.47,,
2008-06-05,28.87,,
2008-06-04,27.96,,
2008-06-03,27.72,,
2008-06-02,27.61,,
2008-05-30,27.27,,
2008-05-29,27.51,,
2008-05-28,27.67,,
2008-05-27,27.31,,
2008-05-26,27.4,,
2008-05-23,27.26,,
2008-05-21,26.97,,
2008-05-20,26.92,,
2008-05-19,26.81,,
2008-05-16,27.35,,
2008-05-15,27.02,,
2008-05-14,27.27,,
2008-05-13,27.13,,
2008-05-12,27.06,,
2008-05-09,26.84,,
2008-05-08,26.21,,
2008-05-07,26.0,,
2008-05-06,26.31,,
2008-05-05,26.21,,
2008-05-02,26.36,,
2008-04-30,26.82,,
2008-04-29,25.89,,
2008-04-28,26.17,,
2008-04-25,27.07,,
2008-04-24,27.19,,
2008-04-23,27.41,,
2008-04-22,27.13,,
2008-04-18,26.72,,
2008-04-17,26.84,,
2008-04-16,27.19,,
2008-04-15,27.21,,
2008-04-14,26.77,,
2008-04-11,26.45,,
2008-04-10,26.53,,
2008-04-09,25.83,,
2008-04-08,25.63,,
2008-04-07,25.55,,
2008-04-04,25.46,,
2008-04-03,25.19,,
2008-04-02,24.82,,
2008-04-01,24.1,,
2008-03-31,24.4,,
2008-03-28,25.82,,
2008-03-27,26.77,,
2008-03-26,26.88,,
2008-03-25,26.05,,
2008-03-24,24.76,,
2008-03-20,24.27,,
2008-03-19,25.22,,
2008-03-18,26.0,,
2008-03-17,25.83,,
2008-03-14,26.8,,
2008-03-13,27.41,,
2008-03-12,27.22,,
2008-03-11,27.47,,
2008-03-10,26.89,,
2008-03-07,27.89,,
2008-03-06,28.39,,
2008-03-05,29.47,,
2008-03-04,29.36,,
2008-03-03,30.02,,
2008-02-29,28.97,,
2008-02-28,28.79,,
2008-02-27,28.69,,
2008-02-26,28.54,,
2008-02-25,28.22,,
2008-02-22,27.87,,
2008-02-21,27.81,,
2008-02-20,27.67,,
2008-02-19,27.6,,
2008-02-18,27.46,,
2008-02-15,27.23,,
2008-02-14,27.05,,
2008-02-13,27.05,,
2008-02-12,27.12,,
2008-02-11,27.2,,
2008-02-08,27.12,,
2008-02-07,26.97,,
2008-02-06,26.93,,
2008-02-01,26.8,,
2008-01-31,26.41,,
2008-01-30,26.06,,
2008-01-29,26.02,,
2008-01-28,26.0,,
2008-01-25,25.99,,
2008-01-24,25.89,,
2008-01-23,25.43,,
2008-01-22,25.97,,
2008-01-21,25.55,,
2008-01-18,26.2,,
2008-01-17,26.19,,
2008-01-16,26.13,,
2008-01-15,26.67,,
2008-01-14,26.88,,
2008-01-11,26.6,,
2008-01-10,26.26,,
2008-01-09,26.04,,
2008-01-08,25.92,,
2008-01-07,25.84,,
2008-01-04,25.95,,
2008-01-03,25.97,,
2008-01-02,25.39,,
2007-12-28,25.23,,
2007-12-27,25.39,,
2007-12-26,25.13,,
2007-12-21,24.8,,
2007-12-20,24.59,,
2007-12-19,24.63,,
2007-12-18,24.36,,
2007-12-17,24.43,,
2007-12-14,24.51,,
2007-12-13,24.72,,
2007-12-12,24.75,,
2007-12-11,24.79,,
2007-12-10,24.61,,
2007-12-07,24.68,,
2007-12-06,24.45,,
2007-12-05,24.18,,
2007-12-04,23.93,,
2007-12-03,24.18,,
2007-11-30,24.41,,
2007-11-29,24.55,,
2007-11-28,24.36,,
2007-11-27,23.93,,
2007-11-26,23.64,,
2007-11-23,23.74,,
2007-11-22,23.98,,
2007-11-21,23.84,,
2007-11-20,23.99,,
2007-11-19,23.9,,
2007-11-16,24.38,,
2007-11-14,24.23,,
2007-11-13,23.56,,
2007-11-12,23.1,,
2007-11-09,23.48,,
2007-11-08,23.48,,
2007-11-07,23.42,,
2007-11-06,23.35,,
2007-11-05,22.87,,
2007-11-01,22.86,,
2007-10-31,23.24,,
2007-10-30,22.89,,
2007-10-29,23.12,,
2007-10-26,22.79,,
2007-10-25,22.32,,
2007-10-24,22.29,,
2007-10-23,22.33,,
2007-10-22,21.96,,
2007-10-19,22.39,,
2007-10-18,22.66,,
2007-10-17,22.27,,
2007-10-16,22.22,,
2007-10-15,22.16,,
2007-10-11,22.06,,
2007-10-10,21.98,,
2007-10-09,21.72,,
2007-10-08,21.31,,
2007-10-05,21.66,,
2007-10-04,21.66,,
2007-10-03,21.22,,
2007-10-02,21.4,,
2007-10-01,22.14,,
2007-09-28,21.91,,
2007-09-27,21.91,,
2007-09-26,21.56,,
2007-09-25,21.32,,
2007-09-24,21.09,,
2007-09-21,21.06,,
2007-09-20,20.81,,
2007-09-19,20.64,,
2007-09-18,20.74,,
2007-09-17,20.29,,
2007-09-14,20.31,,
2007-09-13,20.01,,
2007-09-12,20.09,,
2007-09-11,19.58,,
2007-09-10,19.49,,
2007-09-06,19.35,,
2007-09-05,19.2,,
2007-09-04,19.19,,
2007-09-03,18.78,,
2007-08-31,18.61,,
2007-08-30,18.44,,
2007-08-29,18.36,,
2007-08-28,17.7,,
2007-08-27,18.01,,
2007-08-24,18.16,,
2007-08-23,17.86,,
2007-08-22,17.43,,
2007-08-21,17.09,,
2007-08-20,16.97,,
2007-08-17,16.95,,
2007-08-16,16.63,,
2007-08-15,17.31,,
2007-08-14,17.7,,
2007-08-13,17.99,,
2007-08-10,17.71,,
2007-08-09,17.76,,
2007-08-08,17.94,,
2007-08-07,17.41,,
2007-08-06,17.21,,
2007-08-03,17.28,,
2007-08-02,17.25,,
2007-08-01,16.98,,
2007-07-31,16.9,,
2007-07-30,16.73,,
2007-07-27,16.48,,
2007-07-26,16.09,,
2007-07-25,16.3,,
2007-07-24,16.22,,
2007-07-23,16.38,,
2007-07-20,16.56,,
2007-07-19,16.46,,
2007-07-18,16.43,,
2007-07-17,16.7,,
2007-07-16,17.15,,
2007-07-13,17.42,,
2007-07-12,17.18,,
2007-07-11,17.04,,
2007-07-10,16.87,,
2007-07-09,16.68,,
2007-07-06,16.66,,
2007-07-05,16.45,,
2007-07-04,16.42,,
2007-07-03,16.46,,
2007-07-02,16.63,,
2007-06-29,16.23,,
2007-06-28,15.92,,
2007-06-27,15.73,,
2007-06-26,15.59,,
2007-06-25,15.55,,
2007-06-22,15.67,,
2007-06-21,16.13,,
2007-06-20,16.06,,
2007-06-19,16.23,,
2007-06-18,16.36,,
2007-06-15,16.2,,
2007-06-14,16.04,,
2007-06-13,15.84,,
2007-06-12,15.83,,
2007-06-11,15.99,,
2007-06-08,15.68,,
2007-06-06,15.73,,
2007-06-05,15.66,,
2007-06-04,15.6,,
2007-06-01,15.76,,
2007-05-31,15.66,,
2007-05-30,15.47,,
2007-05-29,15.39,,
2007-05-28,15.55,,
2007-05-25,15.5,,
2007-05-24,15.37,,
2007-05-23,15.44,,
2007-05-22,15.46,,
2007-05-21,15.49,,
2007-05-18,15.33,,
2007-05-17,15.41,,
2007-05-16,15.48,,
2007-05-15,15.22,,
2007-05-14,15.09,,
2007-05-11,14.92,,
2007-05-10,14.76,,
2007-05-09,14.77,,
2007-05-08,14.74,,
2007-05-07,14.77,,
2007-05-04,14.76,,
2007-05-03,14.86,,
2007-05-02,14.85,,
2007-04-30,14.69,,
2007-04-27,14.66,,
2007-04-26,14.7,,
2007-04-25,14.72,,
2007-04-24,14.51,,
2007-04-23,14.59,,
2007-04-20,14.68,,
2007-04-19,14.68,,
2007-04-18,14.56,,
2007-04-17,14.57,,
2007-04-16,14.64,,
2007-04-13,14.72,,
2007-04-12,14.67,,
2007-04-11,14.62,,
2007-04-10,14.75,,
2007-04-09,15.0,,
2007-04-05,15.09,,
2007-04-04,15.12,,
2007-04-03,15.17,,
2007-04-02,15.17,,
2007-03-30,15.12,,
2007-03-29,15.25,,
2007-03-28,14.94,,
2007-03-27,14.88,,
2007-03-26,14.91,,
2007-03-23,15.11,,
2007-03-22,15.15,,
2007-03-21,15.33,,
2007-03-20,15.19,,
2007-03-19,15.24,,
2007-03-16,15.2,,
2007-03-15,15.21,,
2007-03-14,15.2,,
2007-03-13,15.41,,
2007-03-12,15.53,,
2007-03-09,15.46,,
2007-03-08,15.46,,
2007-03-07,15.33,,
2007-03-06,15.22,,
2007-03-05,15.11,,
2007-03-02,15.28,,
2007-03-01,15.57,,
2007-02-28,15.64,,
2007-02-27,15.7,,
2007-02-26,16.06,,
2007-02-23,15.89,,
2007-02-22,15.86,,
2007-02-21,15.76,,
2007-02-16,15.62,,
2007-02-15,15.56,,
2007-02-14,15.55,,
2007-02-13,15.39,,
2007-02-12,15.28,,
2007-02-09,15.25,,
2007-02-08,15.34,,
2007-02-07,15.34,,
2007-02-06,15.39,,
2007-02-05,15.39,,
2007-02-02,15.25,,
2007-02-01,15.31,,
2007-01-31,15.19,,
2007-01-30,15.04,,
2007-01-29,15.02,,
2007-01-26,15.04,,
2007-01-25,15.07,,
2007-01-24,15.09,,
2007-01-23,15.09,,
2007-01-22,15.06,,
2007-01-19,15.16,,
2007-01-18,15.12,,
2007-01-17,15.11,,
2007-01-16,15.01,,
2007-01-15,14.9,,
2007-01-12,14.76,,
2007-01-11,14.65,,
2007-01-10,14.58,,
2007-01-09,14.79,,
2007-01-08,14.85,,
2007-01-05,14.88,,
2007-01-04,14.83,,
2007-01-03,14.94,,
2007-01-02,14.99,,
2006-12-28,14.98,,
2006-12-27,14.9,,
2006-12-26,14.87,,
2006-12-22,14.75,,
2006-12-21,14.77,,
2006-12-20,14.78,,
2006-12-19,14.61,,
2006-12-18,14.74,,
2006-12-15,14.76,,
2006-12-14,14.81,,
2006-12-13,14.79,,
2006-12-12,14.81,,
2006-12-11,14.88,,
2006-12-08,14.79,,
2006-12-07,14.73,,
2006-12-06,14.82,,
2006-12-05,14.91,,
2006-12-04,15.15,,
2006-12-01,15.36,,
2006-11-30,15.43,,
2006-11-29,15.46,,
2006-11-28,15.48,,
2006-11-27,15.5,,
2006-11-24,15.63,,
2006-11-23,15.6,,
2006-11-22,15.57,,
2006-11-21,15.61,,
2006-11-20,15.43,,
2006-11-17,15.34,,
2006-11-16,15.38,,
2006-11-14,15.34,,
2006-11-13,15.09,,
2006-11-10,15.26,,
2006-11-09,15.32,,
2006-11-08,15.16,,
2006-11-07,15.02,,
2006-11-06,14.99,,
2006-11-03,14.88,,
2006-11-01,14.76,,
2006-10-31,14.85,,
2006-10-30,14.9,,
2006-10-27,14.8,,
2006-10-26,14.72,,
2006-10-25,14.69,,
2006-10-24,14.59,,
2006-10-23,14.62,,
2006-10-20,14.68,,
2006-10-19,14.61,,
2006-10-18,14.47,,
2006-10-17,14.42,,
2006-10-16,14.22,,
2006-10-13,14.24,,
2006-10-11,13.89,,
2006-10-10,13.87,,
2006-10-09,13.84,,
2006-10-06,13.63,,
2006-10-05,13.64,,
2006-10-04,13.43,,
2006-10-03,13.27,,
2006-10-02,13.34,,
2006-09-29,13.2,,
2006-09-28,13.22,,
2006-09-27,13.05,,
2006-09-26,13.03,,
2006-09-25,12.86,,
2006-09-22,13.0,,
2006-09-21,12.96,,
2006-09-20,13.01,,
2006-09-19,12.96,,
2006-09-18,13.01,,
2006-09-15,13.04,,
2006-09-14,12.88,,
2006-09-13,12.94,,
2006-09-12,12.85,,
2006-09-11,12.78,,
2006-09-08,12.91,,
2006-09-06,12.85,,
2006-09-05,12.9,,
2006-09-04,12.96,,
2006-09-01,12.88,,
2006-08-31,12.76,,
2006-08-30,12.73,,
2006-08-29,12.71,,
2006-08-28,12.7,,
2006-08-25,12.68,,
2006-08-24,12.74,,
2006-08-23,12.64,,
2006-08-22,12.62,,
2006-08-21,12.67,,
2006-08-18,12.5,,
2006-08-17,12.59,,
2006-08-16,12.7,,
2006-08-15,12.71,,
2006-08-14,12.58,,
2006-08-11,12.63,,
2006-08-10,12.7,,
2006-08-09,12.61,,
2006-08-08,12.54,,
2006-08-07,12.53,,
2006-08-04,12.7,,
2006-08-03,12.74,,
2006-08-02,12.72,,
2006-08-01,12.58,,
2006-07-31,12.67,,
2006-07-28,12.67,,
2006-07-27,12.67,,
2006-07-26,12.81,,
2006-07-25,12.76,,
2006-07-24,12.5,,
2006-07-21,12.39,,
2006-07-20,12.48,,
2006-07-19,12.59,,
2006-07-18,12.58,,
2006-07-17,12.63,,
2006-07-14,12.7,,
2006-07-13,12.59,,
2006-07-12,12.7,,
2006-07-11,12.88,,
2006-07-10,12.83,,
2006-07-07,12.68,,
2006-07-06,12.89,,
2006-07-05,12.6,,
2006-07-04,12.68,,
2006-07-03,12.57,,
2006-06-30,12.68,,
2006-06-29,12.55,,
2006-06-28,12.3,,
2006-06-27,12.06,,
2006-06-26,12.05,,
2006-06-23,12.3,,
2006-06-22,12.23,,
2006-06-21,12.27,,
2006-06-20,12.19,,
2006-06-19,12.17,,
2006-06-16,12.54,,
2006-06-14,12.36,,
2006-06-13,12.31,,
2006-06-12,12.24,,
2006-06-09,12.19,,
2006-06-08,12.15,,
2006-06-07,12.35,,
2006-06-06,12.33,,
2006-06-05,12.4,,
2006-06-02,12.23,,
2006-06-01,12.13,,
2006-05-31,11.84,,
2006-05-30,12.04,,
2006-05-29,11.79,,
2006-05-26,12.08,,
2006-05-25,12.01,,
2006-05-24,11.65,,
2006-05-23,11.77,,
2006-05-22,11.73,,
2006-05-19,11.92,,
2006-05-18,12.3,,
2006-05-17,12.05,,
2006-05-16,12.37,,
2006-05-15,12.13,,
2006-05-12,12.37,,
2006-05-11,12.37,,
2006-05-10,12.52,,
2006-05-09,12.42,,
2006-05-08,12.19,,
2006-05-05,12.43,,
2006-05-04,12.3,,
2006-05-03,12.25,,
2006-05-02,12.36,,
2006-04-28,12.24,,
2006-04-27,11.94,,
2006-04-26,11.95,,
2006-04-25,11.9,,
2006-04-24,11.91,,
2006-04-20,11.85,,
2006-04-19,11.89,,
2006-04-18,11.89,,
2006-04-17,11.78,,
2006-04-13,11.59,,
2006-04-12,11.59,,
2006-04-11,11.55,,
2006-04-10,11.35,,
2006-04-07,11.41,,
2006-04-06,11.49,,
2006-04-05,11.43,,
2006-04-04,11.4,,
2006-04-03,11.63,,
2006-03-31,11.81,,
2006-03-30,11.86,,
2006-03-29,11.81,,
2006-03-28,11.77,,
2006-03-27,11.83,,
2006-03-24,11.75,,
2006-03-23,11.67,,
2006-03-22,11.73,,
2006-03-21,11.55,,
2006-03-20,11.68,,
2006-03-17,11.68,,
2006-03-16,11.78,,
2006-03-15,11.85,,
2006-03-14,11.88,,
2006-03-13,12.03,,
2006-03-10,12.08,,
2006-03-09,11.98,,
2006-03-08,12.01,,
2006-03-07,12.16,,
2006-03-06,12.25,,
2006-03-03,12.53,,
2006-03-02,12.45,,
2006-03-01,12.57,,
2006-02-24,12.58,,
2006-02-23,12.57,,
2006-02-22,12.74,,
2006-02-21,12.62,,
2006-02-20,12.91,,
2006-02-17,12.86,,
2006-02-16,12.76,,
2006-02-15,12.68,,
2006-02-14,12.79,,
2006-02-13,12.83,,
2006-02-10,12.9,,
2006-02-09,12.82,,
2006-02-08,12.67,,
2006-02-07,12.73,,
2006-02-06,12.84,,
2006-02-03,12.65,,
2006-02-02,12.6,,
2006-02-01,12.67,,
2006-01-31,12.79,,
2006-01-30,12.84,,
2006-01-27,12.64,,
2006-01-26,12.54,,
2006-01-25,12.5,,
2006-01-24,12.51,,
2006-01-23,12.52,,
2006-01-20,12.48,,
2006-01-19,12.39,,
2006-01-18,12.44,,
2006-01-17,12.41,,
2006-01-16,12.61,,
2006-01-13,12.73,,
2006-01-12,12.89,,
2006-01-11,12.75,,
2006-01-10,13.19,,
2006-01-09,13.35,,
2006-01-06,13.54,,
2006-01-05,13.53,,
2006-01-04,13.66,,
2006-01-03,13.51,,
2006-01-02,13.26,,
2005-12-29,13.3,,
2005-12-28,13.35,,
2005-12-27,13.39,,
2005-12-26,13.26,,
2005-12-23,13.29,,
2005-12-22,13.31,,
2005-12-21,13.4,,
2005-12-20,13.31,,
2005-12-19,12.85,,
2005-12-16,12.96,,
2005-12-15,12.9,,
2005-12-14,13.06,,
2005-12-13,12.87,,
2005-12-12,12.93,,
2005-12-09,12.58,,
2005-12-08,12.55,,
2005-12-07,12.68,,
2005-12-06,12.86,,
2005-12-05,12.77,,
2005-12-02,12.57,,
2005-12-01,12.5,,
2005-11-30,12.47,,
2005-11-29,12.47,,
2005-11-28,12.62,,
2005-11-25,12.53,,
2005-11-24,12.65,,
2005-11-23,12.71,,
2005-11-22,12.78,,
2005-11-21,12.79,,
2005-11-18,12.55,,
2005-11-17,12.79,,
2005-11-16,12.83,,
2005-11-14,12.89,,
2005-11-11,12.8,,
2005-11-10,12.7,,
2005-11-09,12.68,,
2005-11-08,12.78,,
2005-11-07,12.85,,
2005-11-04,13.06,,
2005-11-03,13.07,,
2005-11-01,12.87,,
2005-10-31,12.66,,
2005-10-28,12.8,,
2005-10-27,12.77,,
2005-10-26,12.71,,
2005-10-25,12.83,,
2005-10-24,12.71,,
2005-10-21,12.73,,
2005-10-20,13.0,,
2005-10-19,13.05,,
2005-10-18,13.07,,
2005-10-17,13.13,,
2005-10-14,13.2,,
2005-10-13,12.99,,
2005-10-11,12.63,,
2005-10-10,12.65,,
2005-10-07,12.77,,
2005-10-06,12.65,,
2005-10-05,12.53,,
2005-10-04,12.45,,
2005-10-03,12.79,,
2005-09-30,12.67,,
2005-09-29,12.6,,
2005-09-28,12.75,,
2005-09-27,12.52,,
2005-09-26,12.96,,
2005-09-23,13.1,,
2005-09-22,13.05,,
2005-09-21,12.91,,
2005-09-20,12.77,,
2005-09-19,12.73,,
2005-09-16,12.72,,
2005-09-15,12.85,,
2005-09-14,12.86,,
2005-09-13,12.94,,
2005-09-12,12.99,,
2005-09-09,13.37,,
2005-09-08,13.31,,
2005-09-06,13.51,,
2005-09-05,13.2,,
2005-09-02,13.35,,
2005-09-01,13.22,,
2005-08-31,13.15,,
2005-08-30,13.3,,
2005-08-29,13.07,,
2005-08-26,12.85,,
2005-08-25,13.07,,
2005-08-24,13.04,,
2005-08-23,13.13,,
2005-08-22,13.12,,
2005-08-19,12.76,,
2005-08-18,12.99,,
2005-08-17,13.09,,
2005-08-16,13.0,,
2005-08-15,13.22,,
2005-08-12,13.5,,
2005-08-11,13.27,,
2005-08-10,13.63,,
2005-08-09,13.78,,
2005-08-08,13.81,,
2005-08-05,13.68,,
2005-08-04,14.06,,
2005-08-03,14.33,,
2005-08-02,14.36,,
2005-08-01,14.02,,
2005-07-29,14.08,,
2005-07-28,14.19,,
2005-07-27,13.9,,
2005-07-26,13.94,,
2005-07-25,13.35,,
2005-07-22,13.5,,
2005-07-21,13.48,,
2005-07-20,13.52,,
2005-07-19,13.89,,
2005-07-18,14.33,,
2005-07-15,14.56,,
2005-07-14,14.58,,
2005-07-13,14.25,,
2005-07-12,13.81,,
2005-07-11,13.67,,
2005-07-08,13.41,,
2005-07-07,13.71,,
2005-07-06,14.03,,
2005-07-05,13.91,,
2005-07-04,13.29,,
2005-07-01,13.23,,
2005-06-30,13.24,,
2005-06-29,13.32,,
2005-06-28,13.38,,
2005-06-27,14.14,,
2005-06-24,14.48,,
2005-06-23,14.35,,
2005-06-22,14.46,,
2005-06-21,14.4,,
2005-06-20,14.39,,
2005-06-17,14.17,,
2005-06-16,13.94,,
2005-06-15,13.82,,
2005-06-14,13.62,,
2005-06-13,13.45,,
2005-06-10,13.2,,
2005-06-09,13.03,,
2005-06-08,13.16,,
2005-06-07,13.4,,
2005-06-06,13.64,,
2005-06-03,13.3,,
2005-06-02,13.27,,
2005-06-01,13.39,,
2005-05-31,13.34,,
2005-05-30,13.21,,
2005-05-27,13.26,,
2005-05-25,13.2,,
2005-05-24,12.92,,
2005-05-23,12.9,,
2005-05-20,12.88,,
2005-05-19,12.74,,
2005-05-18,12.81,,
2005-05-17,12.47,,
2005-05-16,12.42,,
2005-05-13,12.46,,
2005-05-12,12.64,,
2005-05-11,12.91,,
2005-05-10,12.86,,
2005-05-09,12.99,,
2005-05-06,12.84,,
2005-05-05,12.79,,
2005-05-04,12.77,,
2005-05-03,12.68,,
2005-05-02,12.65,,
2005-04-29,12.62,,
2005-04-28,12.47,,
2005-04-27,12.85,,
2005-04-26,13.1,,
2005-04-25,13.27,,
2005-04-22,13.08,,
2005-04-20,13.05,,
2005-04-19,12.94,,
2005-04-18,12.58,,
2005-04-15,12.45,,
2005-04-14,12.69,,
2005-04-13,12.62,,
2005-04-12,12.63,,
2005-04-11,12.41,,
2005-04-08,12.65,,
2005-04-07,12.79,,
2005-04-06,12.69,,
2005-04-05,12.65,,
2005-04-04,12.64,,
2005-04-01,12.89,,
2005-03-31,13.3,,
2005-03-30,13.05,,
2005-03-29,12.97,,
2005-03-28,12.95,,
2005-03-24,12.74,,
2005-03-23,12.63,,
2005-03-22,13.03,,
2005-03-21,12.96,,
2005-03-18,13.39,,
2005-03-17,13.9,,
2005-03-16,13.84,,
2005-03-15,13.56,,
2005-03-14,13.16,,
2005-03-11,13.16,,
2005-03-10,12.97,,
2005-03-09,12.74,,
2005-03-08,12.58,,
2005-03-07,12.67,,
2005-03-04,12.69,,
2005-03-03,12.45,,
2005-03-02,12.5,,
2005-03-01,12.37,,
2005-02-28,12.32,,
2005-02-25,11.79,,
2005-02-24,11.49,,
2005-02-23,11.49,,
2005-02-22,11.4,,
2005-02-21,11.25,,
2005-02-18,11.24,,
2005-02-17,11.13,,
2005-02-16,11.04,,
2005-02-15,11.04,,
2005-02-14,11.14,,
2005-02-11,10.91,,
2005-02-10,10.9,,
2005-02-09,11.06,,
2005-02-04,11.29,,
2005-02-03,11.53,,
2005-02-02,11.61,,
2005-02-01,11.89,,
2005-01-31,12.11,,
2005-01-28,12.08,,
2005-01-27,12.27,,
2005-01-26,12.39,,
2005-01-25,12.22,,
2005-01-24,12.34,,
2005-01-21,12.23,,
2005-01-20,12.18,,
2005-01-19,12.16,,
2005-01-18,12.1,,
2005-01-17,12.12,,
2005-01-14,12.31,,
2005-01-13,12.33,,
2005-01-12,12.4,,
2005-01-11,12.28,,
2005-01-10,12.31,,
2005-01-07,12.11,,
2005-01-06,12.03,,
2005-01-05,12.05,,
2005-01-04,12.03,,
2005-01-03,12.13,,
2004-12-30,12.35,,
2004-12-29,12.28,,
2004-12-28,12.16,,
2004-12-27,12.16,,
2004-12-23,12.07,,
2004-12-22,11.93,,
2004-12-21,12.13,,
2004-12-20,12.31,,
2004-12-17,12.01,,
2004-12-16,11.95,,
2004-12-15,12.07,,
2004-12-14,11.94,,
2004-12-13,11.83,,
2004-12-10,11.7,,
2004-12-09,11.7,,
2004-12-08,11.73,,
2004-12-07,11.82,,
2004-12-06,11.86,,
2004-12-03,11.95,,
2004-12-02,11.87,,
2004-12-01,12.07,,
2004-11-30,12.05,,
2004-11-29,12.05,,
2004-11-26,12.27,,
2004-11-25,12.34,,
2004-11-24,12.31,,
2004-11-23,12.36,,
2004-11-22,12.32,,
2004-11-19,12.26,,
2004-11-18,12.35,,
2004-11-17,12.35,,
2004-11-16,12.13,,
2004-11-12,11.95,,
2004-11-11,12.01,,
2004-11-10,11.97,,
2004-11-09,11.88,,
2004-11-08,11.75,,
2004-11-05,11.84,,
2004-11-04,11.9,,
2004-11-03,12.02,,
2004-11-01,11.99,,
2004-10-29,12.06,,
2004-10-28,12.1,,
2004-10-27,12.19,,
2004-10-26,12.24,,
2004-10-25,12.1,,
2004-10-22,12.15,,
2004-10-21,12.16,,
2004-10-20,12.02,,
2004-10-19,11.9,,
2004-10-18,11.89,,
2004-10-15,11.89,,
2004-10-14,11.72,,
2004-10-13,11.76,,
2004-10-11,12.24,,
2004-10-08,12.15,,
2004-10-07,12.11,,
2004-10-06,12.06,,
2004-10-05,12.03,,
2004-10-04,12.28,,
2004-10-01,12.46,,
2004-09-30,12.37,,
2004-09-29,12.35,,
2004-09-28,12.4,,
2004-09-27,12.45,,
2004-09-24,12.47,,
2004-09-23,12.63,,
2004-09-22,12.7,,
2004-09-21,12.95,,
2004-09-20,13.1,,
2004-09-17,13.2,,
2004-09-16,13.38,,
2004-09-15,13.19,,
2004-09-14,13.16,,
2004-09-13,13.05,,
2004-09-10,13.3,,
2004-09-09,13.16,,
2004-09-08,13.44,,
2004-09-06,13.84,,
2004-09-03,13.72,,
2004-09-02,13.77,,
2004-09-01,13.99,,
2004-08-31,14.0,,
2004-08-30,13.86,,
2004-08-27,13.89,,
2004-08-26,13.92,,
2004-08-25,13.94,,
2004-08-24,13.8,,
2004-08-23,13.64,,
2004-08-20,13.27,,
2004-08-19,13.3,,
2004-08-18,13.33,,
2004-08-17,13.0,,
2004-08-16,12.79,,
2004-08-13,12.91,,
2004-08-12,12.75,,
2004-08-11,12.42,,
2004-08-10,12.4,,
2004-08-09,12.5,,
2004-08-06,12.5,,
2004-08-05,12.41,,
2004-08-04,12.31,,
2004-08-03,12.12,,
2004-08-02,12.01,,
2004-07-30,12.32,,
2004-07-29,12.65,,
2004-07-28,12.83,,
2004-07-27,13.03,,
2004-07-26,12.44,,
2004-07-23,12.4,,
2004-07-22,12.47,,
2004-07-21,12.7,,
2004-07-20,12.53,,
2004-07-19,12.47,,
2004-07-16,12.6,,
2004-07-15,13.01,,
2004-07-14,13.11,,
2004-07-13,13.24,,
2004-07-12,13.89,,
2004-07-09,14.02,,
2004-07-08,14.3,,
2004-07-07,14.68,,
2004-07-06,14.56,,
2004-07-05,14.64,,
2004-07-02,14.57,,
2004-07-01,14.38,,
2004-06-30,14.32,,
2004-06-29,14.53,,
2004-06-28,14.54,,
2004-06-25,14.89,,
2004-06-24,14.98,,
2004-06-23,14.95,,
2004-06-22,14.61,,
2004-06-21,14.48,,
2004-06-18,14.42,,
2004-06-17,14.41,,
2004-06-16,14.46,,
2004-06-15,14.88,,
2004-06-14,14.39,,
2004-06-11,14.19,,
2004-06-09,14.27,,
2004-06-08,14.32,,
2004-06-07,13.89,,
2004-06-04,13.82,,
2004-06-03,13.68,,
2004-06-02,14.28,,
2004-06-01,14.06,,
2004-05-31,13.28,,
2004-05-28,13.67,,
2004-05-27,14.43,,
2004-05-26,14.64,,
2004-05-25,14.64,,
2004-05-24,14.4,,
2004-05-21,14.56,,
2004-05-20,14.66,,
2004-05-19,14.95,,
2004-05-18,14.98,,
2004-05-17,15.37,,
2004-05-14,16.24,,
2004-05-13,16.51,,
2004-05-12,16.89,,
2004-05-11,17.55,,
2004-05-10,17.13,,
2004-05-07,17.46,,
2004-05-06,17.69,,
2004-05-05,18.06,,
2004-05-04,18.13,,
2004-05-03,18.05,,
2004-04-30,18.26,,
2004-04-29,17.84,,
2004-04-28,17.82,,
2004-04-27,18.01,,
2004-04-26,17.68,,
2004-04-23,17.67,,
2004-04-22,17.29,,
2004-04-20,17.29,,
2004-04-19,17.5,,
2004-04-16,17.25,,
2004-04-15,17.5,,
2004-04-14,17.75,,
2004-04-13,17.54,,
2004-04-12,17.63,,
2004-04-08,18.17,,
2004-04-07,18.28,,
2004-04-06,18.3,,
2004-04-05,18.56,,
2004-04-02,18.32,,
2004-04-01,17.87,,
2004-03-31,17.7,,
2004-03-30,17.99,,
2004-03-29,17.98,,
2004-03-26,18.57,,
2004-03-25,18.57,,
2004-03-24,18.74,,
2004-03-23,18.81,,
2004-03-22,18.98,,
2004-03-19,18.67,,
2004-03-18,18.36,,
2004-03-17,18.02,,
2004-03-16,17.79,,
2004-03-15,17.39,,
2004-03-12,17.11,,
2004-03-11,16.79,,
2004-03-10,16.84,,
2004-03-09,16.82,,
2004-03-08,16.63,,
2004-03-05,16.86,,
2004-03-04,16.67,,
2004-03-03,16.57,,
2004-03-02,16.53,,
2004-03-01,16.21,,
2004-02-27,15.88,,
2004-02-26,15.7,,
2004-02-25,15.74,,
2004-02-20,15.44,,
2004-02-19,15.29,,
2004-02-18,15.26,,
2004-02-17,15.28,,
2004-02-16,15.16,,
2004-02-13,15.28,,
2004-02-12,15.57,,
2004-02-11,15.58,,
2004-02-10,15.49,,
2004-02-09,15.5,,
2004-02-06,15.52,,
2004-02-05,15.35,,
2004-02-04,15.39,,
2004-02-03,15.35,,
2004-02-02,15.45,,
2004-01-30,15.61,,
2004-01-29,15.5,,
2004-01-28,15.9,,
2004-01-27,16.13,,
2004-01-26,16.3,,
2004-01-23,16.32,,
2004-01-22,16.39,,
2004-01-21,16.41,,
2004-01-20,16.37,,
2004-01-19,16.3,,
2004-01-16,16.34,,
2004-01-15,16.4,,
2004-01-14,16.51,,
2004-01-13,16.56,,
2004-01-12,16.76,,
2004-01-09,16.15,,
2004-01-08,16.16,,
2004-01-07,16.27,,
2004-01-06,16.23,,
2004-01-05,16.28,,
2003-12-30,15.95,,
2003-12-29,16.08,,
2003-12-23,15.7,,
2003-12-22,15.71,,
2003-12-19,15.71,,
2003-12-18,15.73,,
2003-12-17,15.71,,
2003-12-16,15.71,,
2003-12-15,15.93,,
2003-12-12,15.88,,
2003-12-11,15.95,,
2003-12-10,15.95,,
2003-12-09,16.01,,
2003-12-08,15.86,,
2003-12-05,15.87,,
2003-12-04,16.01,,
2003-12-03,16.03,,
2003-12-02,16.02,,
2003-12-01,15.96,,
2003-11-28,15.86,,
2003-11-27,15.69,,
2003-11-26,15.68,,
2003-11-25,15.6,,
2003-11-24,15.82,,
2003-11-21,16.09,,
2003-11-20,16.01,,
2003-11-19,16.16,,
2003-11-18,16.58,,
2003-11-17,16.92,,
2003-11-14,16.79,,
2003-11-13,16.82,,
2003-11-12,17.2,,
2003-11-11,16.81,,
2003-11-10,16.69,,
2003-11-07,16.98,,
2003-11-06,16.95,,
2003-11-05,16.94,,
2003-11-04,17.18,,
2003-11-03,17.38,,
2003-10-31,17.19,,
2003-10-30,17.5,,
2003-10-29,17.43,,
2003-10-28,17.16,,
2003-10-27,17.16,,
2003-10-24,16.8,,
2003-10-23,16.72,,
2003-10-22,16.42,,
2003-10-21,16.24,,
2003-10-20,16.14,,
2003-10-17,15.88,,
2003-10-16,15.82,,
2003-10-15,15.8,,
2003-10-14,15.94,,
2003-10-13,15.89,,
2003-10-10,15.71,,
2003-10-09,15.08,,
2003-10-08,14.99,,
2003-10-07,14.96,,
2003-10-06,14.91,,
2003-10-03,14.91,,
2003-10-02,15.03,,
2003-10-01,14.9,,
2003-09-30,14.86,,
2003-09-29,14.65,,
2003-09-26,14.33,,
2003-09-25,14.24,,
2003-09-24,14.27,,
2003-09-23,14.26,,
2003-09-22,14.15,,
2003-09-19,13.91,,
2003-09-18,13.62,,
2003-09-17,13.51,,
2003-09-16,13.3,,
2003-09-15,13.54,,
2003-09-12,13.5,,
2003-09-11,13.35,,
2003-09-10,13.21,,
2003-09-09,13.11,,
2003-09-08,12.97,,
2003-09-05,13.16,,
2003-09-04,13.1,,
2003-09-03,12.84,,
2003-09-02,12.66,,
2003-09-01,12.78,,
2003-08-29,12.85,,
2003-08-28,12.88,,
2003-08-27,12.87,,
2003-08-26,12.81,,
2003-08-25,12.76,,
2003-08-22,12.78,,
2003-08-21,12.62,,
2003-08-20,12.52,,
2003-08-19,12.31,,
2003-08-18,12.43,,
2003-08-15,11.94,,
2003-08-14,11.99,,
2003-08-13,12.04,,
2003-08-12,11.91,,
2003-08-11,11.66,,
2003-08-08,11.64,,
2003-08-07,11.63,,
2003-08-06,11.45,,
2003-08-05,11.5,,
2003-08-04,11.6,,
2003-08-01,11.52,,
2003-07-31,11.56,,
2003-07-30,11.59,,
2003-07-29,11.74,,
2003-07-28,11.9,,
2003-07-25,11.77,,
2003-07-24,11.83,,
2003-07-23,11.99,,
2003-07-22,12.06,,
2003-07-21,12.01,,
2003-07-18,12.14,,
2003-07-17,12.4,,
2003-07-16,12.65,,
2003-07-15,12.73,,
2003-07-14,12.95,,
2003-07-11,12.89,,
2003-07-10,12.73,,
2003-07-08,12.8,,
2003-07-07,12.68,,
2003-07-04,12.9,,
2003-07-03,12.99,,
2003-07-02,13.02,,
2003-07-01,12.91,,
2003-06-30,12.89,,
2003-06-27,13.0,,
2003-06-26,13.03,,
2003-06-25,13.2,,
2003-06-24,13.16,,
2003-06-23,13.11,,
2003-06-20,12.96,,
2003-06-18,12.84,,
2003-06-17,12.71,,
2003-06-16,12.57,,
2003-06-13,12.93,,
2003-06-12,12.86,,
2003-06-11,12.9,,
2003-06-10,12.79,,
2003-06-09,12.77,,
2003-06-06,12.62,,
2003-06-05,12.67,,
2003-06-04,12.39,,
2003-06-03,12.47,,
2003-06-02,12.38,,
2003-05-30,12.59,,
2003-05-29,12.72,,
2003-05-28,12.51,,
2003-05-27,12.41,,
2003-05-26,12.12,,
2003-05-23,12.71,,
2003-05-22,12.61,,
2003-05-21,12.66,,
2003-05-20,12.53,,
2003-05-19,12.55,,
2003-05-16,12.82,,
2003-05-15,12.59,,
2003-05-14,12.82,,
2003-05-13,12.7,,
2003-05-12,12.86,,
2003-05-09,12.68,,
2003-05-08,12.42,,
2003-05-07,12.54,,
2003-05-06,12.21,,
2003-05-05,12.21,,
2003-05-02,12.17,,
2003-04-30,12.24,,
2003-04-29,12.22,,
2003-04-28,12.15,,
2003-04-25,11.99,,
2003-04-24,12.05,,
2003-04-23,12.18,,
2003-04-22,12.2,,
2003-04-17,12.19,,
2003-04-16,12.01,,
2003-04-15,12.18,,
2003-04-14,12.0,,
2003-04-11,11.84,,
2003-04-10,11.72,,
2003-04-09,11.8,,
2003-04-08,11.79,,
2003-04-07,11.9,,
2003-04-04,11.75,,
2003-04-03,11.7,,
2003-04-02,11.74,,
2003-04-01,11.52,,
2003-03-31,11.47,,
2003-03-28,11.66,,
2003-03-27,11.6,,
2003-03-26,11.58,,
2003-03-25,11.8,,
2003-03-24,11.8,,
2003-03-21,11.84,,
2003-03-20,11.64,,
2003-03-19,11.58,,
2003-03-18,11.62,,
2003-03-17,11.51,,
2003-03-14,11.57,,
2003-03-13,11.62,,
2003-03-12,11.4,,
2003-03-11,11.32,,
2003-03-10,11.2,,
2003-03-07,11.19,,
2003-03-06,11.42,,
2003-03-05,11.47,,
2003-02-28,11.73,,
2003-02-27,11.88,,
2003-02-26,11.92,,
2003-02-25,11.91,,
2003-02-24,11.81,,
2003-02-21,11.75,,
2003-02-20,11.74,,
2003-02-19,11.89,,
2003-02-18,12.19,,
2003-02-17,12.19,,
2003-02-14,11.83,,
2003-02-13,11.78,,
2003-02-12,11.85,,
2003-02-11,11.91,,
2003-02-10,11.93,,
2003-02-07,11.86,,
2003-02-06,11.9,,
2003-02-05,11.95,,
2003-02-04,11.96,,
2003-02-03,12.12,,
2003-01-31,12.02,,
2003-01-30,11.87,,
2003-01-29,11.73,,
2003-01-28,11.59,,
2003-01-27,11.52,,
2003-01-24,11.32,,
2003-01-23,11.6,,
2003-01-22,11.64,,
2003-01-21,11.66,,
2003-01-20,11.91,,
2003-01-17,12.08,,
2003-01-16,12.29,,
2003-01-15,12.51,,
2003-01-14,13.16,,
2003-01-13,13.78,,
2003-01-10,13.94,,
2003-01-09,13.89,,
2003-01-08,13.88,,
2003-01-07,13.88,,
2003-01-06,13.73,,
2003-01-03,13.35,,
2003-01-02,13.0,,
2002-12-30,13.17,,
2002-12-27,13.3,,
2002-12-26,13.19,,
2002-12-23,13.25,,
2002-12-20,13.33,,
2002-12-19,13.68,,
2002-12-18,13.68,,
2002-12-17,13.87,,
2002-12-16,13.93,,
2002-12-13,13.54,,
2002-12-12,13.33,,
2002-12-11,13.35,,
2002-12-10,13.21,,
2002-12-09,13.2,,
2002-12-06,13.27,,
2002-12-05,13.25,,
2002-12-04,13.31,,
2002-12-03,13.41,,
2002-12-02,13.64,,
2002-11-29,13.42,,
2002-11-28,13.46,,
2002-11-27,13.52,,
2002-11-26,13.26,,
2002-11-25,13.33,,
2002-11-22,13.34,,
2002-11-21,13.49,,
2002-11-20,13.5,,
2002-11-19,13.29,,
2002-11-18,13.14,,
2002-11-14,12.82,,
2002-11-13,12.89,,
2002-11-12,12.72,,
2002-11-11,12.84,,
2002-11-08,13.03,,
2002-11-07,12.93,,
2002-11-06,12.62,,
2002-11-05,13.03,,
2002-11-04,12.79,,
2002-11-01,12.75,,
2002-10-31,12.77,,
2002-10-30,12.71,,
2002-10-29,12.38,,
2002-10-28,12.25,,
2002-10-25,12.71,,
2002-10-24,12.73,,
2002-10-23,12.47,,
2002-10-22,12.51,,
2002-10-21,12.49,,
2002-10-18,12.36,,
2002-10-17,12.41,,
2002-10-16,12.26,,
2002-10-15,12.42,,
2002-10-14,12.2,,
2002-10-11,12.46,,
2002-10-10,11.58,,
2002-10-09,11.6,,
2002-10-08,11.7,,
2002-10-07,11.67,,
2002-10-04,11.89,,
2002-10-03,11.53,,
2002-10-02,11.77,,
2002-10-01,12.52,,
2002-09-30,12.37,,
2002-09-27,12.17,,
2002-09-26,12.35,,
2002-09-25,12.41,,
2002-09-24,11.85,,
2002-09-23,12.08,,
2002-09-20,12.59,,
2002-09-19,12.35,,
2002-09-18,12.62,,
2002-09-17,12.63,,
2002-09-16,12.72,,
2002-09-13,12.83,,
2002-09-12,13.0,,
2002-09-11,13.21,,
2002-09-10,12.75,,
2002-09-09,12.76,,
2002-09-06,12.34,,
2002-09-05,12.23,,
2002-09-04,12.17,,
2002-09-03,12.08,,
2002-09-02,11.91,,
2002-08-30,12.19,,
2002-08-29,12.13,,
2002-08-28,11.9,,
2002-08-27,11.66,,
2002-08-26,11.67,,
2002-08-23,11.54,,
2002-08-22,11.36,,
2002-08-21,11.57,,
2002-08-20,11.48,,
2002-08-19,11.76,,
2002-08-16,12.09,,
2002-08-15,12.1,,
2002-08-14,11.98,,
2002-08-13,11.96,,
2002-08-12,11.68,,
2002-08-09,11.23,,
2002-08-08,11.36,,
2002-08-07,11.43,,
2002-08-06,11.33,,
2002-08-05,10.7,,
2002-08-02,11.52,,
2002-08-01,11.66,,
2002-07-31,10.54,,
2002-07-30,10.56,,
2002-07-29,10.46,,
2002-07-26,11.08,,
2002-07-25,11.16,,
2002-07-24,11.47,,
2002-07-23,11.48,,
2002-07-22,11.75,,
2002-07-19,11.66,,
2002-07-18,11.82,,
2002-07-17,11.63,,
2002-07-16,11.71,,
2002-07-15,11.63,,
2002-07-12,11.46,,
2002-07-11,11.55,,
2002-07-10,11.34,,
2002-07-08,11.07,,
2002-07-05,10.96,,
2002-07-04,10.92,,
2002-07-03,10.9,,
2002-07-02,10.98,,
2002-07-01,10.86,,
2002-06-28,10.99,,
2002-06-27,10.77,,
2002-06-26,10.53,,
2002-06-25,10.6,,
2002-06-24,10.77,,
2002-06-21,10.38,,
2002-06-20,10.43,,
2002-06-19,10.48,,
2002-06-18,10.48,,
2002-06-17,10.78,,
2002-06-14,10.65,,
2002-06-13,10.68,,
2002-06-12,10.46,,
2002-06-11,10.68,,
2002-06-10,10.91,,
2002-06-07,11.31,,
2002-06-06,11.27,,
2002-06-05,11.3,,
2002-06-04,11.21,,
2002-06-03,11.09,,
2002-05-31,11.09,,
2002-05-29,10.92,,
2002-05-28,10.77,,
2002-05-27,10.62,,
2002-05-24,10.64,,
2002-05-23,10.6,,
2002-05-22,10.52,,
2002-05-21,10.61,,
2002-05-20,10.43,,
2002-05-17,10.33,,
2002-05-16,10.38,,
2002-05-15,10.16,,
2002-05-14,10.04,,
2002-05-13,9.96,,
2002-05-10,10.0,,
2002-05-09,9.8,,
2002-05-08,9.66,,
2002-05-07,9.55,,
2002-05-06,9.61,,
2002-05-03,9.56,,
2002-05-02,9.61,,
2002-04-30,9.82,,
2002-04-29,9.93,,
2002-04-26,10.09,,
2002-04-25,10.27,,
2002-04-24,10.26,,
2002-04-23,10.01,,
2002-04-22,9.98,,
2002-04-19,9.9,,
2002-04-18,9.78,,
2002-04-17,9.69,,
2002-04-16,9.44,,
2002-04-15,9.22,,
2002-04-12,9.28,,
2002-04-11,9.22,,
2002-04-10,9.26,,
2002-04-09,9.37,,
2002-04-08,9.39,,
2002-04-05,9.51,,
2002-04-04,9.46,,
2002-04-03,9.51,,
2002-04-02,9.62,,
2002-04-01,9.61,,
2002-03-28,9.5,,
2002-03-27,9.5,,
2002-03-26,9.38,,
2002-03-25,9.29,,
2002-03-22,9.23,,
2002-03-21,9.23,,
2002-03-20,9.17,,
2002-03-19,9.19,,
2002-03-18,9.19,,
2002-03-15,9.18,,
2002-03-14,9.1,,
2002-03-13,8.99,,
2002-03-12,9.03,,
2002-03-11,8.91,,
2002-03-08,8.8,,
2002-03-07,8.67,,
2002-03-06,8.52,,
2002-03-05,8.64,,
2002-03-04,8.7,,
2002-03-01,8.68,,
2002-02-28,8.62,,
2002-02-27,8.71,,
2002-02-26,8.71,,
2002-02-25,8.89,,
2002-02-22,8.91,,
2002-02-21,8.93,,
2002-02-20,8.93,,
2002-02-19,8.96,,
2002-02-18,8.99,,
2002-02-15,9.07,,
2002-02-14,9.15,,
2002-02-13,9.44,,
2002-02-08,9.58,,
2002-02-07,9.63,,
2002-02-06,9.83,,
2002-02-05,10.01,,
2002-02-04,10.06,,
2002-02-01,10.17,,
2002-01-31,10.19,,
2002-01-30,10.14,,
2002-01-29,10.17,,
2002-01-28,10.26,,
2002-01-25,10.41,,
2002-01-24,10.48,,
2002-01-23,10.57,,
2002-01-22,10.57,,
2002-01-21,10.57,,
2002-01-18,10.63,,
2002-01-17,10.61,,
2002-01-16,10.67,,
2002-01-15,10.62,,
2002-01-14,10.54,,
2002-01-11,10.46,,
2002-01-10,10.31,,
2002-01-09,10.57,,
2002-01-08,10.57,,
2002-01-07,10.89,,
2002-01-04,10.93,,
2002-01-03,11.14,,
2002-01-02,11.12,,
2001-12-28,11.09,,
2001-12-27,11.09,,
2001-12-26,11.13,,
2001-12-21,11.21,,
2001-12-20,11.26,,
2001-12-19,11.49,,
2001-12-18,11.44,,
2001-12-17,11.34,,
2001-12-14,11.27,,
2001-12-13,11.35,,
2001-12-12,11.55,,
2001-12-11,11.65,,
2001-12-10,12.07,,
2001-12-07,11.88,,
2001-12-06,11.79,,
2001-12-05,11.73,,
2001-12-04,11.78,,
2001-12-03,11.71,,
2001-11-30,11.53,,
2001-11-29,11.33,,
2001-11-28,11.65,,
2001-11-27,11.75,,
2001-11-26,11.91,,
2001-11-23,11.89,,
2001-11-22,11.77,,
2001-11-21,11.74,,
2001-11-20,11.71,,
2001-11-19,11.93,,
2001-11-16,11.79,,
2001-11-14,11.74,,
2001-11-13,11.84,,
2001-11-12,11.7,,
2001-11-09,11.78,,
2001-11-08,11.97,,
2001-11-07,11.94,,
2001-11-06,11.72,,
2001-11-05,11.78,,
2001-11-01,11.34,,
2001-10-31,11.2,,
2001-10-30,11.13,,
2001-10-29,11.15,,
2001-10-26,11.12,,
2001-10-25,11.11,,
2001-10-24,10.91,,
2001-10-23,10.88,,
2001-10-22,10.85,,
2001-10-19,10.81,,
2001-10-18,10.72,,
2001-10-17,10.81,,
2001-10-16,10.88,,
2001-10-15,10.68,,
2001-10-11,10.77,,
2001-10-10,10.74,,
2001-10-09,10.66,,
2001-10-08,10.64,,
2001-10-05,10.58,,
2001-10-04,10.65,,
2001-10-03,10.69,,
2001-10-02,10.71,,
2001-10-01,10.86,,
2001-09-28,10.98,,
2001-09-27,11.09,,
2001-09-26,10.88,,
2001-09-25,11.0,,
2001-09-24,10.95,,
2001-09-21,10.5,,
2001-09-20,10.75,,
2001-09-19,10.91,,
2001-09-18,10.98,,
2001-09-17,11.06,,
2001-09-14,11.07,,
2001-09-13,11.04,,
2001-09-12,10.65,,
2001-09-11,10.71,,
2001-09-10,10.95,,
2001-09-06,11.02,,
2001-09-05,11.05,,
2001-09-04,11.11,,
2001-09-03,11.05,,
2001-08-31,11.0,,
2001-08-30,11.08,,
2001-08-29,10.99,,
2001-08-28,10.91,,
2001-08-27,10.88,,
2001-08-24,10.88,,
2001-08-23,10.92,,
2001-08-22,11.09,,
2001-08-21,10.99,,
2001-08-20,11.06,,
2001-08-17,11.16,,
2001-08-16,11.12,,
2001-08-15,11.4,,
2001-08-14,11.24,,
2001-08-13,11.32,,
2001-08-10,11.37,,
2001-08-09,11.1,,
2001-08-08,10.94,,
2001-08-07,10.7,,
2001-08-06,10.72,,
2001-08-03,10.54,,
2001-08-02,10.76,,
2001-08-01,10.94,,
2001-07-31,10.74,,
2001-07-30,10.94,,
2001-07-27,11.09,,
2001-07-26,10.96,,
2001-07-25,10.57,,
2001-07-24,10.33,,
2001-07-23,10.33,,
2001-07-20,10.36,,
2001-07-19,10.53,,
2001-07-18,10.68,,
2001-07-17,11.04,,
2001-07-16,10.55,,
2001-07-13,10.83,,
2001-07-12,10.88,,
2001-07-11,10.62,,
2001-07-10,10.41,,
2001-07-06,10.02,,
2001-07-05,9.89,,
2001-07-04,9.77,,
2001-07-03,10.03,,
2001-07-02,9.96,,
2001-06-29,9.82,,
2001-06-28,9.3,,
2001-06-27,9.4,,
2001-06-26,9.09,,
2001-06-25,9.09,,
2001-06-22,9.24,,
2001-06-21,9.34,,
2001-06-20,9.49,,
2001-06-19,9.38,,
2001-06-18,9.29,,
2001-06-15,9.41,,
2001-06-13,9.48,,
2001-06-12,9.4,,
2001-06-11,9.38,,
2001-06-08,9.3,,
2001-06-07,9.23,,
2001-06-06,9.08,,
2001-06-05,9.01,,
2001-06-04,8.8,,
2001-06-01,9.01,,
2001-05-31,8.74,,
2001-05-30,8.66,,
2001-05-29,8.68,,
2001-05-28,8.81,,
2001-05-25,9.02,,
2001-05-24,8.85,,
2001-05-23,8.73,,
2001-05-22,8.57,,
2001-05-21,8.59,,
2001-05-18,8.67,,
2001-05-17,8.67,,
2001-05-16,8.62,,
2001-05-15,8.39,,
2001-05-14,8.39,,
2001-05-11,8.3,,
2001-05-10,8.34,,
2001-05-09,8.29,,
2001-05-08,8.26,,
2001-05-07,8.24,,
2001-05-04,8.33,,
2001-05-03,8.32,,
2001-05-02,8.23,,
2001-04-30,8.19,,
2001-04-27,8.18,,
2001-04-26,8.18,,
2001-04-25,7.94,,
2001-04-24,8.0,,
2001-04-23,8.04,,
2001-04-20,8.0,,
2001-04-19,8.25,,
2001-04-18,8.26,,
2001-04-17,8.21,,
2001-04-16,8.17,,
2001-04-12,8.3,,
2001-04-11,8.28,,
2001-04-10,8.33,,
2001-04-09,8.34,,
2001-04-06,8.26,,
2001-04-05,8.32,,
2001-04-04,8.26,,
2001-04-03,8.22,,
2001-04-02,8.24,,
2001-03-30,8.31,,
2001-03-29,8.29,,
2001-03-28,8.36,,
2001-03-27,8.39,,
2001-03-26,8.34,,
2001-03-23,8.17,,
2001-03-22,8.16,,
2001-03-21,8.32,,
2001-03-20,8.61,,
2001-03-19,8.52,,
2001-03-16,8.44,,
2001-03-15,8.5,,
2001-03-14,8.4,,
2001-03-13,8.56,,
2001-03-12,8.57,,
2001-03-09,8.57,,
2001-03-08,8.46,,
2001-03-07,8.48,,
2001-03-06,8.58,,
2001-03-05,8.62,,
2001-03-02,8.67,,
2001-03-01,8.68,,
2001-02-28,8.78,,
2001-02-23,8.95,,
2001-02-22,8.91,,
2001-02-21,8.95,,
2001-02-20,9.17,,
2001-02-19,9.14,,
2001-02-16,8.97,,
2001-02-15,9.06,,
2001-02-14,9.07,,
2001-02-13,9.06,,
2001-02-12,9.1,,
2001-02-09,9.1,,
2001-02-08,9.15,,
2001-02-07,9.15,,
2001-02-06,9.24,,
2001-02-05,9.31,,
2001-02-02,9.42,,
2001-02-01,9.45,,
2001-01-31,9.64,,
2001-01-30,9.85,,
2001-01-29,9.92,,
2001-01-26,10.01,,
2001-01-25,10.06,,
2001-01-24,10.12,,
2001-01-23,10.18,,
2001-01-22,10.4,,
2001-01-19,10.4,,
2001-01-18,10.43,,
2001-01-17,10.48,,
2001-01-16,10.61,,
2001-01-15,10.62,,
2001-01-12,10.64,,
2001-01-11,10.61,,
2001-01-10,10.93,,
2001-01-09,11.02,,
2001-01-08,10.96,,
2001-01-05,10.92,,
2001-01-04,11.03,,
2001-01-03,11.06,,
2001-01-02,11.09,,
2000-12-28,11.03,,
2000-12-27,11.08,,
2000-12-26,11.12,,
2000-12-22,11.09,,
2000-12-21,11.2,,
2000-12-20,11.12,,
2000-12-19,11.19,,
2000-12-18,11.24,,
2000-12-15,11.13,,
2000-12-14,11.18,,
2000-12-13,11.28,,
2000-12-12,11.22,,
2000-12-11,11.21,,
2000-12-08,11.18,,
2000-12-07,11.15,,
2000-12-06,11.12,,
2000-12-05,11.25,,
2000-12-04,11.23,,
2000-12-01,11.34,,
2000-11-30,11.13,,
2000-11-29,11.07,,
2000-11-28,10.78,,
2000-11-27,10.74,,
2000-11-24,10.61,,
2000-11-23,10.32,,
2000-11-22,10.37,,
2000-11-21,10.37,,
2000-11-20,10.45,,
2000-11-17,10.12,,
2000-11-16,9.99,,
2000-11-14,10.0,,
2000-11-13,9.89,,
2000-11-10,9.93,,
2000-11-09,9.88,,
2000-11-08,9.97,,
2000-11-07,10.03,,
2000-11-06,10.1,,
2000-11-03,9.94,,
2000-11-01,9.95,,
2000-10-31,10.0,,
2000-10-30,9.88,,
2000-10-27,9.98,,
2000-10-26,9.94,,
2000-10-25,10.05,,
2000-10-24,10.01,,
2000-10-23,10.03,,
2000-10-20,10.12,,
2000-10-19,10.08,,
2000-10-18,10.0,,
2000-10-17,10.06,,
2000-10-16,10.02,,
2000-10-13,10.07,,
2000-10-11,10.19,,
2000-10-10,10.25,,
2000-10-09,10.26,,
2000-10-06,10.32,,
2000-10-05,10.35,,
2000-10-04,10.32,,
2000-10-03,10.33,,
2000-10-02,10.35,,
2000-09-29,10.35,,
2000-09-28,10.49,,
2000-09-27,10.41,,
2000-09-26,10.38,,
2000-09-25,10.36,,
2000-09-22,10.46,,
2000-09-21,10.3,,
2000-09-20,10.27,,
2000-09-19,10.17,,
2000-09-18,10.23,,
2000-09-15,10.22,,
2000-09-14,10.29,,
2000-09-13,10.38,,
2000-09-12,10.36,,
2000-09-11,10.39,,
2000-09-08,10.42,,
2000-09-06,10.45,,
2000-09-05,10.52,,
2000-09-04,10.26,,
2000-09-01,10.32,,
2000-08-31,10.3,,
2000-08-30,10.21,,
2000-08-29,10.18,,
2000-08-28,9.97,,
2000-08-25,9.91,,
2000-08-24,9.91,,
2000-08-23,9.83,,
2000-08-22,9.88,,
2000-08-21,9.83,,
2000-08-18,9.83,,
2000-08-17,9.9,,
2000-08-16,9.86,,
2000-08-15,9.83,,
2000-08-14,9.77,,
2000-08-11,9.76,,
2000-08-10,9.76,,
2000-08-09,9.76,,
2000-08-08,9.77,,
2000-08-07,9.72,,
2000-08-04,9.8,,
2000-08-03,9.81,,
2000-08-02,9.85,,
2000-08-01,9.82,,
2000-07-31,9.81,,
2000-07-28,9.85,,
2000-07-27,9.91,,
2000-07-26,9.79,,
2000-07-25,9.73,,
2000-07-24,9.82,,
2000-07-21,9.77,,
2000-07-20,9.79,,
2000-07-19,9.71,,
2000-07-18,9.76,,
2000-07-17,9.74,,
2000-07-14,9.77,,
2000-07-13,9.8,,
2000-07-12,9.88,,
2000-07-11,9.78,,
2000-07-10,9.72,,
2000-07-07,9.89,,
2000-07-06,9.79,,
2000-07-05,9.85,,
2000-07-04,9.79,,
2000-07-03,9.78,,
2000-06-30,10.11,,
2000-06-29,10.24,,
2000-06-28,10.15,,
2000-06-27,10.19,,
2000-06-26,10.08,,
2000-06-23,10.06,,
2000-06-21,10.32,,
2000-06-20,10.2,,
2000-06-19,10.17,,
2000-06-16,10.29,,
2000-06-15,10.27,,
2000-06-14,10.2,,
2000-06-13,10.2,,
2000-06-12,10.15,,
2000-06-09,10.39,,
2000-06-08,10.41,,
2000-06-07,10.4,,
2000-06-06,10.42,,
2000-06-05,10.48,,
2000-06-02,10.53,,
2000-06-01,10.39,,
2000-05-31,10.27,,
2000-05-30,10.25,,
2000-05-29,10.51,,
2000-05-26,10.59,,
2000-05-25,10.51,,
2000-05-24,10.71,,
2000-05-23,10.75,,
2000-05-22,10.86,,
2000-05-19,10.84,,
2000-05-18,10.82,,
2000-05-17,10.4,,
2000-05-16,10.5,,
2000-05-15,10.44,,
2000-05-12,10.76,,
2000-05-11,10.86,,
2000-05-10,10.9,,
2000-05-09,10.61,,
2000-05-08,10.71,,
2000-05-05,10.94,,
2000-05-04,11.01,,
2000-05-03,10.98,,
2000-05-02,10.88,,
2000-04-28,10.41,,
2000-04-27,10.54,,
2000-04-26,10.61,,
2000-04-25,10.68,,
2000-04-24,10.58,,
2000-04-20,10.54,,
2000-04-19,10.62,,
2000-04-18,10.67,,
2000-04-17,10.57,,
2000-04-14,10.57,,
2000-04-13,10.47,,
2000-04-12,10.51,,
2000-04-11,10.48,,
2000-04-10,10.52,,
2000-04-07,10.55,,
2000-04-06,10.49,,
2000-04-05,10.64,,
2000-04-04,10.63,,
2000-04-03,10.72,,
2000-03-31,10.66,,
2000-03-30,10.48,,
2000-03-29,10.39,,
2000-03-28,10.4,,
2000-03-27,10.34,,
2000-03-24,10.37,,
2000-03-23,10.36,,
2000-03-22,10.44,,
2000-03-21,10.38,,
2000-03-20,10.48,,
2000-03-17,10.71,,
2000-03-16,10.55,,
2000-03-15,10.41,,
2000-03-14,10.46,,
2000-03-13,10.3,,
2000-03-10,10.36,,
2000-03-09,10.51,,
2000-03-08,10.54,,
2000-03-03,10.62,,
2000-03-02,10.71,,
2000-03-01,10.68,,
2000-02-29,10.69,,
2000-02-28,10.57,,
2000-02-25,10.59,,
2000-02-24,10.73,,
2000-02-23,10.69,,
2000-02-22,10.74,,
2000-02-21,10.77,,
2000-02-18,10.78,,
2000-02-17,10.83,,
2000-02-16,10.82,,
2000-02-15,10.86,,
2000-02-14,10.92,,
2000-02-11,10.94,,
2000-02-10,11.0,,
2000-02-09,10.92,,
2000-02-08,10.94,,
2000-02-07,11.0,,
2000-02-04,11.07,,
2000-02-03,11.08,,
2000-02-02,11.12,,
2000-02-01,11.13,,
2000-01-31,11.21,,
2000-01-28,11.29,,
2000-01-27,11.42,,
2000-01-26,11.41,,
2000-01-24,11.45,,
2000-01-21,11.44,,
2000-01-20,11.37,,
2000-01-19,11.31,,
2000-01-18,11.29,,
2000-01-17,11.23,,
2000-01-14,11.12,,
2000-01-13,11.03,,
2000-01-12,10.85,,
2000-01-11,10.85,,
2000-01-10,10.88,,
2000-01-07,10.79,,
2000-01-06,10.65,,
2000-01-05,10.54,,
2000-01-04,10.35,,
2000-01-03,10.55,,
1999-12-30,10.61,,
1999-12-29,10.57,,
1999-12-28,10.45,,
1999-12-27,10.42,,
1999-12-23,10.42,,
1999-12-22,10.47,,
1999-12-21,10.44,,
1999-12-20,10.52,,
1999-12-17,10.6,,
1999-12-16,10.51,,
1999-12-15,10.57,,
1999-12-14,10.76,,
1999-12-13,10.83,,
1999-12-10,10.89,,
1999-12-09,10.91,,
1999-12-08,10.96,,
1999-12-07,11.03,,
1999-12-06,10.98,,
1999-12-03,10.93,,
1999-12-02,10.8,,
1999-12-01,10.74,,
1999-11-30,10.69,,
1999-11-29,10.6,,
1999-11-26,10.57,,
1999-11-25,10.59,,
1999-11-24,10.59,,
1999-11-23,10.59,,
1999-11-22,10.62,,
1999-11-19,10.64,,
1999-11-18,10.66,,
1999-11-17,10.68,,
1999-11-16,10.63,,
1999-11-12,10.7,,
1999-11-11,10.74,,
1999-11-10,10.77,,
1999-11-09,10.9,,
1999-11-08,10.92,,
1999-11-05,10.97,,
1999-11-04,10.97,,
1999-11-03,10.96,,
1999-11-01,11.05,,
1999-10-29,11.08,,
1999-10-28,11.03,,
1999-10-27,10.99,,
1999-10-26,11.0,,
1999-10-25,11.12,,
1999-10-22,11.28,,
1999-10-21,11.26,,
1999-10-20,11.3,,
1999-10-19,11.23,,
1999-10-18,11.23,,
1999-10-15,11.32,,
1999-10-14,11.39,,
1999-10-13,11.42,,
1999-10-11,11.34,,
1999-10-08,11.29,,
1999-10-07,10.97,,
1999-10-06,10.92,,
1999-10-05,10.77,,
1999-10-04,10.83,,
1999-10-01,10.89,,
1999-09-30,10.78,,
1999-09-29,10.88,,
1999-09-28,10.85,,
1999-09-27,10.79,,
1999-09-24,10.79,,
1999-09-23,10.85,,
1999-09-22,10.91,,
1999-09-21,11.07,,
1999-09-20,11.09,,
1999-09-17,11.12,,
1999-09-16,11.04,,
1999-09-15,11.09,,
1999-09-14,11.31,,
1999-09-13,11.21,,
1999-09-10,11.2,,
1999-09-09,11.21,,
1999-09-08,11.13,,
1999-09-06,10.65,,
1999-09-03,10.6,,
1999-09-02,10.43,,
1999-09-01,10.27,,
1999-08-31,10.21,,
1999-08-30,10.02,,
1999-08-27,9.9,,
1999-08-26,9.98,,
1999-08-25,9.94,,
1999-08-24,9.97,,
1999-08-23,9.97,,
1999-08-20,10.26,,
1999-08-19,10.01,,
1999-08-18,9.88,,
1999-08-17,9.99,,
1999-08-16,9.52,,
1999-08-13,9.33,,
1999-08-12,9.37,,
1999-08-11,10.0,,
1999-08-10,10.04,,
1999-08-09,9.73,,
1999-08-06,9.84,,
1999-08-05,9.74,,
1999-08-04,9.93,,
1999-08-03,9.8,,
1999-08-02,9.48,,
1999-07-30,9.13,,
1999-07-29,9.18,,
1999-07-28,9.18,,
1999-07-27,9.21,,
1999-07-26,9.35,,
1999-07-23,9.6,,
1999-07-22,9.37,,
1999-07-21,9.23,,
1999-07-20,8.98,,
1999-07-19,8.96,,
1999-07-16,8.89,,
1999-07-15,8.95,,
1999-07-14,8.85,,
1999-07-13,8.83,,
1999-07-12,8.73,,
1999-07-08,8.75,,
1999-07-07,8.77,,
1999-07-06,8.74,,
1999-07-05,9.05,,
1999-07-02,9.11,,
1999-07-01,9.18,,
1999-06-30,9.38,,
1999-06-29,9.34,,
1999-06-28,9.33,,
1999-06-25,9.31,,
1999-06-24,9.33,,
1999-06-23,9.41,,
1999-06-22,9.44,,
1999-06-21,9.5,,
1999-06-18,9.56,,
1999-06-17,9.59,,
1999-06-16,9.53,,
1999-06-15,9.53,,
1999-06-14,9.48,,
1999-06-11,9.44,,
1999-06-10,9.52,,
1999-06-09,9.52,,
1999-06-08,9.43,,
1999-06-07,9.48,,
1999-06-04,9.39,,
1999-06-02,9.33,,
1999-06-01,9.19,,
1999-05-31,9.34,,
1999-05-28,9.38,,
1999-05-27,9.25,,
1999-05-26,9.37,,
1999-05-25,9.24,,
1999-05-24,9.05,,
1999-05-21,9.32,,
1999-05-20,9.4,,
1999-05-19,9.47,,
1999-05-18,9.48,,
1999-05-17,9.48,,
1999-05-14,9.44,,
1999-05-13,9.43,,
1999-05-12,9.48,,
1999-05-11,9.47,,
1999-05-10,9.57,,
1999-05-07,9.62,,
1999-05-06,9.59,,
1999-05-05,9.58,,
1999-05-04,9.55,,
1999-05-03,9.41,,
1999-04-30,9.52,,
1999-04-29,9.52,,
1999-04-28,9.53,,
1999-04-27,9.41,,
1999-04-26,9.26,,
1999-04-23,9.32,,
1999-04-22,9.33,,
1999-04-20,9.26,,
1999-04-19,9.28,,
1999-04-16,9.27,,
1999-04-15,9.36,,
1999-04-14,9.29,,
1999-04-13,9.3,,
1999-04-12,9.3,,
1999-04-09,9.22,,
1999-04-08,9.12,,
1999-04-07,9.09,,
1999-04-06,9.19,,
1999-04-05,9.17,,
1999-03-31,9.39,,
1999-03-30,9.57,,
1999-03-29,9.63,,
1999-03-26,9.78,,
1999-03-25,9.69,,
1999-03-24,9.52,,
1999-03-23,9.58,,
1999-03-22,9.53,,
1999-03-19,9.34,,
1999-03-18,9.27,,
1999-03-17,9.17,,
1999-03-16,8.99,,
1999-03-15,8.96,,
1999-03-12,8.86,,
1999-03-11,8.88,,
1999-03-10,8.96,,
1999-03-09,9.03,,
1999-03-08,8.69,,
1999-03-05,8.71,,
1999-03-04,8.85,,
1999-03-03,8.49,,
1999-03-02,8.39,,
1999-03-01,8.34,,
1999-02-26,8.65,,
1999-02-25,8.63,,
1999-02-24,8.68,,
1999-02-23,9.0,,
1999-02-22,9.05,,
1999-02-19,9.32,,
1999-02-18,9.49,,
1999-02-17,9.53,,
1999-02-12,9.57,,
1999-02-11,9.61,,
1999-02-10,9.77,,
1999-02-09,9.88,,
1999-02-08,9.81,,
1999-02-05,10.13,,
1999-02-04,10.14,,
1999-02-03,10.2,,
1999-02-02,10.35,,
1999-02-01,10.06,,
1999-01-29,9.52,,
1999-01-28,9.99,,
1999-01-27,10.11,,
1999-01-26,10.23,,
1999-01-22,9.92,,
1999-01-21,9.93,,
1999-01-20,9.89,,
1999-01-19,9.66,,
1999-01-18,9.05,,
1999-01-15,9.66,,
1999-01-14,10.52,,
1999-01-13,10.5,,
1999-01-12,11.32,,
1999-01-11,11.42,,
1999-01-08,11.45,,
1999-01-07,11.48,,
1999-01-06,11.56,,
1999-01-05,11.63,,
1999-01-04,11.71,,
1998-12-30,11.72,,
1998-12-29,11.72,,
1998-12-28,11.77,,
1998-12-23,11.8,,
1998-12-22,11.83,,
1998-12-21,11.84,,
1998-12-18,11.86,,
1998-12-17,11.92,,
1998-12-16,11.99,,
1998-12-15,12.03,,
1998-12-14,12.13,,
1998-12-11,12.15,,
1998-12-10,12.21,,
1998-12-09,12.21,,
1998-12-08,12.23,,
1998-12-07,12.3,,
1998-12-04,12.31,,
1998-12-03,12.35,,
1998-12-02,12.36,,
1998-12-01,12.37,,
1998-11-30,12.39,,
1998-11-27,12.31,,
1998-11-26,12.27,,
1998-11-25,12.31,,
1998-11-24,12.39,,
1998-11-23,12.46,,
1998-11-20,12.58,,
1998-11-19,12.59,,
1998-11-18,12.63,,
1998-11-17,12.65,,
1998-11-16,12.62,,
1998-11-13,12.61,,
1998-11-12,12.64,,
1998-11-11,12.61,,
1998-11-10,12.53,,
1998-11-09,12.43,,
1998-11-06,12.43,,
1998-11-05,12.45,,
1998-11-04,12.41,,
1998-11-03,12.39,,
1998-10-30,12.35,,
1998-10-29,12.37,,
1998-10-28,12.37,,
1998-10-27,12.36,,
1998-10-26,12.4,,
1998-10-23,12.46,,
1998-10-22,12.53,,
1998-10-21,12.54,,
1998-10-20,12.62,,
1998-10-19,12.61,,
1998-10-16,12.69,,
1998-10-15,12.61,,
1998-10-14,12.62,,
1998-10-13,12.59,,
1998-10-09,12.61,,
1998-10-08,12.36,,
1998-10-07,12.41,,
1998-10-06,12.31,,
1998-10-05,12.31,,
1998-10-02,12.31,,
1998-10-01,12.4,,
1998-09-30,12.39,,
1998-09-29,12.43,,
1998-09-28,12.49,,
1998-09-25,12.5,,
1998-09-24,12.5,,
1998-09-23,12.45,,
1998-09-22,12.45,,
1998-09-21,12.47,,
1998-09-18,12.52,,
1998-09-17,12.54,,
1998-09-16,12.51,,
1998-09-15,12.53,,
1998-09-14,12.49,,
1998-09-11,12.38,,
1998-09-10,12.27,,
1998-09-09,12.22,,
1998-09-08,12.24,,
1998-09-04,12.22,,
1998-09-03,12.15,,
1998-09-02,12.13,,
1998-09-01,12.08,,
1998-08-31,12.07,,
1998-08-28,12.08,,
1998-08-27,12.13,,
1998-08-26,12.22,,
1998-08-25,12.14,,
1998-08-24,12.1,,
1998-08-21,12.07,,
1998-08-20,12.15,,
1998-08-19,12.1,,
1998-08-18,11.79,,
1998-08-17,11.72,,
1998-08-14,11.68,,
1998-08-13,11.64,,
1998-08-12,11.61,,
1998-08-11,11.62,,
1998-08-10,11.56,,
1998-08-07,11.48,,
1998-08-06,11.51,,
1998-08-05,11.57,,
1998-08-04,11.64,,
1998-08-03,11.75,,
1998-07-31,11.84,,
1998-07-30,11.91,,
1998-07-29,11.83,,
1998-07-28,11.74,,
1998-07-27,11.75,,
1998-07-24,11.74,,
1998-07-23,11.81,,
1998-07-22,11.87,,
1998-07-21,12.07,,
1998-07-20,12.19,,
1998-07-17,12.46,,
1998-07-16,12.38,,
1998-07-15,12.3,,
1998-07-14,12.47,,
1998-07-13,12.54,,
1998-07-10,12.56,,
1998-07-08,12.77,,
1998-07-07,12.64,,
1998-07-06,12.37,,
1998-07-03,12.51,,
1998-07-02,12.5,,
1998-07-01,12.5,,
1998-06-30,12.51,,
1998-06-29,12.26,,
1998-06-26,12.8,,
1998-06-25,12.86,,
1998-06-24,12.91,,
1998-06-23,12.85,,
1998-06-22,12.58,,
1998-06-19,12.65,,
1998-06-18,12.22,,
1998-06-17,12.18,,
1998-06-16,11.92,,
1998-06-15,11.81,,
1998-06-12,11.91,,
1998-06-10,11.92,,
1998-06-09,11.89,,
1998-06-08,11.97,,
1998-06-05,12.18,,
1998-06-04,12.3,,
1998-06-03,12.36,,
1998-06-02,12.38,,
1998-06-01,12.4,,
1998-05-29,12.53,,
1998-05-28,12.52,,
1998-05-27,12.45,,
1998-05-26,12.55,,
1998-05-25,12.68,,
1998-05-22,12.7,,
1998-05-21,12.73,,
1998-05-20,12.72,,
1998-05-19,12.75,,
1998-05-18,12.87,,
1998-05-15,12.87,,
1998-05-14,12.9,,
1998-05-13,12.88,,
1998-05-12,12.72,,
1998-05-11,12.68,,
1998-05-08,12.83,,
1998-05-07,12.87,,
1998-05-06,12.83,,
1998-05-05,12.75,,
1998-05-04,12.74,,
1998-04-30,12.68,,
1998-04-29,12.68,,
1998-04-28,12.66,,
1998-04-27,12.65,,
1998-04-24,12.61,,
1998-04-23,12.49,,
1998-04-22,12.39,,
1998-04-20,12.44,,
1998-04-17,12.5,,
1998-04-16,12.41,,
1998-04-15,12.37,,
1998-04-14,12.23,,
1998-04-13,12.1,,
1998-04-08,12.17,,
1998-04-07,12.2,,
1998-04-06,12.13,,
1998-04-03,12.38,,
1998-04-02,12.5,,
1998-04-01,12.45,,
1998-03-31,12.47,,
1998-03-30,12.61,,
1998-03-27,12.63,,
1998-03-26,12.82,,
1998-03-25,12.87,,
1998-03-24,12.9,,
1998-03-23,12.73,,
1998-03-20,12.73,,
1998-03-19,12.87,,
1998-03-18,12.87,,
1998-03-17,12.84,,
1998-03-16,12.71,,
1998-03-13,12.78,,
1998-03-12,12.84,,
1998-03-11,12.91,,
1998-03-10,12.77,,
1998-03-09,12.73,,
1998-03-06,12.62,,
1998-03-05,12.57,,
1998-03-04,12.64,,
1998-03-03,12.71,,
1998-03-02,12.74,,
1998-02-27,12.72,,
1998-02-26,12.98,,
1998-02-25,13.07,,
1998-02-20,13.31,,
1998-02-19,13.36,,
1998-02-18,13.47,,
1998-02-17,13.62,,
1998-02-16,13.7,,
1998-02-13,13.82,,
1998-02-12,14.06,,
1998-02-11,14.37,,
1998-02-10,14.43,,
1998-02-09,14.46,,
1998-02-06,14.52,,
1998-02-05,14.49,,
1998-02-04,14.41,,
1998-02-03,14.4,,
1998-02-02,14.35,,
1998-01-30,14.36,,
1998-01-29,14.4,,
1998-01-28,14.53,,
1998-01-27,14.55,,
1998-01-26,14.56,,
1998-01-23,14.54,,
1998-01-22,14.51,,
1998-01-21,14.57,,
1998-01-20,14.65,,
1998-01-19,14.79,,
1998-01-16,14.94,,
1998-01-15,15.18,,
1998-01-14,15.47,,
1998-01-13,15.6,,
1998-01-12,15.96,,
1998-01-09,16.17,,
1998-01-08,16.25,,
1998-01-07,16.52,,
1998-01-06,16.62,,
1998-01-05,16.73,,
1998-01-02,16.8,,
1997-12-30,16.8,,
1997-12-29,16.95,,
1997-12-26,17.11,,
1997-12-23,17.17,,
1997-12-22,17.22,,
1997-12-19,17.4,,
1997-12-18,17.53,,
1997-12-17,17.68,,
1997-12-16,17.83,,
1997-12-15,17.96,,
1997-12-12,18.09,,
1997-12-11,18.3,,
1997-12-10,18.49,,
1997-12-09,18.55,,
1997-12-08,18.52,,
1997-12-05,18.52,,
1997-12-04,18.58,,
1997-12-03,18.63,,
1997-12-02,18.82,,
1997-12-01,18.8,,
1997-11-28,18.81,,
1997-11-27,18.81,,
1997-11-26,18.79,,
1997-11-25,18.68,,
1997-11-24,18.68,,
1997-11-21,18.61,,
1997-11-20,18.51,,
1997-11-19,18.5,,
1997-11-18,18.49,,
1997-11-17,18.34,,
1997-11-14,18.26,,
1997-11-13,18.16,,
1997-11-12,18.09,,
1997-11-11,18.06,,
1997-11-10,18.0,,
1997-11-07,17.78,,
1997-11-06,17.73,,
1997-11-05,17.69,,
1997-11-04,17.66,,
1997-11-03,17.6,,
1997-10-31,17.53,,
1997-10-30,17.46,,
1997-10-29,17.51,,
1997-10-28,17.5,,
1997-10-27,17.39,,
1997-10-24,17.41,,
1997-10-23,17.3,,
1997-10-22,17.18,,
1997-10-21,17.13,,
1997-10-20,17.04,,
1997-10-17,17.04,,
1997-10-16,17.07,,
1997-10-15,17.11,,
1997-10-14,17.07,,
1997-10-13,17.03,,
1997-10-10,16.98,,
1997-10-09,16.96,,
1997-10-08,17.06,,
1997-10-07,17.18,,
1997-10-06,17.29,,
1997-10-03,17.44,,
1997-10-02,17.47,,
1997-10-01,17.54,,
1997-09-30,17.66,,
1997-09-29,17.7,,
1997-09-26,17.76,,
1997-09-25,17.81,,
1997-09-24,17.86,,
1997-09-23,17.89,,
1997-09-22,17.93,,
1997-09-19,17.97,,
1997-09-18,17.94,,
1997-09-17,17.92,,
1997-09-16,17.85,,
1997-09-15,17.96,,
1997-09-12,17.98,,
1997-09-11,17.97,,
1997-09-10,17.96,,
1997-09-09,17.91,,
1997-09-08,17.83,,
1997-09-05,17.75,,
1997-09-04,17.69,,
1997-09-03,17.66,,
1997-09-02,17.59,,
1997-09-01,17.49,,
1997-08-29,17.39,,
1997-08-28,17.19,,
1997-08-27,17.07,,
1997-08-26,16.96,,
1997-08-25,16.93,,
1997-08-22,16.82,,
1997-08-20,16.76,,
1997-08-19,16.75,,
1997-08-18,16.69,,
1997-08-15,16.7,,
1997-08-14,16.64,,
1997-08-13,16.57,,
1997-08-12,16.57,,
1997-08-11,16.44,,
1997-08-08,16.62,,
1997-08-07,16.67,,
1997-08-06,16.74,,
1997-08-05,16.75,,
1997-08-04,16.83,,
1997-08-01,16.71,,
1997-07-31,16.78,,
1997-07-30,16.59,,
1997-07-29,16.66,,
