	Year, Month,Argentina_Temp,Brazil_Temp,China_Temp,India_Temp,Paraguay_Temp
1901,1,20.5068,25.4428,-8.6729,16.2771,27.2056
1901,2,19.735,25.6852,-6.4365,18.189,27.2561
1901,3,18.1317,25.4134,0.65235,23.3944,26.1465
1901,4,13.5216,24.6807,7.55051,27.434,21.3767
1901,5,11.1601,24.2498,12.7269,29.6563,21.3151
1901,6,10.2154,23.6233,16.8987,30.0428,19.7732
1901,7,7.99692,23.9889,19.31,27.4777,20.3928
1901,8,9.27753,24.5464,18.4518,26.217,21.2069
1901,9,12.9267,25.4163,13.9814,26.3156,24.0168
1901,10,15.7964,25.9019,6.87255,25.1825,26.0056
1901,11,17.5532,25.3493,-0.2123,20.7326,26.124
1901,12,20.6557,25.2841,-7.3237,17.4863,27.53
1902,1,21.0173,25.4154,-7.9765,17.7767,27.1568
1902,2,20.9362,25.878,-5.6188,19.4134,28.283
1902,3,17.8175,25.5431,0.845,24.6802,26.3
1902,4,15.5771,25.2931,6.81054,27.6825,23.9856
1902,5,11.9015,24.7728,12.5724,30.0953,22.2508
1902,6,9.00386,24.3457,16.7761,29.608,21.403
1902,7,6.77735,24.0495,18.8765,27.2501,19.8358
1902,8,6.89955,23.6911,17.8276,26.9727,18.0836
1902,9,11.9907,25.408,14.0859,25.8685,24.3142
1902,10,14.5359,25.5335,7.37242,24.3563,24.3906
1902,11,17.0997,25.9746,-0.4219,20.1407,26.4924
1902,12,19.8316,26.0127,-6.5331,17.0481,27.6314
1903,1,20.1659,25.3233,-8.5214,16.9606,27.4818
1903,2,19.9313,25.7234,-5.4184,18.3702,27.8501
1903,3,17.7715,25.7457,-0.0522,22.5214,25.7419
1903,4,13.3227,25.0774,7.19569,27.0121,22.3357
1903,5,10.7337,24.1325,12.4672,29.4572,19.5829
1903,6,8.20792,24.0238,16.7294,29.9202,19.5369
1903,7,7.52366,23.7238,19.0683,27.6734,19.1109
1903,8,8.65353,24.1607,18.1561,26.255,20.2776
1903,9,13.4528,25.2533,13.9319,26.1736,24.5937
1903,10,13.929,25.3112,6.85982,24.2155,23.4181
1903,11,16.8303,25.4216,-1.0896,19.574,25.4585
1903,12,18.8585,25.7167,-7.3812,16.5952,26.2725
1904,1,20.8368,25.0649,-9.1682,16.7357,26.4923
1904,2,19.1368,25.4235,-5.6676,18.9173,26.3012
1904,3,17.1145,25.2458,-0.5744,23.0084,26.0952
1904,4,15.2957,24.9627,7.1091,27.9881,23.5794
1904,5,11.0147,23.6202,12.6099,29.3217,19.1394
1904,6,8.70655,23.057,17.049,28.7641,18.4121
1904,7,8.51353,23.413,18.8973,26.5075,20.3159
1904,8,9.09354,23.8104,18.2957,26.187,20.5191
1904,9,13.0323,24.9,13.8477,25.953,23.4603
1904,10,14.1054,25.1578,6.66483,24.427,23.6332
1904,11,16.6276,25.3359,-0.4451,19.9128,25.9658
1904,12,18.8707,25.2219,-6.5448,17.244,26.2129
1905,1,20.281,25.1291,-7.4643,15.8606,26.3474
1905,2,19.0304,25.4753,-6.9613,16.8244,26.1082
1905,3,18.339,24.9352,-1.3929,21.5156,26.1037
1905,4,13.7904,24.6405,5.83789,25.5401,22.0389
1905,5,9.80547,24.6035,12.3659,29.9189,20.6368
1905,6,8.60653,23.8587,17.1025,30.2554,20.2298
1905,7,6.48856,23.4819,19.2392,27.2491,18.4367
1905,8,9.10487,24.1923,17.9962,26.5998,20.637
1905,9,12.3176,25.0692,13.7901,26.178,23.1721
1905,10,14.2887,26.2031,7.29501,24.6808,26.3134
1905,11,17.111,25.6534,-0.7397,21.0833,25.3907
1905,12,19.1092,25.7393,-6.6007,17.0855,27.0502
1906,1,20.7944,25.2387,-9.4677,16.4007,28.1094
1906,2,20.5484,25.3513,-7.6866,18.1218,28.4371
1906,3,18.8332,25.3431,-0.0949,22.1459,27.2355
1906,4,14.4778,24.9139,7.45592,27.6601,23.9749
1906,5,11.3589,24.5172,12.7529,30.8243,22.6528
1906,6,5.88447,23.0143,17.0261,28.873,18.1674
1906,7,7.31096,23.6138,19.2708,27.094,19.7956
1906,8,9.45446,24.4442,18.3371,26.1986,20.8655
1906,9,11.5224,24.8271,14.0028,25.8253,22.5551
1906,10,15.7142,25.6293,7.47836,24.4925,25.1492
1906,11,17.8958,25.668,-1.7707,21.0307,26.5941
1906,12,18.7316,25.5985,-5.809,17.913,26.8614
1907,1,21.1677,25.2071,-7.6719,17.8702,27.5443
1907,2,20.2729,25.4104,-7.0033,18.2869,27.8671
1907,3,18.0668,25.713,-0.5376,21.9407,27.6298
1907,4,13.8176,25.0019,7.18896,25.887,23.4038
1907,5,9.80526,23.9344,12.6865,28.8561,19.1641
1907,6,6.56716,23.6279,16.5715,28.983,18.5696
1907,7,7.74773,22.872,18.8314,27.7722,18.8165
1907,8,7.97421,23.7429,18.6475,25.6788,19.3573
1907,9,10.7356,25.2631,13.8103,26.3188,23.7156
1907,10,14.145,25.4562,7.5898,24.9286,24.6546
1907,11,17.5865,25.5677,-1.1347,21.1149,26.5139
1907,12,19.2483,25.8325,-7.0217,16.7635,28.2888
1908,1,20.6974,25.6288,-8.9622,16.5446,28.0643
1908,2,20.1271,25.9109,-6.5309,18.9494,27.0618
1908,3,18.3978,25.5208,-0.6512,22.9364,26.2209
1908,4,13.1437,25.1811,7.14655,28.5217,23.0664
1908,5,10.4523,24.4295,12.7751,29.8861,20.6
1908,6,9.06892,23.7783,17.2112,29.8756,19.9623
1908,7,8.1673,23.9447,19.195,26.4599,20.2802
1908,8,8.1168,23.624,18.6299,25.6965,19.2123
1908,9,11.8695,25.3185,13.9766,25.8136,23.3269
1908,10,14.395,25.1056,7.42847,24.3195,24.0666
1908,11,16.9601,25.3861,-1.0535,19.9273,26.3175
1908,12,19.7542,25.8156,-6.0842,16.4412,27.5285
1909,1,21.4548,25.7951,-9.2528,17.0301,28.4293
1909,2,19.5517,25.8793,-5.8958,18.6174,26.8782
1909,3,17.8732,25.5469,-0.83,23.9693,25.707
1909,4,14.6134,25.1736,7.11037,26.2395,23.8684
1909,5,9.51869,23.6469,12.7321,29.4952,18.0724
1909,6,7.03482,23.4954,16.4745,28.1813,18.0151
1909,7,7.13613,23.5171,19.2482,26.1818,18.8192
1909,8,10.4245,24.2436,18.735,25.9589,22.4922
1909,9,12.3005,25.1402,14.0602,25.5819,23.8276
1909,10,14.1794,25.3059,7.18581,24.3711,24.2418
1909,11,16.3323,25.4995,0.28433,21.1287,25.6587
1909,12,18.4494,25.3486,-6.9526,17.4302,26.3931
1910,1,19.9978,25.5646,-9.0046,16.7974,27.9563
1910,2,19.0757,25.6468,-6.4983,18.847,26.5393
1910,3,16.5539,25.1937,-0.9292,23.3406,25.4578
1910,4,13.1193,25.1564,6.68162,27.3007,24.2532
1910,5,10.2852,23.5008,12.8168,29.8642,20.1882
1910,6,8.38585,23.8132,16.4495,28.4578,20.1411
1910,7,6.88482,23.5883,19.2243,26.6185,19.0452
1910,8,9.68495,24.4406,18.438,26.0822,21.7811
1910,9,12.1337,25.2904,13.3475,25.8855,23.1584
1910,10,15.3869,25.2594,7.27479,23.8205,24.2744
1910,11,18.2407,25.3558,-1.4103,19.252,26.3876
1910,12,19.9331,25.349,-8.0627,16.4693,26.8052
1911,1,20.8817,25.2726,-9.0302,17.6558,28.1969
1911,2,19.4818,25.7826,-6.2321,18.5322,27.8435
1911,3,16.9999,24.8326,-0.8016,22.1276,25.2383
1911,4,13.1531,24.8378,7.36569,27.3036,22.9537
1911,5,10.7198,24.2726,12.619,30.4807,21.0447
1911,6,7.39573,23.0571,16.6338,28.5749,17.4226
1911,7,7.92167,23.0756,18.8441,27.8783,18.5275
1911,8,8.17428,23.9917,18.0819,26.3955,19.9652
1911,9,10.3384,24.9372,13.93,25.9319,22.4271
1911,10,13.9004,25.3857,6.84898,24.6329,23.909
1911,11,17.4487,26.0043,-0.5496,20.1427,26.7248
1911,12,19.7642,25.8802,-7.583,17.227,27.8496
1912,1,21.2332,25.5096,-8.4983,17.2691,28.1075
1912,2,20.1462,25.6529,-4.7335,19.9333,28.6049
1912,3,18.5338,25.6174,-0.5594,23.2893,26.8482
1912,4,14.408,25.2739,7.4724,27.2852,23.7194
1912,5,10.206,24.4871,12.9012,30.1292,21.2862
1912,6,8.57189,23.6283,17.092,30.2562,19.1866
1912,7,7.32522,22.413,19.1813,27.111,16.6879
1912,8,8.60217,24.2288,18.0009,26.0635,19.9118
1912,9,12.5988,24.2782,12.8575,25.7697,21.6363
1912,10,15.7668,25.1787,6.35952,24.4415,24.2133
1912,11,17.3411,25.6648,-2.1207,19.8036,26.4134
1912,12,21.0727,25.3029,-7.8387,16.7558,27.5069
1913,1,20.7643,25.2876,-8.9952,16.746,25.1598
1913,2,21.1127,25.5254,-6.2531,19.0789,25.4177
1913,3,17.5114,25.3925,-0.9029,22.0648,24.2729
1913,4,15.4084,25.1836,6.59303,28.2112,22.7379
1913,5,10.9171,23.9629,12.3468,29.0723,19.1205
1913,6,8.66227,23.2471,16.5211,27.9655,16.7367
1913,7,9.8293,23.727,18.7855,26.7348,19.7051
1913,8,9.35896,23.8924,18.2759,26.3232,19.4074
1913,9,12.4607,24.7925,13.7355,26.3287,21.408
1913,10,14.942,25.5597,7.38891,24.676,23.6643
1913,11,18.3824,25.9073,-1.0005,20.0932,25.2397
1913,12,19.722,25.4638,-7.0908,17.1937,25.8812
1914,1,21.047,25.8369,-7.0076,17.6154,26.3711
1914,2,20.2731,25.5387,-5.215,19.093,25.3575
1914,3,17.4256,25.7268,0.25616,22.8752,25.9454
1914,4,13.7917,25.0412,7.32364,26.7427,22.5461
1914,5,10.6464,23.8815,12.8785,29.7828,18.6845
1914,6,9.1011,24.174,17.282,28.9913,19.9625
1914,7,9.29851,24.2315,19.456,26.7012,20.9284
1914,8,8.5383,23.8094,18.3506,26.0731,18.3035
1914,9,10.9073,25.3626,13.6908,26.0776,20.8079
1914,10,14.0402,25.6757,7.29339,23.9364,23.3833
1914,11,15.3582,26.0031,-1.4674,20.9243,23.8148
1914,12,18.8836,25.7589,-7.1897,17.2739,25.4929
1915,1,20.0593,25.944,-9.5875,17.0426,27.0175
1915,2,20.1745,25.7377,-6.8353,18.378,27.3478
1915,3,16.7037,25.679,-0.7152,22.9389,23.3242
1915,4,13.7398,25.6111,6.48666,27.2946,23.6683
1915,5,10.6164,25.6675,12.624,30.5291,21.2225
1915,6,5.55552,23.1536,16.7389,29.8398,14.8373
1915,7,8.25322,23.7383,18.9764,27.6937,17.9492
1915,8,10.1426,24.6544,18.1269,26.6672,20.0754
1915,9,11.5937,24.8876,13.5782,26.5108,20.1344
1915,10,14.9703,25.7494,7.41797,25.5425,22.8364
1915,11,17.7742,25.3486,0.02907,21.5005,24.1641
1915,12,19.8968,25.498,-5.5685,17.2457,25.96
1916,1,20.5548,25.5292,-8.4714,17.1662,26.3556
1916,2,19.7173,25.5913,-6.264,18.7634,24.8084
1916,3,16.8928,25.1363,-0.8219,24.7735,23.4854
1916,4,15.0296,25.0546,6.88459,28.1517,22.6344
1916,5,11.3483,24.1889,13.1284,30.0966,19.1658
1916,6,4.86873,22.5399,16.9729,27.9553,14.2255
1916,7,5.83653,22.9186,19.3004,26.9996,16.0221
1916,8,9.01249,24.1947,19.0697,26.1908,18.7811
1916,9,12.7309,25.6236,13.8948,26.0131,22.9755
1916,10,15.8964,25.2353,7.15758,24.3516,22.8878
1916,11,18.1891,25.4112,-0.782,19.9428,25.4619
1916,12,19.4874,25.0807,-8.0502,16.3664,25.8108
1917,1,22.019,24.9708,-10.012,16.826,27.9956
1917,2,20.2302,24.842,-5.9415,18.8009,25.5998
1917,3,17.0827,24.8985,-0.4181,22.5102,24.6302
1917,4,13.9426,24.3538,6.6652,25.8927,21.1398
1917,5,9.38404,22.6981,12.6597,28.3173,18.1637
1917,6,8.46169,22.254,17.2872,27.9425,17.4179
1917,7,7.03528,22.5059,19.64,26.6163,15.9125
1917,8,8.54843,23.2899,18.905,26.103,19.0353
1917,9,12.3879,24.6931,13.9364,25.3702,21.5597
1917,10,14.665,25.0706,7.09493,23.7146,22.4688
1917,11,17.9261,25.0748,-1.2662,19.6156,23.9489
1917,12,20.8212,25.0578,-8.5379,16.8491,27.1196
1918,1,20.6938,25.042,-9.2796,15.8845,27.0543
1918,2,20.1343,24.9086,-5.8484,18.9521,24.5209
1918,3,17.626,25.2893,0.52388,23.1046,24.0747
1918,4,14.6808,24.808,6.91384,26.2722,21.907
1918,5,9.26302,24.0891,12.6058,29.6911,18.2536
1918,6,7.18201,23.2549,16.7766,28.0192,17.1734
1918,7,7.43055,22.9302,19.2262,28.057,16.8327
1918,8,9.2077,23.6501,18.3424,26.5743,19.2339
1918,9,10.8653,24.9391,13.8185,26.3508,22.6303
1918,10,14.6113,25.5817,7.30052,24.8237,23.983
1918,11,17.496,25.7694,-1.7848,21.0045,25.4369
1918,12,20.2266,25.5148,-8.5115,16.9301,26.024
1919,1,21.8973,25.674,-10.461,17.4108,27.8168
1919,2,19.7798,26.0504,-5.8609,18.7149,25.5812
1919,3,18.1337,26.0848,0.26353,23.6169,25.6071
1919,4,14.4687,25.2359,7.37972,27.038,23.9432
1919,5,12.8296,25.29,13.0727,29.5456,21.9968
1919,6,7.80919,24.2317,17.1453,29.0379,18.0743
1919,7,7.84581,23.8839,19.5989,26.7873,19.6637
1919,8,8.65681,23.415,19.2523,26.2436,18.6747
1919,9,10.4795,24.5535,13.7872,25.8679,19.1634
1919,10,14.8157,25.5344,7.28582,24.2238,24.4677
1919,11,16.8971,25.531,-0.914,20.6876,25.3414
1919,12,20.3822,25.4192,-7.2023,16.9949,27.0746
1920,1,21.5395,25.5921,-7.7541,17.2949,27.1875
1920,2,20.1434,25.7305,-7.9435,18.6372,26.7984
1920,3,18.2636,25.4432,0.02547,23.309,26.1314
1920,4,15.3326,25.1477,7.24842,27.1151,24.0197
1920,5,11.3789,23.8878,12.9627,28.4624,19.8988
1920,6,7.46458,22.7493,16.7791,29.0198,17.1337
1920,7,6.35267,22.6417,19.9605,26.8808,15.7911
1920,8,9.64483,23.3441,18.4121,26.3817,18.3327
1920,9,12.5043,24.9131,13.8087,26.6943,22.1039
1920,10,14.3321,25.8933,7.76396,25.3313,24.2901
1920,11,17.6612,25.6618,-0.6643,21.1437,26.3875
1920,12,19.6931,25.2623,-7.4634,17.4939,26.7637
1921,1,20.1603,25.2483,-8.6959,17.6378,27.2725
1921,2,19.3611,25.3842,-6.1729,18.6629,26.1268
1921,3,16.8558,25.2327,-0.1617,25.0045,25.0218
1921,4,14.5739,24.5523,7.31188,28.6278,22.3403
1921,5,11.9494,24.2148,12.9085,31.2585,21.5737
1921,6,5.99041,21.9786,16.8662,29.1815,16.36
1921,7,6.37948,21.8082,19.6452,27.5601,16.8496
1921,8,8.78141,24.0452,18.6356,26.0628,20.507
1921,9,11.443,24.5681,13.7309,25.6509,21.2568
1921,10,14.4305,25.2472,7.08467,23.7814,24.3058
1921,11,17.5232,24.8733,-1.1296,19.8702,25.4063
1921,12,20.5119,25.5949,-6.8144,17.8241,28.1616
1922,1,20.3797,25.3578,-10.341,16.8745,26.9731
1922,2,19.2801,25.3545,-5.0048,19.724,26.3617
1922,3,17.3169,25.1979,0.16484,24.2847,25.2116
1922,4,13.5587,24.6797,7.96569,28.2657,23.1665
1922,5,11.0926,23.659,13.0572,30.3501,19.5258
1922,6,6.08803,22.7558,17.315,28.7781,15.8534
1922,7,9.09168,22.6978,19.6879,26.9061,19.076
1922,8,8.35601,23.842,18.6058,26.2296,20.0496
1922,9,12.4913,24.7445,13.9139,25.7467,21.775
1922,10,13.2112,24.6716,7.7171,23.9675,21.5526
1922,11,17.9661,25.1011,-1.3927,20.4544,26.1637
1922,12,19.8508,24.9685,-6.7385,16.6683,26.6858
1923,1,20.621,25.0443,-9.076,16.9574,27.5904
1923,2,20.5395,25.121,-6.6488,18.4275,27.0089
1923,3,18.1543,25.0485,1.31633,23.5946,25.7273
1923,4,14.2794,24.618,7.28748,27.938,23.8008
1923,5,9.46111,23.117,13.1909,29.7619,17.6533
1923,6,8.67269,23.0231,17.0701,30.749,17.9234
1923,7,5.45,22.1502,19.3633,26.8252,16.4949
1923,8,8.17842,23.8557,19.1818,26.037,20.5444
1923,9,11.7905,24.9094,13.8303,26.0184,21.8927
1923,10,13.0044,25.3086,7.26613,23.8943,24.0554
1923,11,17.3931,25.3799,-0.3415,20.4005,24.8357
1923,12,18.8413,25.6912,-6.5826,17.6566,27.1887
1924,1,20.7115,25.5478,-8.4645,16.9472,26.7968
1924,2,19.907,25.4219,-6.5716,19.446,27.0273
1924,3,17.4802,25.4808,-0.6854,24.7937,25.5602
1924,4,13.4505,24.7834,7.60444,28.5089,21.6311
1924,5,9.35572,23.3995,12.9476,29.3557,17.8237
1924,6,8.04967,22.8834,17.5597,30.4911,18.5096
1924,7,6.82776,22.66,19.7186,27.2099,17.3638
1924,8,7.74336,22.7177,19.1876,26.4486,18.5075
1924,9,10.7623,24.4151,14.2955,25.5828,21.2717
1924,10,14.613,24.3783,7.2002,24.2245,23.243
1924,11,16.8174,25.137,-0.7234,19.9161,24.5148
1924,12,20.8355,25.0816,-6.4618,17.3145,27.7295
1925,1,20.8147,24.8965,-8.793,15.7973,26.7217
1925,2,20.4727,25.0677,-7.3851,17.9308,27.0073
1925,3,18.8564,24.7,-0.3312,23.7058,25.4359
1925,4,14.038,25.0513,6.95375,28.4778,23.6638
1925,5,9.61286,23.8999,12.3582,29.0898,19.6087
1925,6,6.52141,22.5932,17.1036,28.1994,16.4437
1925,7,6.53613,22.5757,19.2869,26.3065,16.8957
1925,8,10.2501,24.3368,18.3968,26.4636,21.8038
1925,9,11.9088,24.7598,14.0892,26.3575,22.0047
1925,10,14.1685,25.1201,8.16867,24.7687,22.8123
1925,11,18.035,25.3842,0.59045,20.4214,25.7288
1925,12,20.1624,25.6523,-6.3974,17.0918,27.2995
1926,1,21.5752,25.5491,-8.0243,17.3705,28.1735
1926,2,20.9449,25.7196,-5.2372,20.086,27.0755
1926,3,19.0544,25.7088,0.99958,22.9545,27.6391
1926,4,13.6976,24.9825,7.3026,25.8276,23.3038
1926,5,9.83566,23.5167,13.1458,29.0189,19.2819
1926,6,8.48465,23.5523,17.028,30.8842,20.0236
1926,7,7.30105,22.7634,19.5662,27.5083,17.7191
1926,8,9.92357,24.1524,19.0572,26.3635,20.3514
1926,9,11.9735,25.5318,14.5326,25.9123,23.2855
1926,10,14.9862,25.3885,6.99133,24.2291,24.6491
1926,11,17.8088,25.7968,-0.7834,19.3714,26.276
1926,12,19.9825,25.2756,-8.0422,17.2541,26.5241
1927,1,20.5336,25.0293,-9.2248,16.7782,27.1766
1927,2,21.6772,25.1665,-6.868,18.5153,27.1378
1927,3,18.6055,25.0265,-1.4458,22.8225,25.7939
1927,4,14.7091,24.6888,7.31757,27.5241,22.784
1927,5,10.4979,23.5544,12.6867,29.4941,19.2701
1927,6,7.20307,22.3935,17.0787,29.2815,16.3801
1927,7,7.61922,22.2642,20.1507,26.7895,17.8439
1927,8,9.69229,23.6024,18.7221,26.0494,19.6966
1927,9,11.2131,24.6889,14.4582,26.1718,22.5122
1927,10,14.846,25.1525,7.70243,24.5164,24.2511
1927,11,17.9922,25.6524,0.19118,19.76,25.8232
1927,12,19.2799,25.3592,-6.3832,17.8318,26.0435
1928,1,20.0267,25.4502,-8.6892,17.0645,28.2099
1928,2,18.6815,25.6345,-5.6449,19.3476,26.7835
1928,3,17.1262,25.3235,0.64022,23.6479,25.7642
1928,4,14.255,25.2868,8.113,27.5484,24.1761
1928,5,9.8727,23.9237,13.3701,30.5925,19.2558
1928,6,6.67085,23.3907,17.1238,29.0835,16.6394
1928,7,7.54901,22.7564,19.9559,26.9264,17.0776
1928,8,8.79222,23.1264,18.6722,26.716,19.3622
1928,9,11.5659,24.5114,13.9686,26.3091,21.5134
1928,10,15.29,25.1445,7.27295,24.8307,24.3064
1928,11,18.1047,25.4769,-1.3834,20.7884,26.0942
1928,12,19.0739,25.1618,-8.3954,17.3353,26.4364
1929,1,21.5597,25.5329,-9.9948,16.9083,28.5278
1929,2,20.2249,25.314,-7.2033,18.2081,26.7905
1929,3,17.7869,24.9706,1.49564,24.3237,25.3797
1929,4,15.7533,24.284,8.33361,27.5761,23.5544
1929,5,9.8439,23.0428,12.991,30.5685,18.6771
1929,6,7.48105,22.9651,17.3762,29.147,16.4625
1929,7,8.33242,22.8274,19.5229,26.8865,17.3098
1929,8,9.03461,23.7923,18.4931,26.0808,19.3664
1929,9,12.2931,24.9791,13.9022,26.4251,21.7575
1929,10,14.116,25.4418,6.92022,24.1512,23.6424
1929,11,18.0557,25.1115,-0.9302,20.6631,25.9481
1929,12,20.0594,24.9743,-9.58,16.8993,26.8712
1930,1,21.4071,25.1953,-10.57,16.5022,27.0289
1930,2,20.5462,25.2427,-5.4137,18.3927,26.1686
1930,3,17.9304,25.4132,0.67571,23.8127,26.0811
1930,4,15.2023,24.814,6.99702,27.1866,24.1544
1930,5,10.6898,24.316,13.2169,29.8405,20.2264
1930,6,10.4228,23.9671,16.8995,29.1514,22.5868
1930,7,6.50429,22.9728,20.2768,26.5689,18.2766
1930,8,7.59529,24.2035,18.514,26.2137,20.1341
1930,9,12.4503,24.7428,13.6006,26.3665,21.4896
1930,10,13.6135,25.1953,7.34037,24.7022,23.9463
1930,11,17.2836,25.345,-1.3033,19.9966,25.0159
1930,12,20.0496,25.5114,-7.1957,17.4746,27.0249
1931,1,20.5417,26.0197,-9.7855,17.82,27.9952
1931,2,20.9345,25.802,-8.1588,18.7291,28.3707
1931,3,17.6707,25.4853,0.65687,23.2233,26.3756
1931,4,13.4048,25.2081,6.97895,28.617,22.9002
1931,5,8.10295,23.6992,12.0686,30.1983,17.5894
1931,6,6.60047,22.9368,17.1632,30.2019,16.3219
1931,7,7.13691,23.149,19.1009,27.0638,18.3363
1931,8,8.51518,23.8836,19.2775,26.7596,20.5736
1931,9,10.2784,24.4413,13.9965,25.9669,21.2615
1931,10,15.4836,25.2312,7.90398,24.3409,24.9388
1931,11,16.0815,25.106,-0.5472,20.2328,24.8075
1931,12,20.2749,25.2408,-6.8238,17.5391,27.8376
1932,1,21.7073,25.0637,-6.5408,17.6182,28.3808
1932,2,20.1539,25.5618,-6.857,18.2746,27.2371
1932,3,18.4062,25.1899,0.38756,23.5265,26.0823
1932,4,14.3775,25.4709,8.18927,27.5966,23.7287
1932,5,9.51108,23.8597,12.7483,29.5324,18.8274
1932,6,8.05554,23.3241,17.0852,29.8083,18.5651
1932,7,9.39292,23.8304,20.062,26.9874,21.1477
1932,8,8.03844,23.6204,18.0269,26.3507,19.2125
1932,9,11.9092,25.0153,14.1462,26.2665,23.0768
1932,10,14.863,25.4107,7.62999,24.9425,24.8772
1932,11,18.4002,25.8245,0.08285,20.7352,26.7468
1932,12,19.7722,25.2882,-6.5747,17.3077,27.4022
1933,1,20.2263,25.3335,-10.686,16.2928,29.2388
1933,2,19.681,25.4097,-6.3031,19.5881,27.564
1933,3,17.1753,25.12,-0.283,23.5557,26.8901
1933,4,14.8328,24.5199,7.73082,26.5325,24.4845
1933,5,11.2056,24.0432,13.1658,28.2565,21.4773
1933,6,7.83444,22.4001,17.2517,28.4029,18.081
1933,7,6.06298,22.3603,19.7835,26.8486,16.3518
1933,8,10.0218,23.8937,19.1908,25.8617,21.7797
1933,9,11.7221,25.0946,14.4259,25.697,23.4268
1933,10,14.9989,25.2572,6.79053,24.1891,26.0483
1933,11,17.459,24.9909,-0.3469,20.5627,26.3417
1933,12,18.895,25.0551,-5.3358,17.4959,28.1577
1934,1,21.7637,25.0627,-10.615,16.0755,28.3604
1934,2,18.7492,24.769,-4.6885,19.4784,26.1006
1934,3,17.7344,24.8458,-0.8599,22.9771,27.2136
1934,4,12.5155,24.4223,5.64427,27.764,21.4608
1934,5,10.4501,23.7542,13.3774,29.9091,20.9746
1934,6,8.15074,23.2966,16.91,29.0176,21.1805
1934,7,7.88358,22.8629,19.4839,26.8337,19.0186
1934,8,9.42267,23.8021,18.2562,26.0699,20.8572
1934,9,11.0286,24.6721,13.9739,26.182,23.1064
1934,10,13.6365,24.7136,6.3334,24.0043,23.742
1934,11,16.1335,25.38,-1.5442,19.7995,26.7206
1934,12,18.78,25.237,-5.2601,17.433,27.7366
1935,1,20.5153,25.3874,-8.9896,15.9906,28.6129
1935,2,19.9801,25.133,-3.8035,19.1782,28.3015
1935,3,19.3058,25.3332,1.74691,23.4916,28.0781
1935,4,13.4863,24.2327,6.8066,25.926,22.9639
1935,5,12.5608,23.3859,12.9796,30.6066,21.6616
1935,6,8.84049,23.2951,17.476,29.8771,20.4819
1935,7,7.13384,23.2743,19.7294,26.7643,18.6335
1935,8,9.57734,23.8411,19.0594,25.9819,20.8575
1935,9,10.4098,24.7071,14.5815,25.6921,21.7785
1935,10,12.5214,25.4685,8.92728,24.3904,23.6599
1935,11,17.6693,25.359,-1.4865,20.4561,26.0223
1935,12,19.1875,25.809,-10.064,17.4521,28.2378
1936,1,20.6371,25.2986,-10.698,16.7649,29.1481
1936,2,19.8076,25.3039,-7.2256,18.9455,27.2014
1936,3,17.8014,25.4029,-1.8755,23.2518,27.184
1936,4,14.082,25.0622,6.70848,27.2733,23.51
1936,5,10.1507,24.9045,12.3844,30.4385,22.7438
1936,6,7.57365,23.7108,17.0592,27.7083,19.8543
1936,7,8.23855,23.045,19.5701,26.7325,18.6736
1936,8,7.90644,23.6173,18.2271,26.2039,18.8117
1936,9,11.6802,25.1238,14.3881,26.1617,23.7621
1936,10,14.4282,25.8227,8.27853,24.4211,26.0331
1936,11,17.102,25.4456,-0.0309,20.9745,26.9294
1936,12,19.3685,25.4745,-7.2242,17.406,27.7812
1937,1,20.8396,25.2763,-9.0692,16.1863,28.4561
1937,2,20.5231,25.7709,-5.5782,19.3507,27.8897
1937,3,17.2037,25.4431,-0.797,22.7661,26.1375
1937,4,14.1339,24.5277,7.03192,26.5024,21.903
1937,5,9.76263,23.5626,12.9771,29.7782,19.6356
1937,6,9.03091,23.5221,17.073,29.5677,20.541
1937,7,7.0854,23.351,19.686,26.7178,19.4125
1937,8,8.90469,24.5958,18.7386,26.5125,22.6756
1937,9,11.1658,25.0222,14.4603,26.2695,22.683
1937,10,13.4937,25.1448,8.14692,23.9494,23.8808
1937,11,17.2595,25.7739,-1.6602,20.3706,27.1741
1937,12,20.0239,25.6087,-7.0146,16.7696,28.116
1938,1,19.4476,25.5695,-9.5997,17.4081,27.9734
1938,2,19.5438,25.8879,-6.2774,18.0734,27.032
1938,3,16.6804,25.2354,1.04077,24.4966,26.2684
1938,4,12.3947,24.4989,9.16998,28.2836,21.7828
1938,5,10.9224,23.9008,13.5436,30.2549,20.873
1938,6,8.01924,23.285,17.0315,27.5639,19.4451
1938,7,7.5161,23.4273,19.9013,26.6823,19.851
1938,8,7.65581,23.7415,18.9536,26.47,19.642
1938,9,11.7935,24.9397,13.8816,26.3959,23.3435
1938,10,14.8038,25.0261,8.3278,24.5357,24.15
1938,11,17.0855,25.2799,-0.3639,19.5284,26.9467
1938,12,20.4589,25.3127,-7.523,17.2703,28.078
1939,1,21.2924,25.4231,-8.8652,17.4869,29.5653
1939,2,19.3746,25.2416,-5.0305,19.2816,27.3201
1939,3,16.8927,25.2266,0.16891,22.2125,24.9896
1939,4,12.3529,24.5872,7.00832,27.0096,22.1402
1939,5,10.6754,24.4672,13.5469,30.4363,22.1064
1939,6,9.19345,23.535,17.0088,28.9517,20.6741
1939,7,8.32358,22.7518,20.1858,26.7693,18.1461
1939,8,10.4555,24.0005,19.5462,26.6713,22.1851
1939,9,11.1523,24.655,14.1918,26.1023,22.6717
1939,10,14.3423,25.6032,7.78523,24.8347,25.7185
1939,11,15.7253,25.5958,-0.8963,20.2511,25.4394
1939,12,18.3654,25.5389,-5.5324,17.5063,26.73
1940,1,20.046,25.4619,-8.2708,16.7581,27.5948
1940,2,19.4828,25.7041,-5.3263,19.1065,27.137
1940,3,16.8103,25.4869,0.71292,22.1324,25.7933
1940,4,13.6057,25.0382,7.07243,27.0069,23.9665
1940,5,11.2683,24.6565,12.9391,29.9709,22.5031
1940,6,9.16532,23.4778,17.6031,29.3525,20.3552
1940,7,9.10973,24.0179,20.0527,26.8996,21.3727
1940,8,8.02602,23.8799,17.8891,26.1502,20.2854
1940,9,11.4919,24.9313,14.0359,26.1232,23.104
1940,10,12.8915,25.4738,8.35292,24.812,23.6973
1940,11,16.5646,25.3644,-0.666,21.314,25.3801
1940,12,19.1765,26.1085,-4.9208,17.49,29.1175
1941,1,20.6472,25.7955,-7.3139,17.0226,28.3341
1941,2,18.4425,26.1292,-4.9205,19.7445,26.7079
1941,3,16.3373,25.6799,1.15878,24.9807,25.1697
1941,4,12.7943,25.8928,7.80595,29.0376,24.0806
1941,5,9.42724,24.6358,13.1617,30.6389,20.3168
1941,6,8.38759,23.2953,17.7757,29.0939,18.0301
1941,7,8.65595,23.6356,19.805,27.4983,19.4418
1941,8,9.90356,24.8099,18.861,26.9435,22.1285
1941,9,10.0011,24.1058,14.0891,26.5238,19.8957
1941,10,15.6223,25.8862,8.0971,25.4684,25.5184
1941,11,16.3322,25.7972,-0.0975,20.6941,25.6427
1941,12,19.5093,26.005,-5.4631,18.5094,27.7755
1942,1,21.4455,26.2564,-7.8843,16.7757,28.9807
1942,2,20.0894,25.7398,-7.366,19.4969,28.101
1942,3,16.4803,25.8146,2.62214,24.385,25.3351
1942,4,13.6427,25.398,7.49355,28.1985,23.4406
1942,5,9.28751,24.1434,12.33,30.5861,18.8053
1942,6,5.77895,22.9,17.8263,30.1038,15.7495
1942,7,5.82463,22.3665,19.8722,26.649,16.0792
1942,8,8.7667,24.3412,18.755,26.0975,21.7287
1942,9,11.8302,25.3922,14.3611,25.8084,23.2327
1942,10,14.6486,25.5612,7.98096,24.4786,24.4827
1942,11,18.4792,25.858,0.44376,20.8966,27.3192
1942,12,20.6289,25.2783,-6.5237,17.272,28.2364
1943,1,21.3804,25.3621,-9.0087,17.6442,28.8525
1943,2,21.214,25.3918,-5.5893,18.5881,27.8324
1943,3,17.0538,25.202,0.9851,23.8951,26.4169
1943,4,14.0042,24.5034,7.17566,26.6046,22.6415
1943,5,11.4431,24.5286,13.6942,29.9252,21.4256
1943,6,7.97773,23.5829,17.0262,28.6885,18.6043
1943,7,8.57188,23.3258,20.0368,26.7209,19.9184
1943,8,6.84577,22.9692,19.0481,25.8901,17.6391
1943,9,11.567,24.515,14.3915,26.0931,23.1153
1943,10,15.4979,26.0397,7.91427,24.2234,25.7923
1943,11,16.8424,25.6657,-0.7801,21.0899,25.9916
1943,12,20.5303,25.1774,-6.1236,17.5547,27.6477
1944,1,20.1266,25.4578,-8.7714,16.8176,28.9536
1944,2,20.4295,25.546,-6.6166,18.5455,28.8875
1944,3,17.6462,25.4031,1.56811,22.5741,25.9336
1944,4,14.0807,24.617,7.34782,26.4941,23.1077
1944,5,10.9444,24.0242,13.0023,30.7617,21.617
1944,6,8.49775,23.5956,17.7781,29.3461,20.451
1944,7,8.32113,23.2115,20.3753,26.757,20.0226
1944,8,9.88528,24.7568,18.862,26.4015,23.1385
1944,9,13.7945,25.5311,14.5871,26.0726,25.8899
1944,10,15.2414,26.2225,7.53567,24.2279,26.3784
1944,11,17.3912,25.5298,-1.2795,20.6697,26.1114
1944,12,21.2533,26.0072,-9.8161,18.1499,29.452
1945,1,22.0225,25.6423,-10.416,15.9654,28.9179
1945,2,19.7648,25.331,-9.2913,18.4021,27.4922
1945,3,17.9916,25.4867,-0.4578,23.7962,26.0492
1945,4,15.4907,25.0176,8.94731,26.5324,24.5152
1945,5,11.3587,23.2768,13.4058,29.8018,19.6322
1945,6,7.91333,22.5488,17.9015,29.6542,18.6738
1945,7,7.26775,23.2919,19.8715,26.8399,19.6841
1945,8,10.9851,25.0599,19.207,26.57,24.15
1945,9,12.6456,25.3376,15.0909,26.026,23.7102
1945,10,16.3251,25.6492,8.06948,23.9916,26.5042
1945,11,17.1838,25.546,1.04818,19.974,26.2887
1945,12,19.6663,25.3185,-7.0744,16.4158,27.5717
1946,1,19.8078,25.2571,-6.98,17.1173,27.0474
1946,2,20.5445,25.7683,-3.3861,20.0574,28.6333
1946,3,16.9185,25.3514,-1.0761,23.5846,25.569
1946,4,14.7199,24.7068,8.9627,27.6969,23.3505
1946,5,10.5543,24.4576,12.5634,29.698,20.5778
1946,6,6.79656,23.3629,17.6745,28.6884,17.5567
1946,7,7.12187,23.0809,19.9558,26.8217,17.354
1946,8,9.34772,24.0058,19.3265,26.2934,22.0011
1946,9,12.1959,25.4504,14.3962,26.2279,24.43
1946,10,14.2503,25.7074,8.38306,24.894,24.7428
1946,11,17.682,25.9481,0.34135,20.6961,27.6512
1946,12,18.9395,25.4797,-7.6296,17.9623,26.8376
1947,1,20.6321,25.5285,-9.374,16.8139,28.2465
1947,2,20.2774,25.7463,-7.0803,19.2488,27.8896
1947,3,17.4339,25.1614,0.42453,24.163,25.9735
1947,4,13.5614,24.8445,8.56337,28.2767,23.5694
1947,5,10.8596,24.1196,13.4475,30.5847,21.3136
1947,6,9.77881,23.6904,17.2558,30.1095,20.706
1947,7,6.73078,22.7861,19.9967,27.1348,16.9547
1947,8,8.17241,23.9365,18.5948,26.8322,19.8863
1947,9,11.0656,24.9213,14.6349,25.9288,22.2692
1947,10,14.8515,25.106,7.03502,23.6221,23.4624
1947,11,18.7315,25.1477,-0.5774,20.8364,26.694
1947,12,19.4254,25.0271,-8.2254,17.6753,27.3637
1948,1,20.9974,25.5888,-8.561,17.287,29.7908
1948,2,19.8821,25.5859,-5.8759,19.0183,27.3161
1948,3,16.6039,24.9014,1.38986,23.0715,25.9333
1948,4,13.9196,24.7213,9.08086,28.2348,23.3461
1948,5,10.7532,24.087,12.3168,30.5963,20.5208
1948,6,9.01071,23.6453,17.6945,29.7414,20.5407
1948,7,7.09821,23.6777,20.1513,27.1157,19.9856
1948,8,7.46282,23.8485,19.2309,26.1999,19.9538
1948,9,12.4947,25.0646,14.5536,26.0489,24.4184
1948,10,14.4355,25.4287,7.32983,24.85,24.6398
1948,11,17.3674,25.3779,-1.0209,20.8296,25.9324
1948,12,21.1456,25.5492,-5.3275,16.8837,28.5137
1949,1,21.176,25.1227,-7.6036,17.7563,27.621
1949,2,19.4952,24.9089,-4.1208,18.8886,27.8278
1949,3,17.2789,25.4579,-0.0769,23.9671,27.3719
1949,4,15.0535,24.1491,7.58324,27.7685,22.9281
1949,5,10.694,23.5684,13.5066,29.8467,20.7477
1949,6,8.32031,23.6744,17.4957,29.0861,19.5554
1949,7,7.22418,22.7978,19.6398,26.9111,18.046
1949,8,8.94907,23.6891,18.9907,26.4513,20.4209
1949,9,11.3662,25.0653,14.0498,26.2865,22.4587
1949,10,13.5966,25.1746,7.99421,24.719,22.884
1949,11,18.8289,25.533,-1.1718,19.6764,27.173
1949,12,20.0563,25.4862,-8.3883,16.7439,27.0253
1950,1,20.9042,25.1846,-7.0035,17.3379,27.3094
1950,2,20.3959,25.2541,-6.6877,18.1213,26.7446
1950,3,18.1143,24.6371,0.93069,22.7539,25.067
1950,4,14.7355,24.5733,7.17268,27.2016,23.4889
1950,5,10.8892,23.8454,13.601,30.1801,21.9437
1950,6,8.7944,23.3278,16.8531,29.1832,19.6889
1950,7,8.0537,22.973,20.0964,26.5999,19.1162
1950,8,9.51442,24.0039,18.807,26.3084,22.3973
1950,9,10.1106,25.2182,13.7842,25.8365,22.5702
1950,10,13.613,25.3269,6.85682,24.0935,23.52
1950,11,16.2426,25.3602,-2.4801,19.7526,25.6218
1950,12,19.6261,25.1799,-8.5326,16.7495,27.3253
1951,1,20.6597,25.0395,-9.9246,16.3184,27.603
1951,2,18.245,25.2368,-7.0024,18.7812,26.1977
1951,3,17.1912,25.2317,-1.2254,23.4808,25.7874
1951,4,13.2073,23.8082,6.12302,26.4434,20.5261
1951,5,11.9992,23.7836,13.985,29.7893,22.1007
1951,6,9.14808,22.7999,17.3655,29.1597,19.9482
1951,7,8.91522,22.7836,19.4514,27.5187,20.6706
1951,8,10.2856,23.8427,19.2396,26.5415,20.9876
1951,9,11.4478,25.3295,13.5613,26.6526,23.9507
1951,10,15.1028,25.695,8.46971,26.0419,26.0291
1951,11,17.7013,25.6609,-0.3729,21.4876,26.5458
1951,12,19.699,25.3017,-4.721,17.5764,27.2735
1952,1,21.8127,25.7659,-7.8358,17.6538,29.001
1952,2,20.7761,25.6198,-7.1765,20.4226,27.336
1952,3,18.6656,25.4734,-0.2792,23.1937,27.0783
1952,4,14.3287,24.3573,8.02786,28.2095,21.609
1952,5,11.7139,23.9028,13.2486,30.3161,22.054
1952,6,5.45669,22.5595,17.4059,29.3645,15.1202
1952,7,8.6113,23.2535,19.899,27.1369,19.9608
1952,8,9.12153,24.2065,18.3617,26.0599,22.4677
1952,9,11.8377,24.8829,14.3522,26.3178,22.4746
1952,10,14.5441,25.6017,6.71117,24.8404,24.6357
1952,11,17.183,25.419,-1.5874,20.3099,26.0536
1952,12,19.9001,25.3253,-9.1485,17.9816,28.0831
1953,1,20.7904,25.6947,-9.3631,16.683,28.4079
1953,2,21.4421,25.487,-5.4253,20.5789,28.1708
1953,3,18.3122,25.3529,1.71549,25.6788,27.2514
1953,4,13.7405,24.5924,6.78458,28.0886,22.6985
1953,5,11.2315,24.3802,13.3593,30.7705,21.0259
1953,6,8.08459,23.4139,17.7231,30.0075,18.8373
1953,7,5.34257,22.367,20.1613,27.1093,15.3684
1953,8,10.6421,24.6844,19.1805,26.2212,24.3724
1953,9,13.2452,25.4388,14.2979,26.2211,25.5681
1953,10,13.3343,25.5663,7.89671,24.5,24.3251
1953,11,17.5899,25.6856,-1.1111,20.3386,26.4986
1953,12,20.0232,25.4644,-6.7198,18.3402,28.6797
1954,1,20.5929,25.5888,-9.18,16.2615,27.5024
1954,2,20.4845,25.6419,-5.4848,20.1814,27.9157
1954,3,18.7963,25.256,-0.9319,23.8045,25.9397
1954,4,13.548,25.3141,7.9311,28.4447,23.9549
1954,5,9.15761,24.0854,12.0821,30.875,19.0688
1954,6,7.2764,23.785,16.6613,29.4563,19.228
1954,7,6.37448,23.0687,19.0086,26.9978,18.2593
1954,8,9.2049,24.3722,18.6307,26.589,21.3363
1954,9,10.4629,25.5122,14.3587,25.8464,23.1981
1954,10,13.9577,25.6512,6.76651,23.2629,24.9573
1954,11,18.3564,25.4173,0.06796,19.9449,28.761
1954,12,20.0826,25.4183,-10.143,17.4373,28.3098
1955,1,22.0983,25.2621,-10.716,17.0457,29.1624
1955,2,19.5804,25.3479,-5.6424,19.726,29.2504
1955,3,16.6695,25.2344,-0.4586,24.769,25.1931
1955,4,13.6872,24.5869,6.43076,26.6637,23.5793
1955,5,9.44217,23.7326,12.9115,29.4731,20.2456
1955,6,7.24883,23.3966,17.2819,29.3078,19.9975
1955,7,5.01824,22.4713,19.5261,27.0315,15.0687
1955,8,8.2593,24.1986,19.0667,26.0436,21.3279
1955,9,11.071,25.4224,14.5527,26.046,23.9797
1955,10,13.6169,25.3637,7.19814,24.0743,23.5119
1955,11,18.8864,25.276,-0.6497,19.8126,27.2867
1955,12,19.621,25.3182,-4.7279,17.2315,27.9238
1956,1,19.0464,25.3352,-10.341,17.0293,26.44
1956,2,19.2522,25.0056,-6.4529,18.9395,26.9735
1956,3,17.2823,25.1501,-0.2916,24.1359,26.1789
1956,4,12.1633,24.2029,7.95764,28.2782,21.9318
1956,5,7.97806,23.4553,12.6601,30.4342,17.3323
1956,6,7.23813,22.3317,16.9008,28.2006,16.4665
1956,7,8.02266,22.9083,19.6218,26.019,17.9867
1956,8,8.73122,23.2023,18.1523,25.9609,19.4366
1956,9,11.2342,25.0167,14.3164,26.015,23.2662
1956,10,14.3383,25.1951,7.06371,23.8348,24.6166
1956,11,17.6467,25.0524,-2.0497,20.1084,25.5345
1956,12,20.06,25.3191,-8.4278,17.5761,28.1503
1957,1,21.3026,24.8528,-9.0483,16.9601,27.5504
1957,2,19.0929,25.2672,-8.9933,18.2143,25.9376
1957,3,19.2082,24.8045,-0.746,22.5163,27.1185
1957,4,12.968,24.2977,7.12824,26.9583,22.1356
1957,5,12.3524,24.4562,11.9769,29.5551,22.2783
1957,6,7.12499,23.5247,16.8575,29.425,18.5753
1957,7,6.08748,22.614,19.2506,27.0205,16.1602
1957,8,8.66637,24.4192,18.2036,26.4355,21.1551
1957,9,10.5907,25.0184,13.0712,26.0726,20.7985
1957,10,14.5216,25.9855,6.65924,24.7464,25.7327
1957,11,17.396,25.5926,0.58098,21.2573,25.6802
1957,12,19.6227,25.9783,-5.4336,18.2464,28.1784
1958,1,21.0193,25.9824,-9.0515,18.2539,29.3648
1958,2,19.5518,26.2872,-5.8958,19.6486,28.6941
1958,3,17.713,25.5592,0.86925,24.3211,25.9426
1958,4,14.2154,25.0841,8.11944,28.6963,22.8651
1958,5,9.63426,24.3749,12.3585,30.3426,19.477
1958,6,8.6032,23.9597,17.2792,30.6616,20.9041
1958,7,10.7774,24.0434,19.9387,27.017,20.5254
1958,8,7.65244,24.014,17.7706,26.6204,18.2656
1958,9,11.7932,25.3578,14.2393,25.9912,22.7444
1958,10,15.7789,25.7155,6.68996,24.5287,23.9435
1958,11,17.142,25.7638,-0.3257,21.2012,26.0944
1958,12,18.2606,26.0635,-4.6582,18.1746,26.503
1959,1,19.4719,25.5165,-9.0027,17.2593,27.6501
1959,2,20.34,25.7621,-5.4199,19.0126,28.0247
1959,3,17.2235,25.2019,1.30287,24.1898,26.3903
1959,4,11.8814,25.4395,8.30109,28.0605,24.1396
1959,5,9.74195,24.3328,12.0526,30.1463,20.9498
1959,6,7.99557,23.2682,16.8827,29.3746,19.5096
1959,7,8.20474,23.7981,19.8075,26.5446,21.0364
1959,8,8.16124,24.1429,18.9361,26.1523,19.5817
1959,9,11.6086,25.283,14.2586,25.9385,23.1747
1959,10,14.0931,25.8715,8.12802,24.8706,25.2439
1959,11,17.0253,25.5244,-1.6316,20.5854,26.2116
1959,12,19.664,25.9401,-6.7947,17.8717,27.5227
1960,1,21.8636,25.4809,-9.2627,16.8524,28.5379
1960,2,21.163,25.4728,-3.5183,20.6139,26.6297
1960,3,17.7689,25.1152,0.89088,22.9453,25.7747
1960,4,14.2241,24.6474,6.49399,27.4605,22.4627
1960,5,10.1337,23.324,11.9762,30.0449,18.1713
1960,6,7.76243,23.0559,17.2517,29.5591,19.3989
1960,7,6.82961,23.0398,19.5579,26.9925,19.1542
1960,8,9.26405,23.9992,18.6444,26.4247,20.3742
1960,9,11.781,25.2408,14.4149,26.433,23.6156
1960,10,14.3984,25.8876,6.74436,24.4374,25.5448
1960,11,17.7984,25.3478,-1.0882,20.1851,25.6607
1960,12,20.0535,25.5191,-7.169,18.0186,28.4622
1961,1,20.7451,25.6271,-8.9807,17.5028,28.6776
1961,2,19.7824,25.4802,-5.7484,18.028,27.9439
1961,3,17.233,25.632,0.73968,24.47,25.4364
1961,4,13.544,25.3284,8.47738,27.7411,23.5908
1961,5,11.833,24.4492,12.8404,29.8518,21.4323
1961,6,7.05848,23.2288,17.8339,28.7,18.3385
1961,7,7.15447,23.6503,19.9618,26.6254,19.2786
1961,8,10.7802,25.2149,18.5343,26.4038,24.3783
1961,9,11.0943,26.2987,14.1139,25.8176,23.9293
1961,10,15.3917,26.0389,7.29852,24.0388,26.3819
1961,11,18.0518,26.0989,-0.0324,19.8822,26.8088
1961,12,20.0377,25.4159,-6.9508,16.1255,28.3414
1962,1,20.3264,25.5438,-9.2598,15.8479,27.8278
1962,2,19.9582,25.6771,-5.0665,19.2692,27.4243
1962,3,19.2365,25.6178,-0.0171,23.3199,26.8511
1962,4,13.2801,24.9148,6.95528,27.5179,23.0584
1962,5,10.0683,23.9141,12.996,29.6861,19.1554
1962,6,7.54423,22.8358,17.086,29.4933,18.0266
1962,7,5.27903,22.5361,19.7539,27.3183,14.2307
1962,8,9.06832,24.4354,18.579,26.2967,19.872
1962,9,12.1927,25.7778,14.3116,25.8056,24.1621
1962,10,14.7407,25.3444,7.19992,23.9054,22.9952
1962,11,19.1789,26.0434,-1.7507,20.4515,27.6931
1962,12,20.6652,25.7362,-6.3416,17.3859,29.0305
1963,1,20.6369,25.8965,-9.5921,16.3562,28.4726
1963,2,20.6096,25.4575,-5.3788,19.884,27.4593
1963,3,17.0977,25.5524,1.78359,23.2306,26.9315
1963,4,15.247,25.0949,6.88749,26.6789,24.1415
1963,5,10.8003,23.9669,13.5219,29.1753,21.1102
1963,6,8.25447,23.1624,17.1323,28.9146,19.0205
1963,7,8.95876,23.6122,19.4984,27.3515,21.0361
1963,8,9.11961,24.9591,18.9409,26.2434,23.0654
1963,9,10.3536,26.3245,14.3598,26.039,23.9471
1963,10,13.843,27.1175,7.05745,24.8487,27.3512
1963,11,15.4443,26.2356,-0.0883,21.4789,27.0476
1963,12,19.556,25.892,-6.5497,17.7715,28.6697
1964,1,21.18,25.8576,-8.5989,16.3322,29.339
1964,2,19.7521,26.0477,-8.9309,19.3243,27.6394
1964,3,16.283,25.5364,0.75552,24.6809,26.1444
1964,4,13.9123,25.3135,8.49467,28.3038,24.6064
1964,5,11.5668,24.0042,12.8622,29.521,21.8329
1964,6,5.96129,22.9543,16.604,29.1559,17.2912
1964,7,6.79275,23.059,19.2291,26.4851,17.4123
1964,8,8.7368,24.6494,18.6423,26.2267,21.098
1964,9,11.4836,25.4534,13.8765,25.8838,22.9523
1964,10,13.9946,25.1896,7.32181,24.7202,23.7929
1964,11,16.9899,25.2396,-0.3193,20.0945,25.8556
1964,12,18.9089,25.3605,-6.8341,17.2922,26.573
1965,1,20.9624,25.375,-7.7962,17.7334,27.3613
1965,2,20.4288,25.6063,-5.9541,19.0957,27.6878
1965,3,17.3551,24.9175,-0.3323,22.903,24.2452
1965,4,13.6212,24.7902,7.1589,26.5485,23.2721
1965,5,9.66898,24.4411,13.2413,29.7089,20.7798
1965,6,10.9477,23.8373,17.1738,29.8649,21.9683
1965,7,6.64698,23.6082,19.2452,27.0164,18.6463
1965,8,9.56271,24.5765,17.8806,26.4109,22.0137
1965,9,11.051,25.911,13.562,26.0646,22.2789
1965,10,15.3459,26.061,7.77573,25.1133,25.4813
1965,11,18.1049,25.8746,-0.3464,21.3867,26.4054
1965,12,18.3437,25.9439,-7.8788,17.6122,27.1132
1966,1,20.8989,26.1041,-8.1807,17.4652,28.2924
1966,2,18.0655,26.0693,-4.2845,20.761,27.025
1966,3,17.7022,25.8063,0.90819,23.72,25.9901
1966,4,14.6597,25.2236,6.80958,27.8342,23.8744
1966,5,11.7145,24.6305,12.7364,30.0809,20.6932
1966,6,9.05563,23.8783,17.1016,29.2624,20.4766
1966,7,7.43701,23.6111,19.2711,27.7954,19.3124
1966,8,8.20972,24.1826,19.016,26.5072,19.5384
1966,9,10.8125,25.087,13.4774,26.0725,22.7174
1966,10,14.1844,26.2059,7.13984,24.8308,25.2953
1966,11,18.0362,25.9645,-1.2733,21.396,27.1753
1966,12,18.5874,26.0525,-8.2207,17.1712,28.1056
1967,1,20.4903,25.7195,-9.6579,16.5233,27.3126
1967,2,20.1132,25.5744,-6.7902,20.2146,27.1621
1967,3,17.2114,25.2874,0.33292,22.6682,25.245
1967,4,15.3661,24.8882,7.27404,26.9423,24.2677
1967,5,13.0399,24.6151,13.927,29.8368,23.9865
1967,6,5.06633,23.2286,16.9031,29.5146,16.3603
1967,7,7.41243,23.421,19.5184,27.067,19.1807
1967,8,8.86162,24.7898,18.911,25.9938,22.1627
1967,9,11.6984,25.9286,13.3566,25.7932,23.7847
1967,10,14.8891,26.2791,7.07541,24.2065,26.8595
1967,11,17.9374,25.7068,-2.6253,20.4447,26.1155
1967,12,21.1451,25.748,-8.8823,18.1932,28.0382
1968,1,20.8644,25.4465,-9.1218,16.1698,27.3521
1968,2,20.2668,25.4688,-8.4488,18.1662,27.3738
1968,3,17.1222,25.1636,1.37819,23.1924,25.897
1968,4,13.0317,24.2364,7.28619,26.8592,21.0611
1968,5,10.6161,22.8539,12.9064,29.43,18.4158
1968,6,8.41054,23.1718,17.1969,29.2785,19.3234
1968,7,9.63014,23.4426,19.4503,27.015,20.2197
1968,8,10.2925,24.2605,17.8474,26.3669,20.988
1968,9,11.8464,24.7041,13.5247,26.7044,21.2017
1968,10,14.1447,25.9534,6.45096,24.2017,25.8829
1968,11,19.428,26.0706,-0.1594,20.8022,28.6601
1968,12,19.4369,25.7792,-5.3605,17.8261,28.0544
1969,1,21.297,25.8073,-10.129,16.9077,27.5739
1969,2,20.1807,26.2044,-8.8861,19.8675,28.3829
1969,3,17.828,26.0797,0.15591,25.3188,26.3459
1969,4,14.9523,25.4483,7.3685,28.1101,22.5575
1969,5,11.6188,24.8626,13.5122,29.4824,21.5682
1969,6,8.00015,23.8755,16.4748,29.7852,18.0903
1969,7,8.42027,23.5351,19.2618,27.1279,20.3111
1969,8,8.44131,24.4892,18.1017,26.3338,19.2996
1969,9,12.6957,26.0324,13.6294,26.0025,24.186
1969,10,14.0744,25.7328,7.61813,25.0449,23.8842
1969,11,17.7658,26.4031,-1.4633,21.881,26.3336
1969,12,20.9216,25.5217,-7.177,17.8137,27.2743
1970,1,20.3221,25.8235,-9.4959,17.2879,28.7527
1970,2,20.9986,25.8803,-5.3782,19.334,26.962
1970,3,18.0267,25.7104,-2.2786,23.4977,26.1557
1970,4,16.3444,25.482,7.06017,28.3462,24.6588
1970,5,10.793,24.8032,13.2448,30.462,21.4265
1970,6,7.58758,23.9641,16.7627,28.2272,18.8992
1970,7,7.95917,23.3154,19.3245,27.1535,18.1291
1970,8,8.79402,24.302,18.7484,26.3084,19.5017
1970,9,13.3859,25.2184,13.6339,25.9845,23.0599
1970,10,14.4541,26.0009,7.00859,24.79,24.8428
1970,11,16.9233,25.7106,-1.1294,20.0439,23.68
1970,12,19.7084,26.2275,-6.5849,16.9177,27.7241
1971,1,19.1919,25.65,-8.9066,16.5934,27.0907
1971,2,18.733,25.1997,-6.4589,19.0538,26.3919
1971,3,17.3129,25.2421,-0.3029,23.1848,25.8648
1971,4,12.3352,24.3679,7.81946,27.5877,21.3146
1971,5,9.47901,23.4862,12.6165,28.7585,18.7461
1971,6,5.51745,22.5239,17.1373,27.5838,15.6326
1971,7,8.81531,22.9739,19.6155,26.4522,19.3694
1971,8,9.61903,23.7331,18.2512,25.9273,20.0879
1971,9,13.2649,24.8674,13.608,26.0795,24.0767
1971,10,14.9467,24.8062,7.13221,24.233,22.3299
1971,11,18.7483,25.0692,0.23594,19.9547,25.2871
1971,12,20.349,25.7409,-6.0234,17.0464,27.3594
1972,1,21.5599,25.1321,-7.5918,16.9075,27.6206
1972,2,20.3556,25.092,-8.1502,17.6665,26.7949
1972,3,16.6139,25.4093,1.46059,23.9151,25.813
1972,4,14.0198,24.4208,7.10329,27.1371,21.5623
1972,5,11.3329,24.4242,13.2724,30.2638,22.3575
1972,6,8.58025,24.1038,17.2425,30.2779,21.493
1972,7,7.10476,23.4838,19.2509,27.5534,18.4614
1972,8,7.89247,24.1033,18.3849,26.5028,19.3681
1972,9,12.1451,25.1884,13.0955,26.1238,23.4642
1972,10,13.4062,25.7522,6.72473,24.4816,24.1703
1972,11,16.7603,26.0828,-0.788,20.7687,25.9944
1972,12,20.0974,26.1751,-6.4486,18.1253,26.5461
1973,1,20.6293,26.4046,-7.8705,17.253,28.9886
1973,2,20.0692,26.186,-4.555,20.3399,28.0102
1973,3,18.3228,26.058,0.95703,23.6295,26.8116
1973,4,13.6655,25.8386,8.29667,29.1521,25.2047
1973,5,9.92996,24.1645,12.4788,30.6957,20.3554
1973,6,8.54718,23.9274,16.8517,29.414,19.0351
1973,7,5.71564,22.8199,19.4191,27.0992,16.8683
1973,8,8.55387,23.8331,18.5502,26.0669,17.3178
1973,9,11.077,24.808,14.1569,26.0218,21.6719
1973,10,14.7636,25.8328,6.65497,24.308,24.7231
1973,11,16.7682,25.467,-0.1168,20.246,24.9657
1973,12,19.2563,25.526,-6.4779,16.8819,25.9177
1974,1,20.5403,25.2625,-8.6235,16.3677,27.7594
1974,2,18.3352,25.2838,-7.0372,18.5754,26.3969
1974,3,17.6886,24.7862,-0.3856,24.4652,24.9568
1974,4,14.428,24.6113,8.40569,28.4605,21.9965
1974,5,10.7922,23.7174,13.353,29.5247,19.9803
1974,6,7.30073,22.9502,16.7275,29.1239,18.0692
1974,7,8.29478,22.6928,19.5223,27.1814,19.8687
1974,8,8.88178,23.8618,18.1861,26.5561,19.707
1974,9,10.4046,24.7572,13.6812,26.5609,21.793
1974,10,14.8039,25.1007,6.8603,24.9208,22.9138
1974,11,17.3644,25.3135,-0.1491,20.1804,25.5351
1974,12,18.7941,24.8948,-8.5172,16.4698,26.8807
1975,1,20.9107,24.9917,-7.8528,16.0592,27.1606
1975,2,19.9685,25.2376,-5.4021,18.8752,27.6839
1975,3,17.2855,25.1288,1.43131,23.2805,24.732
1975,4,14.3994,24.5984,7.88079,28.0804,23.2353
1975,5,10.9759,23.7032,12.2695,30.3253,19.8389
1975,6,9.63051,23.1467,17.3455,28.6649,19.4563
1975,7,6.4355,22.2127,19.2361,26.395,16.9024
1975,8,8.14799,23.9258,19.0423,26.2052,19.3634
1975,9,11.8168,25.1857,14.8748,25.5888,22.3253
1975,10,14.6957,25.3142,8.05985,24.8176,23.4752
1975,11,16.578,25.2568,-0.5146,19.58,25.0724
1975,12,20.4314,25.2441,-8.1933,16.8014,27.0497
1976,1,20.434,25.1891,-7.9032,16.778,27.4597
1976,2,19.7775,24.9489,-3.9586,19.2648,26.3718
1976,3,15.5605,24.8034,-0.5094,23.7237,24.4529
1976,4,13.049,24.4259,6.70877,27.1115,21.8509
1976,5,10.521,23.7212,12.8058,29.6274,18.9916
1976,6,7.04736,22.6525,16.2434,28.7042,17.5762
1976,7,7.12228,22.8773,18.4172,27.0723,18.358
1976,8,8.55323,24.2182,17.5907,25.8266,19.3072
1976,9,11.4357,24.5391,13.6059,25.7429,21.5159
1976,10,14.3622,25.2858,7.0085,25.0157,24.3395
1976,11,17.4876,25.1953,-2.4912,22.2086,25.3132
1976,12,19.0037,25.5299,-7.3474,18.0302,26.7973
1977,1,20.6601,25.4591,-11.054,16.7904,26.8282
1977,2,19.6017,25.4201,-6.981,19.68,27.5783
1977,3,17.9824,25.5686,1.19435,25.0778,26.3162
1977,4,14.8047,24.6545,7.7175,27.5377,22.4756
1977,5,10.182,23.5454,12.4474,28.6777,19.7444
1977,6,8.90086,23.2764,16.8912,28.8629,19.4466
1977,7,7.71704,24.0704,19.5517,26.7376,21.5113
1977,8,8.98369,24.2641,18.513,26.3019,20.1247
1977,9,13.1238,25.1133,14.5153,25.9705,23.8282
1977,10,15.931,25.5464,8.03086,24.7873,25.3109
1977,11,17.6705,25.5913,-0.2299,22.2607,25.8165
1977,12,20.0618,25.5807,-5.6904,17.709,27.4473
1978,1,20.2747,25.597,-9.4877,16.3471,27.7823
1978,2,19.9638,25.7917,-7.0096,18.758,27.4298
1978,3,17.9761,25.3984,0.32219,22.4561,27.0745
1978,4,14.5122,24.7909,8.32595,27.5944,22.0102
1978,5,10.7177,23.8199,13.3523,30.7907,19.7673
1978,6,7.60817,22.9206,17.6965,28.9905,19.3385
1978,7,9.36265,23.6541,19.7045,26.4109,21.9402
1978,8,7.93981,23.2488,18.6402,26.0745,19.9018
1978,9,12.6997,24.7175,14.1137,25.9029,22.6893
1978,10,14.9191,25.5933,7.13439,24.8381,25.6553
1978,11,17.621,25.6096,0.04414,21.5521,26.3869
1978,12,20.453,25.6339,-5.3281,17.7047,27.2389
1979,1,21.6216,25.1189,-7.6187,17.5696,27.8378
1979,2,20.3428,25.5971,-4.2037,18.5782,27.0828
1979,3,17.3616,25.2542,0.0552,22.8416,25.2819
1979,4,13.6161,24.8358,7.3165,28.2033,21.6237
1979,5,10.6191,24.2006,12.7575,29.4205,19.4969
1979,6,7.82998,22.505,17.3191,29.9557,17.7522
1979,7,8.90929,23.0093,18.8801,27.5447,18.4142
1979,8,10.8811,24.6077,18.3061,26.6605,22.6302
1979,9,10.4335,24.7264,13.1103,26.5975,20.7698
1979,10,14.7645,25.9264,8.07433,25.2984,25.7786
1979,11,16.2687,25.5502,-1.4545,22.4778,25.1663
1979,12,19.434,25.623,-5.0942,18.3473,26.7381
1980,1,21.6865,25.3686,-8.7824,17.355,26.6303
1980,2,20.226,25.6191,-6.0804,20.0853,27.013
1980,3,19.8752,25.6312,-0.1602,23.6835,27.298
1980,4,13.9893,25.2092,6.92622,28.8236,24.5072
1980,5,11.6268,24.5997,13.2314,30.8752,21.6341
1980,6,7.54516,23.3169,17.4315,28.6699,17.7458
1980,7,6.93286,23.4913,19.535,26.8752,17.7368
1980,8,9.56786,24.1898,18.1251,26.3366,20.6282
1980,9,11.9871,24.5589,13.5623,26.5468,20.5705
1980,10,14.8195,25.6869,7.16479,25.0568,24.4629
1980,11,16.7984,25.3313,1.83068,21.3805,25.8911
1980,12,20.1539,25.7122,-6.0432,17.8934,27.37
1981,1,20.1731,25.416,-8.5895,16.8599,27.3437
1981,2,20.4704,25.6149,-5.1461,19.8827,26.7048
1981,3,17.7669,25.5471,1.8298,23.233,25.899
1981,4,14.4449,25.1613,8.77319,27.7628,23.6468
1981,5,12.5833,24.5317,13.105,29.7665,23.041
1981,6,7.43063,22.7832,17.5869,29.7681,16.9798
1981,7,7.71075,22.2528,20.1407,26.9377,17.2151
1981,8,10.2773,23.9018,18.509,26.332,21.4383
1981,9,10.9785,24.5159,13.8483,26.4855,20.8285
1981,10,14.9327,25.2031,6.14309,24.6887,24.2366
1981,11,17.3947,25.6243,-2.1572,20.1654,26.153
1981,12,20.0165,25.7621,-6.865,17.3804,26.1184
1982,1,21.3329,25.2681,-6.9285,17.7306,27.5132
1982,2,19.3255,25.5616,-4.8606,19.0092,26.0244
1982,3,17.8857,25.4257,1.05048,22.5244,24.6386
1982,4,15.2218,24.7141,7.6961,27.0898,22.9424
1982,5,12.1214,23.88,13.2732,28.967,20.2627
1982,6,7.17314,23.7815,16.8575,29.2449,18.8236
1982,7,7.16238,23.5838,19.3213,28.017,19.786
1982,8,9.86974,24.276,18.6506,26.4681,21.2323
1982,9,12.4753,24.9492,13.4507,26.3648,22.7273
1982,10,14.5995,25.5799,8.35886,25.1349,24.0901
1982,11,17.1265,25.9423,-0.3889,21.0839,25.307
1982,12,20.642,25.3724,-6.7432,18.0774,26.0856
1983,1,21.5634,25.9043,-8.2187,16.7185,27.6711
1983,2,19.8637,26.1714,-6.4839,18.8859,26.7094
1983,3,17.9002,25.7464,0.49493,23.3036,25.1888
1983,4,14.359,25.8077,7.32428,26.4964,23.2055
1983,5,10.3595,25.2762,13.3151,29.3577,20.8036
1983,6,5.81376,23.6784,16.381,29.7754,15.6145
1983,7,6.45059,23.7056,18.9928,27.5189,17.0602
1983,8,8.40953,23.8282,18.7393,26.6331,19.2047
1983,9,10.7452,24.8751,14.785,26.3492,20.2532
1983,10,15.6967,25.124,7.73091,24.2194,24.2067
1983,11,18.2527,25.4084,0.40896,19.9734,24.3487
1983,12,21.5727,25.2784,-6.2577,17.3246,27.4522
1984,1,21.4844,25.6232,-9.6898,16.8778,27.4879
1984,2,20.0998,25.9011,-7.2392,18.236,27.7961
1984,3,17.5489,25.4987,0.15381,24.4245,26.0943
1984,4,13.158,24.586,7.45068,27.9588,21.0924
1984,5,9.83757,24.6309,13.2844,30.9942,21.9856
1984,6,5.19243,23.3814,17.3762,29.0851,16.8875
1984,7,6.24636,23.4723,18.9818,26.6721,19.7137
1984,8,7.60043,23.5379,18.4456,26.1798,17.4292
1984,9,11.9292,24.535,13.4497,25.532,22.6779
1984,10,15.6579,25.8769,7.1228,24.4872,26.8412
1984,11,16.9138,25.685,0.09769,20.1288,25.1602
1984,12,18.1266,25.5822,-7.882,18.0473,25.422
1985,1,20.6058,25.4023,-8.9087,17.3943,27.125
1985,2,20.0406,25.5248,-5.6334,19.5924,26.9083
1985,3,17.7825,25.5626,-0.8486,25.269,25.9704
1985,4,13.6699,25.1162,8.28341,28.1887,23.0288
1985,5,11.5261,24.3636,13.306,30.3119,21.5965
1985,6,8.98666,22.7636,16.9604,29.103,18.3657
1985,7,7.72004,23.0063,19.1783,26.6692,17.9281
1985,8,9.24994,23.9407,19.0418,26.43,18.8065
1985,9,11.9908,25.0195,13.2829,26.3416,21.5601
1985,10,14.6046,25.7245,7.74829,23.8473,25.0111
1985,11,18.6396,25.7146,-0.862,20.7582,26.9602
1985,12,20.4877,25.7328,-7.0515,18.5273,28.7615
1986,1,21.3114,25.4817,-7.8414,16.9619,27.9518
1986,2,19.9118,25.5837,-5.7616,19.2492,26.883
1986,3,16.8126,25.3466,0.61308,23.7384,24.9577
1986,4,14.5099,25.3847,7.15511,27.779,24.6638
1986,5,10.9098,24.8179,13.572,29.4205,21.2154
1986,6,8.94332,23.349,17.4772,29.1742,20.1564
1986,7,8.59727,23.0883,19.4241,26.8383,18.2897
1986,8,9.42927,24.4758,18.3093,26.172,21.1336
1986,9,11.6728,24.7359,13.8052,26.4839,21.5765
1986,10,15.1026,25.377,6.51249,24.704,23.2976
1986,11,17.2953,25.9191,-1.0411,21.4974,26.6038
1986,12,20.7092,25.6664,-5.9057,17.5166,26.8699
1987,1,21.548,25.9384,-7.4399,17.3036,27.631
1987,2,20.9625,25.8514,-3.6808,19.9573,25.6718
1987,3,18.2344,25.4643,0.36184,23.8866,25.2084
1987,4,14.833,25.6956,7.7399,28.0921,23.462
1987,5,8.51981,24.3651,12.694,28.9969,17.2706
1987,6,8.73433,23.5641,16.6583,30.1926,17.6727
1987,7,9.03993,24.6679,19.339,28.0466,21.1999
1987,8,8.28001,24.3102,18.525,27.1904,18.8964
1987,9,10.9208,25.3741,14.1589,27.1644,21.3375
1987,10,15.2769,26.5738,7.41639,25.2944,23.8661
1987,11,18.3054,26.2792,-0.6795,21.6306,26.5156
1987,12,19.1663,26.3691,-5.6157,18.0588,26.1691
1988,1,20.5666,26.2763,-7.0125,18.2281,27.9633
1988,2,20.2138,25.9589,-6.1789,20.633,25.8198
1988,3,18.9055,26.2304,-0.8142,23.9639,27.0843
1988,4,13.4314,25.3254,7.82668,28.4396,23.0105
1988,5,8.60356,24.3856,12.9131,30.9767,17.4927
1988,6,7.313,23.0255,17.76,29.3925,17.4377
1988,7,5.92362,22.715,19.9203,26.9436,15.8715
1988,8,8.99718,24.547,18.5984,26.511,21.5374
1988,9,11.2296,25.6688,14.3874,26.7264,22.7864
1988,10,14.1715,25.9219,7.86482,24.6237,23.9031
1988,11,19.0563,25.7188,0.44274,20.9265,26.6694
1988,12,20.9476,25.6654,-4.7868,18.2919,28.133
1989,1,21.9191,25.2854,-7.9008,16.5456,26.7964
1989,2,21.8729,25.5579,-5.1118,19.1047,27.2016
1989,3,17.5532,25.3136,1.03031,23.3162,25.2682
1989,4,14.525,25.1852,7.77204,27.512,22.8602
1989,5,10.4473,23.816,13.33,30.3215,19.4024
1989,6,9.23872,23.4637,16.8573,28.5025,18.9139
1989,7,7.29041,22.5562,19.1511,26.9767,17.1434
1989,8,9.79811,24.2707,18.3786,26.3209,20.0788
1989,9,10.8155,24.9188,14.1094,26.3193,20.1018
1989,10,15.2593,25.3787,8.15825,24.9064,24.0939
1989,11,18.4995,25.8998,-0.5076,21.234,25.8765
1989,12,21.0408,25.5036,-4.9346,17.52,27.3623
1990,1,21.376,25.8838,-7.91,18.3783,27.5403
1990,2,20.1089,25.7143,-4.7373,19.6683,26.4513
1990,3,17.3152,26.0438,1.97607,22.7413,26.8131
1990,4,13.5371,25.8643,7.05575,27.6417,24.4636
1990,5,10.1364,24.2709,13.1484,29.1582,18.6206
1990,6,7.67628,23.523,17.5581,28.796,16.5088
1990,7,7.3235,22.7812,19.489,26.5924,15.1676
1990,8,11.0093,24.2986,18.7447,26.486,21.1005
1990,9,10.8993,24.6622,14.4426,26.2552,20.7511
1990,10,16.0109,26.3002,8.24124,24.2626,25.7453
1990,11,18.4822,26.394,1.3451,21.5477,27.0855
1990,12,19.9052,25.901,-5.1556,18.0588,27.7929
1991,1,20.6518,25.643,-8.0178,16.642,27.9082
1991,2,19.9546,25.9575,-4.6816,20.0355,26.8712
1991,3,18.946,25.6557,0.48876,24.1889,26.3166
1991,4,14.8592,25.3129,7.45466,27.3531,23.6388
1991,5,11.9626,24.791,12.9942,30.2605,21.4171
1991,6,8.10956,23.9843,17.4712,28.9311,19.2899
1991,7,7.25015,23.2685,19.7263,27.6065,18.326
1991,8,8.99036,23.9083,18.6689,26.2556,20.6322
1991,9,12.4339,25.1664,14.1452,26.4251,23.0959
1991,10,13.8073,25.5752,7.39834,24.5762,23.7275
1991,11,17.3436,25.9412,-0.471,20.7631,24.8555
1991,12,18.6881,25.9974,-6.3018,17.6094,27.6749
1992,1,20.9902,25.7081,-7.4963,16.8263,26.8808
1992,2,19.527,25.8255,-5.2065,18.4072,27.2126
1992,3,18.6258,25.4243,0.5466,24.01,24.7176
1992,4,13.9083,25.178,8.65812,27.6323,22.3103
1992,5,10.2629,25.1189,12.9631,29.5222,20.7168
1992,6,8.51514,24.2869,16.5804,29.7876,20.8904
1992,7,5.19359,22.8491,18.9732,27.5861,14.8222
1992,8,9.52744,23.8493,18.1065,26.2313,19.8557
1992,9,11.5649,24.4257,13.515,25.9002,20.6884
1992,10,14.6968,25.5879,6.53552,24.6237,23.9798
1992,11,16.3555,25.3478,-1.0847,21.0987,24.2708
1992,12,19.535,25.3391,-5.6755,17.7518,27.1381
1993,1,20.967,25.7163,-8.8825,17.3253,27.594
1993,2,20.0312,25.3563,-3.1101,20.1322,26.6377
1993,3,19.1819,25.6753,1.57175,22.7286,26.5634
1993,4,14.4588,25.5508,7.65387,27.3275,24.0371
1993,5,10.3469,24.3781,12.4541,30.2263,19.886
1993,6,8.13231,23.6627,16.9317,29.9435,18.7766
1993,7,6.87765,23.3993,18.8958,27.2327,16.8662
1993,8,9.93564,23.9156,17.6266,26.7428,19.1376
1993,9,11.3464,25.0619,13.954,26.1197,21.8742
1993,10,15.0721,25.9872,6.98693,25.069,24.881
1993,11,17.3055,25.8444,-0.8365,21.4534,26.3071
1993,12,19.9889,25.7498,-6.4497,17.7935,27.4389
1994,1,21.1723,25.5448,-7.4931,17.9238,27.6212
1994,2,19.3711,25.7423,-4.8913,19.1701,26.4623
1994,3,18.139,25.4517,-0.0707,24.8727,24.8977
1994,4,14.2257,25.2104,8.59729,27.0726,23.328
1994,5,12.4207,24.923,13.9051,30.4812,23.1758
1994,6,9.78505,23.5394,17.7695,29.1086,21.7551
1994,7,7.58377,23.2876,20.1674,26.485,18.9729
1994,8,9.82041,24.2654,19.2081,26.2782,21.3654
1994,9,12.9962,25.5113,13.9647,26.2237,22.2097
1994,10,14.7943,26.1809,6.85597,24.5888,25.6007
1994,11,18.0975,26.0029,1.59605,21.0012,25.9302
1994,12,21.6774,25.9198,-5.4667,17.6513,28.1329
1995,1,20.3121,26.1481,-8.235,16.0098,27.6424
1995,2,19.0748,26.0212,-4.4737,19.5858,26.2801
1995,3,17.7126,26.0192,1.00944,23.1747,25.7125
1995,4,14.1776,25.12,7.18657,27.3325,21.7781
1995,5,10.9742,24.2829,13.4273,29.9605,19.9487
1995,6,7.87542,23.7991,17.9003,30.6515,20.0092
1995,7,6.67288,24.2484,19.3969,27.4612,20.0884
1995,8,8.2898,25.1264,18.4723,26.7623,20.779
1995,9,12.1527,25.7505,14.3186,26.5087,23.1877
1995,10,14.8143,26.1695,8.12577,25.3159,24.0408
1995,11,18.5989,25.8871,0.49207,21.2798,26.7272
1995,12,21.9275,25.8754,-6.02,18.3955,27.1825
1996,1,20.3649,26.0441,-8.4856,17.8268,27.5379
1996,2,19.3365,26.1958,-5.4202,20.0398,26.501
1996,3,18.5452,25.5572,0.48012,25.0059,25.2611
1996,4,13.9702,25.1492,7.00633,27.717,23.4795
1996,5,11.7853,24.4024,13.3859,30.309,20.629
1996,6,6.44601,22.9714,17.132,29.4867,15.946
1996,7,6.76753,23.4198,19.3268,27.3916,17.8113
1996,8,10.6717,24.4626,18.2861,26.0153,21.8786
1996,9,11.8657,25.1977,14.0939,26.5663,21.3146
1996,10,15.4741,25.9504,7.40095,24.4623,24.1489
1996,11,18.4124,25.7197,-0.6447,20.9472,25.4917
1996,12,19.6756,26.2828,-5.6713,17.6419,26.9395
1997,1,21.5838,25.7316,-7.6502,16.5397,27.5457
1997,2,19.1434,25.8774,-5.0384,18.7763,26.7108
1997,3,18.2001,25.2616,2.44518,23.9615,25.1928
1997,4,15.5647,25.197,8.51255,26.2504,22.8021
1997,5,11.6777,24.3401,13.9152,29.1176,20.5515
1997,6,8.33019,23.7487,17.4933,29.0985,18.7416
1997,7,9.08548,24.3372,19.972,27.5368,20.5545
1997,8,9.98981,24.8116,19.0626,26.4873,20.7273
1997,9,12.1333,25.6764,13.2663,26.3174,24.6755
1997,10,14.5757,26.9505,7.28591,24.1876,25.7781
1997,11,17.4862,26.7617,-0.5056,21.6311,26.8781
1997,12,19.6019,26.4589,-6.2413,17.8159,27.8385
1998,1,20.4909,26.7072,-8.7959,17.2569,28.8522
1998,2,18.6306,26.8819,-2.8008,19.8976,26.5617
1998,3,16.9496,26.4072,1.33069,23.1899,24.8728
1998,4,13.8753,26.2811,9.91695,28.2385,22.8564
1998,5,11.4923,24.7912,13.634,30.9067,19.0239
1998,6,8.85934,23.8738,17.8139,30.2929,18.2267
1998,7,9.58697,24.4916,19.947,27.5391,20.4804
1998,8,9.42437,25.4066,18.803,27.0552,18.9702
1998,9,10.736,25.7172,15.2471,26.6861,20.8485
1998,10,15.9908,26.3697,8.81088,25.5502,24.2754
1998,11,17.9581,26.0175,0.74716,21.7733,25.4786
1998,12,20.1774,26.2946,-4.6898,17.9022,26.6437
1999,1,20.3836,26.1067,-6.716,16.7506,27.1957
1999,2,20.6933,26.0443,-2.499,20.5651,27.833
1999,3,17.7319,25.8348,0.52734,24.6289,26.5577
1999,4,12.9056,25.1187,8.9221,28.8987,22.1055
1999,5,10.4716,23.9345,13.5095,29.6425,19.2136
1999,6,7.29741,23.7212,17.7583,28.8186,18.0395
1999,7,6.66907,23.7914,19.9978,27.1424,17.3394
1999,8,9.60092,24.4096,18.6238,26.5459,20.1942
1999,9,12.8877,25.5916,14.9613,26.5159,25.1587
1999,10,15.2714,26.015,7.81546,25.1572,25.135
1999,11,17.3183,25.8869,0.33017,21.8786,24.8063
1999,12,19.7962,26.1328,-5.5584,18.1518,27.2034
2000,1,21.1872,25.9065,-8.7686,17.9382,28.4612
2000,2,19.4299,25.7341,-6.1966,18.8586,27.3646
2000,3,17.0759,25.5243,1.32536,23.3861,25.6753
2000,4,14.6028,25.2622,8.30946,28.8365,24.0446
2000,5,10.114,24.6355,14.593,29.8966,19.5518
2000,6,8.1706,24.0547,18.0814,28.6128,19.6068
2000,7,5.65091,22.9562,20.5313,26.984,14.8363
2000,8,8.83866,24.7715,18.7915,26.8333,21.1165
2000,9,10.6587,25.1845,14.5266,26.4225,21.981
2000,10,14.8525,26.5363,6.97374,25.8498,26.0483
2000,11,16.3156,25.8937,-1.4368,21.9999,24.8082
2000,12,19.5415,25.9276,-5.6817,18.182,26.7281
2001,1,21.0392,25.8022,-8.1598,17.2849,27.8661
2001,2,21.3766,26.1029,-4.5802,20.4163,27.19
2001,3,18.1158,26.0353,1.63008,24.1784,26.172
2001,4,13.8527,25.8097,7.94757,27.715,24.1007
2001,5,9.86312,24.771,14.0547,30.2005,18.5879
2001,6,8.43677,23.245,18.115,28.2791,18.4909
2001,7,7.06236,24.2418,20.515,26.923,20.4052
2001,8,10.469,25.1831,18.7982,26.7708,23.4305
2001,9,11.3795,25.6916,14.5355,27.074,23.438
2001,10,15.3268,26.3197,8.46243,25.5072,25.5522
2001,11,17.0634,26.4455,1.00337,22.0985,26.2996
2001,12,20.2991,26.039,-7.0742,18.5112,26.6994
2002,1,20.6642,25.9703,-6.0785,17.3294,27.9425
2002,2,19.8645,26.0612,-2.2852,20.0054,26.7015
2002,3,17.7678,26.2802,3.04084,24.6669,27.839
2002,4,13.6843,25.9732,8.53329,28.6962,25.2398
2002,5,10.9279,25.1945,13.3804,30.9252,22.5486
2002,6,6.1675,24.0269,18.1348,29.5176,18.234
2002,7,7.47896,24.3371,20.0729,28.2012,18.069
2002,8,9.66017,25.3269,18.9248,26.57,22.0628
2002,9,11.8374,25.689,14.0194,26.2745,22.7731
2002,10,15.6959,26.9941,7.16225,25.4744,27.1844
2002,11,17.6231,26.4679,-0.2716,21.6335,26.7068
2002,12,19.5714,26.3824,-6.7963,18.9412,27.5308
2003,1,21.2978,26.3988,-7.6071,17.4062,28.1399
2003,2,20.1528,26.4573,-3.6323,20.1886,26.8953
2003,3,18.5336,26.0458,1.36547,23.6891,26.6325
2003,4,13.6167,25.709,8.34491,28.6035,22.7917
2003,5,11.0975,24.7453,13.1551,30.2705,20.3308
2003,6,9.70286,24.5994,17.6201,30.1909,21.3977
2003,7,7.61736,23.9775,19.3901,27.1453,19.0331
2003,8,8.55726,24.2107,18.6399,26.7077,18.3271
2003,9,12.4209,25.5222,14.7375,26.316,23.0113
2003,10,16.0625,26.2036,7.84969,25.0509,25.6274
2003,11,18.2452,26.2583,-0.063,21.5925,26.5986
2003,12,19.0414,26.5912,-5.7456,18.1746,26.9155
2004,1,21.8975,26.1081,-7.3648,17.1243,27.9299
2004,2,20.0415,25.7854,-3.2815,19.7681,26.7268
2004,3,19.0576,25.9067,2.23782,25.6688,26.1677
2004,4,14.7715,26.0214,9.60585,28.8608,24.8419
2004,5,8.54576,24.3635,13.5313,29.9194,16.9857
2004,6,9.07018,23.8823,17.7712,28.7406,19.1076
2004,7,7.76315,23.6613,19.7254,27.6163,18.1471
2004,8,9.33883,24.5159,18.4952,26.4105,20.0895
2004,9,12.7675,26.1668,14.5823,26.8845,23.6311
2004,10,15.1073,26.3803,7.47063,24.393,24.927
2004,11,17.2186,26.4008,0.64097,21.5093,25.0669
2004,12,20.3106,26.2449,-5.3925,18.5587,27.1407
2005,1,21.0753,26.665,-7.919,17.3341,27.2694
2005,2,20.9384,26.4822,-6.6477,19.8402,27.2095
2005,3,17.6822,26.1665,1.38762,24.4453,26.2874
2005,4,13.088,25.9846,8.95801,27.5601,22.9407
2005,5,10.4064,25.1517,13.3799,29.6286,21.1384
2005,6,8.72495,24.5166,18.447,30.3993,20.209
2005,7,7.83753,23.9213,20.2678,27.1127,17.9588
2005,8,9.10867,25.4403,18.6079,26.9007,21.4426
2005,9,10.9791,25.2846,15.3916,26.6121,19.3421
2005,10,14.3617,26.8205,8.01064,24.7613,23.8518
2005,11,18.4198,26.7675,0.98275,20.8373,26.0984
2005,12,19.6217,25.9458,-7.3302,17.5969,26.7782
2006,1,21.374,26.5366,-7.6989,17.7795,28.0769
2006,2,20.4569,26.275,-3.9323,21.7275,27.2026
2006,3,17.5543,26.1044,1.6329,23.6574,26.4507
2006,4,14.7116,25.3955,8.13849,27.773,23.5444
2006,5,9.68525,24.0456,13.8501,30.1976,18.1214
2006,6,9.12499,23.8359,17.8624,29.0772,19.9724
2006,7,9.35538,24.3867,20.2666,27.2811,21.1669
2006,8,9.1227,25.2383,19.717,26.4473,20.9302
2006,9,12.1588,25.6825,14.4958,26.6696,22.546
2006,10,16.1025,26.577,9.14077,25.5761,25.6473
2006,11,17.6739,26.0827,1.24201,21.9027,25.8363
2006,12,20.4841,26.471,-5.5869,18.6225,27.7041
2007,1,20.8947,26.4631,-6.8452,17.6062,27.8051
2007,2,19.9216,26.29,-1.7646,20.0309,27.6409
2007,3,17.7275,26.1623,1.80544,23.6263,26.4069
2007,4,14.8192,25.9278,8.7379,28.6448,24.3242
2007,5,8.44094,24.7602,14.6874,30.0014,17.7395
2007,6,7.06368,24.2219,18.2427,29.3996,19.2752
2007,7,5.70346,23.949,19.8753,27.4781,16.2705
2007,8,6.77313,24.3313,19.4638,26.9816,18.3298
2007,9,12.6269,26.2888,14.7243,26.797,25.2746
2007,10,15.8603,26.8244,7.77266,24.9372,26.1543
2007,11,17.1223,26.2846,0.55399,21.7167,26.0713
2007,12,20.2498,26.1926,-4.7944,18.2932,26.9656
2008,1,21.2693,25.541,-9.2915,17.382,27.3622
2008,2,20.7672,25.7479,-6.8207,18.5751,26.1021
2008,3,18.2598,25.6103,3.6285,24.7969,25.6852
2008,4,13.919,25.177,8.90717,27.6182,22.4071
2008,5,10.296,24.0721,14.1682,29.8245,19.3396
2008,6,7.09989,23.3609,17.9877,28.3342,16.6533
2008,7,9.40222,24.2316,20.0407,27.1237,21.3878
2008,8,9.06797,25.2559,18.5727,26.3982,21.0564
2008,9,11.731,25.5867,14.6199,26.4732,21.2465
2008,10,15.4563,26.843,8.36767,25.4801,25.698
2008,11,19.5977,26.1698,0.44534,22.0186,26.2599
2008,12,20.9537,26.0047,-5.1393,19.5262,27.9267
2009,1,21.3719,25.786,-7.2947,18.6935,26.7569
2009,2,20.7599,25.7919,-2.7656,21.3556,27.1833
2009,3,19.4286,26.0315,1.81753,24.8618,27.2457
2009,4,16.1674,25.4516,9.59543,28.7196,24.9047
2009,5,11.6295,24.7343,13.849,30.542,21.4422
2009,6,7.74904,23.4664,17.7689,30.2758,16.9415
2009,7,6.8336,24.185,19.872,27.6575,16.9133
2009,8,10.937,25.1073,18.7413,27.4751,20.8413
2009,9,10.9729,26.3294,14.7346,26.954,21.9332
2009,10,15.366,26.5985,8.70032,25.0814,25.1545
2009,11,17.8079,27.164,-1.656,21.8254,29.0359
2009,12,19.4877,26.1718,-6.3169,18.8623,27.2061
2010,1,21.6245,26.5247,-7.267,17.1528,27.9356
2010,2,19.9255,27.1162,-4.8713,20.569,28.3468
2010,3,19.1168,26.8646,0.72168,26.0479,26.9066
2010,4,13.6752,25.8815,6.56534,29.9188,23.013
2010,5,10.2876,25.0834,13.5868,30.9367,17.8464
2010,6,8.39742,23.8137,18.0365,29.9059,19.2225
2010,7,6.42415,24.1657,20.6067,27.6628,17.5294
2010,8,8.19485,24.768,19.2537,27.0722,19.6791
2010,9,11.959,26.6081,14.7902,26.552,22.5399
2010,10,14.9016,26.642,7.73908,25.6958,23.9976
2010,11,17.5646,26.1814,0.9928,22.5287,24.6294
2010,12,20.3501,26.2464,-6.1938,17.7485,27.7387
2011,1,21.3591,25.9,-10.823,16.5939,27.9857
2011,2,19.9896,25.9348,-3.8677,19.9479,27.8473
2011,3,17.7463,25.6607,-0.138,24.4743,25.4132
2011,4,14.723,25.6547,8.92701,27.3541,23.4502
2011,5,10.8916,24.772,13.5623,30.2931,19.9064
2011,6,7.86543,24.1581,18.2,29.044,18.2534
2011,7,7.17847,24.358,20.1304,27.4064,18.8574
2011,8,8.33782,25.2135,19.3196,26.763,20.3424
2011,9,13.1624,26.2502,14.0646,26.4944,23.6323
2011,10,14.7296,26.2576,8.2468,25.5285,25.105
2011,11,18.9189,26.0925,1.25929,22.1691,26.2335
2011,12,20.8363,26.1414,-6.5132,18.5152,26.9666
2012,1,22.4866,25.6388,-9.8002,16.7365,27.9842
2012,2,20.5712,25.8926,-6.0667,19.5329,27.7936
2012,3,18.5287,25.8586,0.70142,24.0837,25.8575
2012,4,14.1194,25.9351,9.10929,28.0281,22.9417
2012,5,11.7976,24.9448,14.4242,30.5945,20.8079
2012,6,8.1538,24.4159,17.9611,30.3765,18.5517
2012,7,6.58674,24.159,20.1783,27.6659,16.5142
2012,8,10.0442,25.013,19.0493,26.5802,21.9562
2012,9,13.2344,26.4278,14.1805,26.5004,24.4019
2012,10,15.5432,27.1908,7.40143,24.7544,26.7656
2012,11,18.794,26.6045,-0.7818,21.038,26.5572
2012,12,20.2057,26.5033,-7.4017,18.4889,28.3799
2013,1,21.9513,26.2797,-8.555,17.0686,28.3808
2013,2,20.4956,26.421,-4.8,19.7613,27.4515
2013,3,16.6638,26.4633,2.59283,24.3788,25.3612
2013,4,15.4376,25.7173,7.90616,27.8826,23.1209
2013,5,11.1747,25.0598,14.0814,30.8022,20.4769
2013,6,9.32692,24.7923,18.0739,28.6156,18.9433
2013,7,7.83835,24.2248,20.1251,26.9224,18.3592
2013,8,8.48436,24.5482,19.5821,26.3956,18.129
2013,9,11.1578,26.1844,14.2672,26.8396,22.3319
2013,10,15.9484,26.541,8.29464,25.1562,24.402
2013,11,18.2226,26.1609,0.51315,20.9762,26.2587
2013,12,22.3206,26.3776,-5.7559,18.0772,28.5501
2014,1,21.7558,26.351,-6.6398,17.1987,27.5319
2014,2,19.6297,26.1318,-5.6126,19.0067,27.5311
2014,3,16.8254,25.9359,2.37766,23.3757,24.9224
2014,4,13.9624,25.9241,9.26856,27.9459,23.6784
2014,5,10.9979,25.013,10.7351,29.5535,20.0996
2014,6,8.42423,24.5104,17.7516,30.6068,19.3159
2014,7,8.2181,24.0321,19.8652,27.893,18.6648
2014,8,10.9961,25.2679,18.4369,27.2546,22.0228
2014,9,13.1223,26.8389,14.5691,26.5108,25.2655
2014,10,16.8427,26.9653,8.41303,25.3791,28.0744
2014,11,17.6,26.6748,0.84542,21.9367,25.9565
2014,12,19.9279,26.3578,-6.714,17.7494,27.522
2015,1,21.3202,26.6425,-6.3235,16.6115,28.072
2015,2,20.2841,26.3971,-3.2716,20.2522,27.1542
2015,3,18.9657,26.027,2.58015,23.3404,26.266
2015,4,15.9511,25.9741,8.70064,27.162,24.2249
2015,5,12.2071,25.2458,13.914,30.6121,20.6963
2015,6,9.54048,24.6914,17.4817,29.1138,19.4109
2015,7,8.34653,24.7691,19.8109,27.5206,18.6747
2015,8,10.8438,25.7966,18.8831,27.0912,20.968
2015,9,11.6633,27.3316,14.2961,27.2284,24.0422
2015,10,13.2324,27.21,8.31517,25.9414,25.2905
2015,11,17.2733,27.3725,0.67142,22.3532,26.2402
2015,12,20.309,27.1024,-5.239,18.6159,27.9317