Date,Open,High,Low,Last,Change,Settle,Volume,Previous Day Open Interest
2018-08-31,816.0,833.25,816.0,833.25,13.5,833.0,6332.0,3996.0
2018-08-30,823.0,831.5,817.0,818.5,3.75,819.5,16179.0,7374.0
2018-08-29,820.75,830.75,819.75,824.75,2.75,823.25,23786.0,16896.0
2018-08-28,833.25,836.5,820.25,820.75,14.25,820.5,23366.0,24398.0
2018-08-27,838.25,840.0,824.75,835.25,7.25,834.75,27365.0,32549.0
2018-08-24,841.5,848.5,840.75,841.25,,842.0,26404.0,43884.0
2018-08-23,857.5,861.75,842.0,842.5,16.25,842.0,17269.0,45584.0
2018-08-22,873.5,873.75,857.25,858.5,16.25,858.25,19277.0,46265.0
2018-08-21,874.0,883.25,873.5,873.5,7.25,874.5,17183.0,50272.0
2018-08-20,889.75,896.0,880.5,885.25,0.25,881.75,9846.0,51348.0
2018-08-17,884.75,887.5,871.0,876.75,4.0,881.5,18231.0,51689.0
2018-08-16,859.75,888.25,854.5,885.25,28.0,885.5,18251.0,53774.0
2018-08-15,867.75,872.5,856.5,857.5,10.75,857.5,9598.0,53896.0
2018-08-14,858.5,862.25,856.5,861.75,11.0,864.5,81.0,82.0
2018-08-13,838.0,852.75,838.0,852.75,7.5,853.5,139.0,278.0
2018-08-10,886.25,886.25,845.25,845.25,41.75,846.0,304.0,467.0
2018-08-09,890.5,890.5,887.5,887.5,6.0,887.75,612.0,930.0
2018-08-08,892.0,895.75,889.25,894.0,4.5,893.75,1415.0,1210.0
2018-08-07,887.75,891.25,883.25,888.75,12.0,889.25,2138.0,1726.0
2018-08-06,880.5,881.0,872.5,878.5,9.0,877.25,1749.0,1752.0
2018-08-03,878.5,886.5,870.5,886.5,3.75,886.25,2608.0,2003.0
2018-08-02,886.75,886.75,873.75,882.5,4.25,882.5,4071.0,3541.0
2018-08-01,898.0,898.0,884.75,886.5,17.0,886.75,11290.0,6662.0
2018-07-31,875.5,906.0,873.25,902.75,28.75,903.75,14277.0,10869.0
2018-07-30,878.5,881.25,871.25,876.0,4.5,875.0,54567.0,27406.0
2018-07-27,858.25,874.0,858.25,870.25,9.25,870.5,35291.0,48029.0
2018-07-26,870.0,881.0,858.25,859.0,0.5,861.25,42094.0,57291.0
2018-07-25,860.0,863.0,852.0,860.75,2.75,860.75,26585.0,64857.0
2018-07-24,844.0,862.75,842.5,858.75,10.25,858.0,31358.0,71961.0
2018-07-23,853.25,854.75,847.25,848.0,2.0,847.75,23769.0,76972.0
2018-07-20,846.0,853.25,841.25,848.0,3.75,849.75,20935.0,80399.0
2018-07-19,842.0,846.75,836.75,846.5,3.75,846.0,22652.0,81332.0
2018-07-18,839.0,847.5,834.75,842.0,2.75,842.25,14325.0,80420.0
2018-07-17,833.25,843.5,830.0,840.0,10.0,839.5,30449.0,82683.0
2018-07-16,818.5,838.0,810.5,829.5,10.75,829.5,21316.0,85374.0
2018-07-13,831.5,831.5,810.75,816.75,16.0,814.0,99.0,146.0
2018-07-12,832.75,833.25,821.25,831.0,0.25,830.0,154.0,388.0
2018-07-11,840.5,842.25,829.5,830.5,22.5,829.75,975.0,846.0
2018-07-10,849.0,860.25,847.5,850.5,0.5,852.25,866.0,1044.0
2018-07-09,867.5,867.5,848.25,851.75,22.25,851.75,1258.0,1099.0
2018-07-06,836.0,877.25,834.5,874.0,38.5,874.0,2510.0,1765.0
2018-07-05,843.5,846.0,834.0,834.0,8.5,835.5,3567.0,2321.0
2018-07-03,849.5,852.75,843.0,843.25,4.5,844.0,4639.0,3755.0
2018-07-02,860.0,862.5,845.75,847.75,10.0,848.5,5532.0,5046.0
2018-06-29,861.25,876.5,857.5,857.75,2.75,858.5,10641.0,9300.0
2018-06-28,865.25,869.5,859.5,862.0,6.25,861.25,41214.0,23545.0
2018-06-27,868.0,878.0,866.0,866.75,0.25,867.5,78056.0,59379.0
2018-06-26,873.25,881.0,862.5,867.0,7.25,867.25,69611.0,81248.0
2018-06-25,896.5,899.0,871.75,874.25,20.0,874.5,56113.0,114132.0
2018-06-22,879.25,897.5,878.75,892.25,14.0,894.5,103259.0,180954.0
2018-06-21,889.5,891.25,878.25,879.5,9.0,880.5,88061.0,194071.0
2018-06-20,890.75,896.0,877.0,888.25,0.5,889.5,109226.0,213905.0
2018-06-19,905.0,905.75,841.5,890.0,19.5,889.0,171277.0,229759.0
2018-06-18,905.5,914.0,897.25,907.5,3.0,908.5,116698.0,253111.0
2018-06-15,926.25,929.75,903.0,905.5,21.75,905.5,160341.0,268987.0
2018-06-14,933.75,937.75,924.0,927.5,8.75,927.25,102027.0,279347.0
2018-06-13,954.0,958.5,934.25,936.25,18.0,936.0,169288.0,295391.0
2018-06-12,956.5,963.25,952.0,954.0,0.25,954.0,122545.0,311919.0
2018-06-11,966.75,972.25,953.25,955.0,15.5,953.75,124053.0,329296.0
2018-06-08,974.25,976.25,962.5,969.0,5.0,969.25,121298.0,338738.0
2018-06-07,995.0,998.25,973.0,975.5,20.0,974.25,162873.0,344096.0
2018-06-06,1004.5,1008.25,993.75,996.0,7.0,994.25,82314.0,348769.0
2018-06-05,1002.25,1006.75,997.25,1002.0,0.5,1001.25,116200.0,365297.0
2018-06-04,1013.25,1014.5,1001.25,1003.75,19.5,1001.75,90333.0,364879.0
2018-06-01,1019.25,1026.5,1015.0,1021.25,2.75,1021.25,92446.0,370034.0
2018-05-31,1023.0,1030.75,1013.5,1018.5,4.5,1018.5,94289.0,370428.0
2018-05-30,1030.5,1031.75,1014.75,1023.0,7.5,1023.0,126538.0,381001.0
2018-05-29,1045.25,1049.5,1028.0,1030.0,11.0,1030.5,108111.0,384623.0
2018-05-25,1036.75,1044.0,1035.5,1041.5,5.75,1041.5,70003.0,388628.0
2018-05-24,1039.75,1050.75,1035.5,1038.0,3.5,1035.75,112591.0,398355.0
2018-05-23,1030.5,1039.75,1027.75,1040.0,8.75,1039.25,83021.0,399120.0
2018-05-22,1022.0,1036.0,1020.25,1030.0,5.25,1030.5,91280.0,406463.0
2018-05-21,1017.5,1027.0,1011.5,1025.0,26.75,1025.25,139292.0,411562.0
2018-05-18,995.75,1007.75,992.75,995.25,3.5,998.5,90732.0,417933.0
2018-05-17,1001.0,1007.5,992.5,994.75,4.75,995.0,83205.0,417946.0
2018-05-16,1017.75,1018.5,998.75,1000.0,19.0,999.75,89566.0,415891.0
2018-05-15,1017.25,1025.25,1005.25,1017.0,1.0,1018.75,103215.0,416780.0
2018-05-14,1007.25,1013.5,1007.25,1013.5,18.25,1013.0,84.0,81.0
2018-05-11,1008.75,1008.75,993.25,993.25,18.5,994.75,103.0,147.0
2018-05-10,1008.0,1018.0,1007.25,1010.25,6.0,1013.25,389.0,444.0
2018-05-09,1011.25,1011.75,1002.25,1007.25,4.0,1007.25,712.0,962.0
2018-05-08,1004.25,1011.75,1002.25,1010.75,9.0,1011.25,784.0,1317.0
2018-05-07,1025.0,1025.0,1001.25,1004.25,25.0,1002.25,1657.0,2028.0
2018-05-04,1038.5,1039.0,1027.0,1027.5,16.0,1027.25,1314.0,2798.0
2018-05-03,1032.75,1041.75,1024.75,1041.75,10.5,1043.25,3110.0,3561.0
2018-05-02,1041.25,1041.25,1029.25,1032.0,9.75,1032.75,5408.0,5751.0
2018-05-01,1038.75,1044.5,1031.25,1042.0,4.75,1042.5,6756.0,7936.0
2018-04-30,1046.25,1056.5,1036.5,1038.5,7.25,1037.75,9773.0,13692.0
2018-04-27,1028.5,1046.75,1019.0,1045.5,17.0,1045.0,61827.0,39697.0
2018-04-26,1027.25,1034.5,1024.0,1029.0,0.5,1028.0,61608.0,67011.0
2018-04-25,1022.25,1033.25,1020.5,1027.5,5.25,1027.5,54914.0,88329.0
2018-04-24,1020.75,1026.25,1016.25,1021.25,1.5,1022.25,69920.0,106742.0
2018-04-23,1027.5,1033.25,1017.25,1018.0,8.0,1020.75,53540.0,124296.0
2018-04-20,1037.0,1038.5,1027.75,1029.5,8.5,1028.75,58142.0,162814.0
2018-04-19,1041.75,1044.75,1032.75,1037.0,4.5,1037.25,77910.0,191968.0
2018-04-18,1046.25,1052.5,1039.0,1041.25,4.25,1041.75,86115.0,205990.0
2018-04-17,1043.25,1049.25,1040.0,1045.0,4.0,1046.0,71147.0,219416.0
2018-04-16,1054.25,1058.75,1041.5,1042.75,12.25,1042.0,89976.0,231827.0
2018-04-13,1060.25,1067.25,1051.5,1054.0,6.5,1054.25,104023.0,244173.0
2018-04-12,1047.75,1061.75,1047.25,1060.75,13.0,1060.75,168538.0,250898.0
2018-04-11,1050.75,1058.75,1047.25,1047.75,2.25,1047.75,108046.0,260473.0
2018-04-10,1045.5,1064.0,1045.0,1047.5,3.0,1050.0,159927.0,272347.0
2018-04-09,1038.25,1056.75,1037.5,1045.0,13.25,1047.0,151473.0,290145.0
2018-04-06,1003.0,1037.25,1003.0,1031.5,2.5,1033.75,151109.0,296811.0
2018-04-05,1015.5,1034.0,1011.75,1027.0,16.0,1031.25,208411.0,314977.0
2018-04-04,1038.75,1041.75,983.5,1015.75,22.75,1015.25,327585.0,324258.0
2018-04-03,1036.25,1048.75,1035.75,1037.25,2.5,1038.0,121853.0,335908.0
2018-04-02,1045.25,1060.5,1035.25,1035.75,9.25,1035.5,98730.0,344891.0
2018-03-29,1019.5,1050.75,1012.5,1042.0,26.75,1044.75,164081.0,341978.0
2018-03-28,1019.5,1023.25,1015.0,1017.0,1.5,1018.0,88348.0,348391.0
2018-03-27,1027.0,1031.25,1017.25,1017.25,6.0,1019.5,83121.0,352099.0
2018-03-26,1026.25,1040.25,1025.0,1026.0,2.75,1025.5,84130.0,354557.0
2018-03-23,1026.5,1034.25,1009.25,1026.5,1.5,1028.25,155890.0,365171.0
2018-03-22,1032.0,1035.5,1022.25,1028.25,,1029.75,86409.0,366203.0
2018-03-21,1029.5,1037.25,1024.75,1032.0,1.5,1029.75,90316.0,373569.0
2018-03-20,1022.25,1029.75,1022.25,1027.25,5.75,1028.25,71362.0,378894.0
2018-03-19,1045.25,1045.5,1021.75,1022.25,27.0,1022.5,120053.0,384438.0
2018-03-16,1042.0,1050.0,1040.75,1046.75,8.75,1049.5,67385.0,388620.0
2018-03-15,1031.0,1046.25,1027.0,1040.0,8.5,1040.75,114290.0,386097.0
2018-03-14,1042.25,1042.75,1032.5,1032.5,12.0,1028.5,87.0,62.0
2018-03-13,1035.5,1043.25,1035.5,1039.25,7.25,1040.5,243.0,244.0
2018-03-12,1023.0,1034.25,1023.0,1034.25,4.0,1033.25,1589.0,1629.0
2018-03-09,1049.75,1049.75,1029.0,1029.0,24.5,1029.25,390.0,1875.0
2018-03-08,1052.5,1057.25,1047.0,1053.75,1.25,1053.75,493.0,2199.0
2018-03-07,1058.0,1063.0,1054.5,1055.0,9.5,1055.0,2360.0,2773.0
2018-03-06,1066.0,1067.0,1060.75,1065.0,2.25,1064.5,2839.0,3395.0
2018-03-05,1063.5,1068.0,1056.75,1067.0,6.0,1066.75,2999.0,4575.0
2018-03-02,1057.0,1071.0,1053.5,1062.25,3.25,1060.75,5523.0,6333.0
2018-03-01,1043.75,1057.5,1041.0,1056.5,12.5,1057.5,7431.0,8689.0
2018-02-28,1037.75,1048.0,1035.0,1045.25,7.0,1045.0,14226.0,15767.0
2018-02-27,1034.0,1044.25,1031.75,1037.5,3.75,1038.0,71926.0,51646.0
2018-02-26,1039.5,1047.75,1034.0,1031.25,2.0,1034.25,118082.0,84092.0
2018-02-23,1031.0,1039.5,1028.0,1037.0,4.25,1036.25,117200.0,125919.0
2018-02-22,1034.0,1037.0,1027.25,1030.0,2.25,1032.0,82498.0,150687.0
2018-02-21,1027.75,1038.25,1019.25,1035.5,7.75,1034.25,120031.0,176734.0
2018-02-20,1031.5,1039.0,1024.5,1026.5,5.0,1026.5,175238.0,190040.0
2018-02-16,1023.5,1028.25,1012.0,1014.5,2.75,1021.5,133699.0,195984.0
2018-02-15,1016.5,1024.75,1015.5,1017.0,7.0,1024.25,145401.0,205167.0
2018-02-14,1011.25,1019.5,1006.0,1016.75,5.5,1017.25,141271.0,215486.0
2018-02-13,1001.0,1013.5,998.75,1008.75,10.0,1011.75,162151.0,226578.0
2018-02-12,995.5,1004.25,989.0,1000.0,18.75,1001.75,198285.0,238494.0
2018-02-09,987.5,989.75,979.75,983.0,4.75,983.0,150476.0,257095.0
2018-02-08,983.25,996.0,977.75,987.75,4.75,987.75,215452.0,281676.0
2018-02-07,988.75,993.75,982.0,982.75,3.25,983.0,152446.0,297767.0
2018-02-06,969.75,987.5,967.75,986.5,16.5,986.25,168078.0,308835.0
2018-02-05,976.25,977.5,969.5,970.75,9.0,969.75,119527.0,317403.0
2018-02-02,985.75,986.25,977.0,976.5,6.25,978.75,92666.0,321484.0
2018-02-01,995.25,995.5,977.5,985.0,10.75,985.0,148913.0,322889.0
2018-01-31,1000.0,1002.0,989.0,995.5,4.5,995.75,154564.0,333628.0
2018-01-30,994.5,1004.75,988.25,999.5,8.75,1000.25,156812.0,337345.0
2018-01-29,992.25,998.75,986.25,991.0,6.0,991.5,130855.0,341018.0
2018-01-26,990.25,995.5,983.75,985.5,6.75,985.5,102462.0,345402.0
2018-01-25,992.0,1002.0,987.0,990.25,,992.25,145938.0,351722.0
2018-01-24,985.75,994.75,980.25,992.0,6.0,992.25,130843.0,356380.0
2018-01-23,983.0,988.75,979.5,985.25,2.0,986.25,97527.0,359882.0
2018-01-22,980.5,987.25,980.0,982.25,7.0,984.25,115783.0,359294.0
2018-01-19,972.5,982.75,972.0,970.5,4.25,977.25,98729.0,363811.0
2018-01-18,968.75,974.75,966.5,972.0,4.25,973.0,66271.0,362569.0
2018-01-17,966.25,969.25,961.25,968.75,0.75,968.75,84423.0,356768.0
2018-01-16,965.0,970.0,963.25,965.0,7.5,968.0,88571.0,363699.0
2018-01-12,940.25,943.75,937.25,943.75,3.5,944.0,172.0,112.0
2018-01-11,946.0,948.25,940.0,940.0,6.5,940.5,204.0,363.0
2018-01-10,953.25,954.0,944.5,946.25,8.75,947.0,574.0,622.0
2018-01-09,958.75,959.25,953.5,955.0,2.5,955.75,580.0,920.0
2018-01-08,960.75,962.25,951.5,958.25,3.25,958.25,988.0,1474.0
2018-01-05,960.0,966.5,960.0,960.25,2.25,961.5,1278.0,1776.0
2018-01-04,959.25,960.0,950.25,959.75,0.5,959.25,2133.0,3535.0
2018-01-03,956.25,960.5,955.0,959.5,4.75,959.75,2567.0,5165.0
2018-01-02,956.5,960.0,949.25,955.5,3.25,955.0,2890.0,6799.0
2017-12-29,945.0,953.5,944.25,952.75,6.0,951.75,10624.0,11690.0
2017-12-28,955.0,955.75,943.25,945.5,9.75,945.75,63322.0,38487.0
2017-12-27,958.75,964.75,953.5,954.0,3.75,955.5,69562.0,65526.0
2017-12-26,952.25,963.0,952.25,958.0,9.75,959.25,47530.0,78796.0
2017-12-22,948.0,952.0,946.5,950.25,0.75,949.5,58005.0,111431.0
2017-12-21,953.5,956.75,947.5,947.5,5.25,948.75,95886.0,132902.0
2017-12-20,955.75,960.0,952.75,952.5,2.0,954.0,108318.0,147620.0
2017-12-19,962.25,964.0,955.0,951.5,5.5,956.0,90619.0,164296.0
2017-12-18,970.5,970.5,957.25,962.0,5.75,961.5,99537.0,168749.0
2017-12-15,968.0,972.25,964.0,967.25,0.5,967.25,109492.0,183548.0
2017-12-14,979.5,981.0,966.5,968.0,11.5,967.75,112760.0,187926.0
2017-12-13,976.0,981.5,976.0,979.25,3.5,979.25,94051.0,202172.0
2017-12-12,981.75,986.25,975.0,975.0,6.75,975.75,149138.0,218831.0
2017-12-11,989.0,989.0,981.5,982.0,7.25,982.5,121392.0,244410.0
2017-12-08,991.75,996.5,986.0,990.0,2.25,989.75,111055.0,255045.0
2017-12-07,1003.5,1006.5,988.25,992.0,10.75,992.0,148666.0,271116.0
2017-12-06,1008.0,1014.25,995.0,1001.25,5.75,1002.75,182496.0,286011.0
2017-12-05,998.5,1015.0,997.5,1008.5,10.0,1008.5,149129.0,283554.0
2017-12-04,998.25,1008.5,996.75,997.25,4.25,998.5,151847.0,291354.0
2017-12-01,985.75,995.75,985.5,993.75,8.5,994.25,124678.0,299994.0
2017-11-30,992.75,993.0,985.0,986.0,6.75,985.75,112826.0,302215.0
2017-11-29,993.25,996.5,989.25,992.0,0.5,992.5,76345.0,302409.0
2017-11-28,996.0,996.0,987.5,993.0,3.0,993.0,87003.0,310026.0
2017-11-27,993.75,1001.5,990.5,995.0,2.75,996.0,119968.0,310649.0
2017-11-24,995.0,999.75,991.0,992.5,4.0,993.25,53761.0,312715.0
2017-11-22,988.5,999.5,987.5,997.0,8.25,997.25,107702.0,318586.0
2017-11-21,990.0,991.25,986.25,988.0,1.0,989.0,65052.0,317813.0
2017-11-20,990.0,992.0,983.0,989.25,0.5,990.0,88069.0,319186.0
2017-11-17,972.75,992.0,971.5,990.5,18.5,990.5,115931.0,327103.0
2017-11-16,976.5,978.25,970.25,972.0,4.25,972.0,85723.0,323185.0
2017-11-15,969.0,978.0,968.0,976.25,8.5,976.25,90121.0,322009.0
2017-11-14,966.0,967.25,958.5,958.5,4.5,959.0,546.0,551.0
2017-11-13,977.25,978.0,963.25,964.25,13.75,963.5,1164.0,1088.0
2017-11-10,976.75,981.25,974.5,977.0,2.0,977.25,1163.0,1666.0
2017-11-09,988.0,994.5,974.0,976.0,12.75,975.25,3173.0,2541.0
2017-11-08,985.25,988.75,984.25,987.0,2.0,988.0,3182.0,3163.0
2017-11-07,986.0,988.25,981.75,985.5,2.0,986.0,3775.0,3798.0
2017-11-06,977.25,985.5,975.25,984.25,7.0,984.0,2425.0,4451.0
2017-11-03,988.25,988.5,976.0,976.75,12.0,977.0,5232.0,5994.0
2017-11-02,979.5,989.5,979.5,988.75,8.0,989.0,9546.0,9125.0
2017-11-01,974.5,984.5,973.75,981.0,7.25,981.0,11908.0,11617.0
2017-10-31,972.75,977.5,971.0,975.0,1.0,973.75,21903.0,17783.0
2017-10-30,975.25,981.5,971.25,972.25,2.5,972.75,115597.0,53851.0
2017-10-27,971.0,976.5,969.75,975.0,4.0,975.25,138503.0,127750.0
2017-10-26,975.5,978.75,970.25,971.0,4.25,971.25,117199.0,166031.0
2017-10-25,975.75,983.25,975.25,975.0,,975.5,128682.0,189070.0
2017-10-24,980.0,983.0,972.75,976.0,5.25,975.5,117512.0,200021.0
2017-10-23,977.0,982.75,975.0,979.25,2.0,980.75,152935.0,219793.0
2017-10-20,985.25,994.25,978.0,978.0,7.75,978.75,164400.0,230088.0
2017-10-19,983.75,989.0,983.0,986.0,2.25,986.5,123002.0,241246.0
2017-10-18,984.75,988.5,981.75,982.5,0.5,984.25,90605.0,244546.0
2017-10-17,990.0,990.5,982.5,985.0,6.25,984.75,114432.0,250745.0
2017-10-16,998.0,999.0,990.25,990.0,9.25,991.0,141818.0,260895.0
2017-10-13,991.0,1003.25,990.25,998.0,8.25,1000.25,209415.0,270019.0
2017-10-12,965.0,997.75,959.0,992.0,26.75,992.0,278500.0,280223.0
2017-10-11,965.5,967.5,963.5,965.0,0.75,965.25,137857.0,295381.0
2017-10-10,966.25,975.75,964.25,965.5,0.75,966.0,116857.0,302004.0
2017-10-09,974.5,977.0,965.25,966.0,5.5,966.75,116329.0,309792.0
2017-10-06,968.0,973.75,963.5,972.25,4.0,972.25,104308.0,319637.0
2017-10-05,958.25,971.0,957.75,968.25,10.0,968.25,136352.0,328024.0
2017-10-04,955.25,961.75,952.75,957.5,3.0,958.25,81168.0,330242.0
2017-10-03,956.75,961.25,952.5,955.25,2.0,955.25,82752.0,335738.0
2017-10-02,967.5,968.0,956.25,956.0,11.0,957.25,99000.0,335322.0
2017-09-29,959.25,976.0,955.25,965.25,8.75,968.25,157988.0,335786.0
2017-09-28,965.25,966.0,957.5,959.5,6.0,959.5,97012.0,335946.0
2017-09-27,963.5,968.5,958.0,965.25,2.0,965.5,94890.0,341732.0
2017-09-26,971.25,974.25,962.5,962.5,7.75,963.5,136297.0,346131.0
2017-09-25,983.5,985.75,971.0,970.75,13.0,971.25,115201.0,357084.0
2017-09-22,970.0,987.0,969.0,984.25,13.5,984.25,155621.0,355613.0
2017-09-21,969.5,973.0,963.0,969.25,0.75,970.75,107182.0,359842.0
2017-09-20,966.0,974.0,964.75,969.25,4.5,970.0,79411.0,354326.0
2017-09-19,968.5,971.75,958.5,965.0,2.25,965.5,101567.0,359365.0
2017-09-18,966.25,976.5,966.0,968.0,1.0,967.75,93991.0,361826.0
2017-09-15,975.5,977.75,967.25,968.0,7.25,968.75,100612.0,368297.0
2017-09-14,967.5,969.0,967.5,969.0,14.25,967.25,24.0,35.0
2017-09-13,949.0,953.0,944.0,951.75,8.75,953.0,18.0,36.0
2017-09-12,955.25,955.5,937.5,942.5,10.5,944.25,52.0,59.0
2017-09-11,955.0,955.5,952.0,955.5,1.75,954.75,51.0,105.0
2017-09-08,966.75,968.0,956.25,956.75,6.75,956.5,152.0,258.0
2017-09-07,963.0,970.0,959.25,965.25,1.25,963.25,330.0,495.0
2017-09-06,960.5,969.75,960.0,965.5,4.0,964.5,910.0,954.0
2017-09-05,945.0,965.0,945.0,961.25,18.5,960.5,1399.0,1732.0
2017-09-01,937.25,943.25,935.5,942.0,5.75,942.0,1686.0,2845.0
2017-08-31,923.5,939.75,923.5,938.5,13.25,936.25,4188.0,4660.0
2017-08-30,929.75,934.0,921.75,922.25,7.75,923.0,20004.0,12467.0
2017-08-29,934.5,937.25,929.5,929.5,4.5,930.75,16591.0,20521.0
2017-08-28,936.0,944.0,932.5,935.0,3.75,935.25,18888.0,26440.0
2017-08-25,939.5,941.75,937.25,936.5,2.25,939.0,19011.0,55751.0
2017-08-24,934.0,942.75,932.25,941.25,6.25,941.25,18595.0,58869.0
2017-08-23,940.25,943.25,929.0,935.0,1.25,935.0,20447.0,61036.0
2017-08-22,931.25,938.5,927.75,933.75,1.25,933.75,15335.0,62626.0
2017-08-21,935.25,936.0,930.25,932.5,5.0,932.5,14341.0,62219.0
2017-08-18,,939.0,927.75,937.5,7.25,937.5,20019.0,66849.0
2017-08-17,924.0,931.75,922.0,929.0,8.5,930.25,17458.0,67291.0
2017-08-16,921.25,925.25,917.25,923.0,,921.75,15967.0,66685.0
2017-08-15,932.75,934.25,920.25,922.75,11.0,921.75,26357.0,66105.0
2017-08-14,926.5,926.5,925.0,925.0,10.0,925.5,31.0,99.0
2017-08-11,934.0,935.75,931.25,935.0,4.75,935.5,109.0,137.0
2017-08-10,963.75,974.75,934.0,934.0,32.25,930.75,56.0,198.0
2017-08-09,964.0,965.25,958.0,963.0,,963.0,190.0,399.0
2017-08-08,967.0,967.5,962.5,962.5,3.25,963.0,480.0,633.0
2017-08-07,956.0,960.5,952.5,960.5,10.5,959.75,755.0,910.0
2017-08-04,948.0,954.0,948.0,949.0,1.25,949.25,2095.0,1319.0
2017-08-03,965.5,965.5,945.5,950.0,16.0,950.5,1734.0,2025.0
2017-08-02,960.75,968.25,960.0,965.0,7.0,966.5,3130.0,3070.0
2017-08-01,985.25,986.75,958.25,958.25,35.0,959.5,6360.0,4819.0
2017-07-31,991.5,996.5,982.25,993.25,6.25,994.5,12414.0,8500.0
2017-07-28,992.75,1007.5,989.75,999.75,6.0,1000.75,32146.0,18145.0
2017-07-27,991.75,1000.75,987.5,993.0,6.0,994.75,36915.0,32081.0
2017-07-26,980.0,991.0,973.25,990.0,7.25,988.75,32037.0,39430.0
2017-07-25,1012.0,1022.75,981.0,980.75,16.0,981.5,48837.0,49695.0
2017-07-24,1000.25,1000.5,985.75,990.0,11.5,997.5,36170.0,59857.0
2017-07-21,1011.25,1013.25,1001.75,1009.5,4.25,1009.0,38641.0,76919.0
2017-07-20,999.0,1017.25,995.0,1007.5,13.5,1013.25,30276.0,82653.0
2017-07-19,990.25,1004.75,984.5,996.25,10.25,999.75,26017.0,88365.0
2017-07-18,997.25,1004.25,985.75,990.0,4.5,989.5,27259.0,91625.0
2017-07-17,989.0,995.0,981.75,985.0,4.0,985.0,21857.0,93718.0
2017-07-14,978.0,987.0,978.0,987.0,12.75,985.25,60.0,182.0
2017-07-13,997.0,997.0,977.0,977.0,44.25,972.5,248.0,185.0
2017-07-12,1023.0,1024.25,1010.75,1014.75,8.5,1016.75,382.0,428.0
2017-07-11,1027.75,1027.75,1010.5,1025.75,5.0,1025.25,647.0,670.0
2017-07-10,1001.0,1024.5,1001.0,1020.25,24.25,1020.25,1019.0,1198.0
2017-07-07,979.0,997.5,979.0,992.25,15.25,996.0,1409.0,1971.0
2017-07-06,979.0,982.0,970.0,980.0,4.5,980.75,2199.0,2471.0
2017-07-05,971.75,981.0,964.0,978.0,11.5,976.25,4303.0,3184.0
2017-07-03,949.5,976.0,949.5,964.75,22.5,964.75,4554.0,4198.0
2017-06-30,915.0,945.5,912.25,940.25,26.75,942.25,12410.0,7878.0
2017-06-29,914.25,927.75,914.25,915.25,1.5,915.5,61319.0,27250.0
2017-06-28,,917.5,910.5,913.0,2.75,914.0,93592.0,58613.0
2017-06-27,909.0,918.0,909.0,903.5,4.5,911.25,71297.0,82549.0
2017-06-26,904.0,912.25,903.75,906.75,2.25,906.75,61731.0,105147.0
2017-06-23,906.5,909.0,900.25,904.0,0.5,904.5,109226.0,181007.0
2017-06-22,919.25,920.5,903.0,905.5,14.75,904.0,119868.0,192733.0
2017-06-21,928.0,932.5,917.0,920.0,9.0,918.75,94322.0,204580.0
2017-06-20,937.25,940.75,926.0,928.0,10.0,927.75,99880.0,210816.0
2017-06-19,936.5,947.5,933.75,937.75,1.25,937.75,86891.0,219667.0
2017-06-16,935.75,942.25,932.0,938.5,4.25,939.0,87716.0,233727.0
2017-06-15,931.75,938.5,925.5,933.0,3.0,934.75,98378.0,242727.0
2017-06-14,932.0,939.0,931.0,931.5,0.75,931.75,80280.0,248150.0
2017-06-13,933.75,941.5,931.75,932.0,1.25,932.5,105284.0,259877.0
2017-06-12,942.0,943.25,930.25,932.75,10.25,931.25,101235.0,272364.0
2017-06-09,937.0,944.0,932.75,941.0,3.5,941.5,120032.0,291154.0
2017-06-08,931.0,944.75,930.75,937.0,7.25,938.0,123636.0,311396.0
2017-06-07,924.5,934.5,924.5,930.25,7.25,930.75,123634.0,341160.0
2017-06-06,921.0,934.25,920.0,924.5,1.5,923.5,112393.0,350322.0
2017-06-05,924.5,926.5,917.75,921.0,0.75,922.0,86272.0,359425.0
2017-06-02,912.25,924.0,910.75,920.75,9.0,921.25,76604.0,362528.0
2017-06-01,916.0,920.75,911.5,911.75,3.75,912.25,68293.0,360047.0
2017-05-31,915.25,920.5,909.5,911.25,3.25,916.0,112368.0,363226.0
2017-05-30,926.0,928.5,910.5,912.25,13.75,912.75,120655.0,363545.0
2017-05-26,939.5,941.0,925.25,925.75,13.0,926.5,96350.0,367789.0
2017-05-25,947.75,952.25,938.25,938.75,8.75,939.5,84877.0,361286.0
2017-05-24,948.5,952.0,943.0,948.0,,948.25,78616.0,360987.0
2017-05-23,956.25,959.25,947.0,948.25,8.25,948.25,79542.0,364172.0
2017-05-22,953.0,961.0,953.0,957.0,3.5,956.5,76328.0,365378.0
2017-05-19,945.5,956.25,944.5,953.0,8.25,953.0,95180.0,360814.0
2017-05-18,972.5,972.5,942.75,945.0,31.0,944.75,238165.0,356080.0
2017-05-17,975.5,980.5,973.5,975.0,0.5,975.75,75691.0,357703.0
2017-05-16,964.75,977.25,964.0,975.75,11.0,976.25,85268.0,357803.0
2017-05-15,962.5,973.0,962.0,965.0,2.25,965.25,71162.0,356046.0
2017-05-12,953.5,953.5,953.5,953.5,2.0,954.0,113.0,100.0
2017-05-11,962.5,965.0,955.0,956.75,5.75,956.0,489.0,302.0
2017-05-10,965.25,980.0,958.5,959.0,3.5,961.75,167.0,396.0
2017-05-09,956.25,968.0,956.25,965.0,9.0,965.25,449.0,609.0
2017-05-08,962.5,962.5,954.5,955.5,6.75,956.25,1055.0,1167.0
2017-05-05,965.5,973.5,960.0,964.0,2.25,963.0,1230.0,1341.0
2017-05-04,965.25,970.5,961.75,965.5,0.25,965.25,1604.0,2093.0
2017-05-03,959.5,966.0,959.0,965.75,7.5,965.5,3707.0,4063.0
2017-05-02,958.5,967.75,955.0,956.0,1.0,958.0,6876.0,5699.0
2017-05-01,950.0,963.0,950.0,959.25,13.75,959.0,6794.0,6823.0
2017-04-28,945.0,947.0,941.5,944.25,0.5,945.25,13490.0,12535.0
2017-04-27,944.5,950.5,943.5,946.0,,945.75,54629.0,28506.0
2017-04-26,955.0,958.0,944.5,944.5,8.75,945.75,91101.0,57020.0
2017-04-25,959.0,961.0,954.0,956.5,6.75,954.5,66039.0,80975.0
2017-04-24,951.5,962.25,951.5,958.75,10.25,961.25,68530.0,109378.0
2017-04-21,946.0,952.75,944.75,951.0,4.25,951.0,117408.0,163893.0
2017-04-20,950.0,955.75,946.0,946.75,3.5,946.75,100396.0,178427.0
2017-04-19,947.0,954.5,942.75,950.0,4.25,950.25,94704.0,202442.0
2017-04-18,952.5,955.0,939.75,945.25,7.25,946.0,135628.0,221608.0
2017-04-17,958.75,962.0,951.5,951.5,2.25,953.25,95189.0,237574.0
2017-04-13,947.25,959.5,946.75,955.5,7.75,955.5,110461.0,246944.0
2017-04-12,942.25,951.5,941.25,947.75,8.5,947.75,99859.0,267866.0
2017-04-11,941.75,945.0,929.75,943.25,2.5,939.25,115726.0,277231.0
2017-04-10,944.25,949.0,939.25,941.0,0.25,941.75,70883.0,284982.0
2017-04-07,938.5,945.5,937.5,942.0,0.5,942.0,83270.0,302907.0
2017-04-06,944.0,946.5,938.5,938.0,2.75,941.5,77652.0,304383.0
2017-04-05,937.5,948.5,937.25,944.0,6.5,944.25,134073.0,314909.0
2017-04-04,939.25,942.75,936.5,937.75,0.5,937.75,111741.0,315377.0
2017-04-03,946.25,949.25,937.25,939.5,7.75,938.25,81618.0,316642.0
2017-03-31,961.75,966.5,944.25,945.0,17.0,946.0,168084.0,309110.0
2017-03-30,969.5,970.0,961.0,962.0,6.0,963.0,70061.0,305003.0
2017-03-29,970.5,976.0,967.25,968.0,3.0,969.0,86934.0,308980.0
2017-03-28,971.25,976.5,970.0,970.5,0.5,972.0,81559.0,309613.0
2017-03-27,976.0,978.5,968.25,971.5,4.25,971.5,78258.0,312909.0
2017-03-24,990.5,991.0,972.25,972.0,15.25,975.75,100422.0,316288.0
2017-03-23,999.25,1002.0,990.25,990.5,8.75,991.0,81976.0,314697.0
2017-03-22,1001.0,1003.25,994.0,998.75,1.75,999.75,75800.0,314149.0
2017-03-21,1000.0,1008.0,995.0,1000.5,2.0,1001.5,97154.0,310795.0
2017-03-20,1003.75,1008.75,998.25,998.0,0.5,999.5,74230.0,310061.0
2017-03-17,1001.5,1004.5,994.25,998.0,1.5,1000.0,55646.0,310793.0
2017-03-16,1000.0,1006.5,995.75,1001.5,3.5,1001.5,77564.0,311204.0
2017-03-15,998.75,1007.75,995.25,998.0,1.25,998.0,70432.0,310614.0
2017-03-14,996.5,996.5,983.0,991.75,9.0,987.25,213.0,221.0
2017-03-13,996.25,1000.0,995.5,996.75,,996.25,984.0,1107.0
2017-03-10,999.5,1001.75,992.75,997.25,4.0,996.25,945.0,1751.0
2017-03-09,1009.0,1009.0,995.75,1000.5,10.75,1000.25,4953.0,2643.0
2017-03-08,1014.0,1014.75,1008.0,1010.0,3.75,1011.0,5319.0,3786.0
2017-03-07,1026.75,1027.0,1012.0,1016.0,12.0,1014.75,3547.0,4931.0
2017-03-06,1027.5,1036.25,1026.0,1027.25,0.25,1026.75,4555.0,6254.0
2017-03-03,1027.5,1030.25,1019.5,1026.0,0.25,1027.0,4854.0,7203.0
2017-03-02,1039.75,1040.25,1022.0,1026.5,14.5,1026.75,5809.0,8455.0
2017-03-01,1025.25,1041.5,1025.0,1041.25,16.25,1041.25,6962.0,10303.0
2017-02-28,1013.0,1045.0,1012.5,1026.0,14.0,1025.0,17047.0,15353.0
2017-02-27,1015.5,1018.5,1006.0,1012.0,2.5,1011.0,57900.0,41760.0
2017-02-24,1012.25,1016.25,1009.25,1014.0,2.0,1013.5,79414.0,78338.0
2017-02-23,1023.0,1027.0,1010.0,1011.0,11.25,1011.5,130346.0,103139.0
2017-02-22,1027.25,1031.75,1022.25,1022.0,3.5,1022.75,67151.0,122850.0
2017-02-21,1033.25,1044.5,1026.0,1026.25,6.25,1026.25,109377.0,147001.0
2017-02-17,1043.0,1046.25,1031.0,1032.25,11.25,1032.5,125411.0,164392.0
2017-02-16,1060.25,1062.75,1042.25,1043.5,17.5,1043.75,112305.0,180909.0
2017-02-15,1045.25,1061.5,1040.25,1060.25,16.25,1061.25,113394.0,188634.0
2017-02-14,1055.0,1056.0,1042.5,1045.5,9.25,1045.0,107308.0,204777.0
2017-02-13,1059.25,1061.75,1050.5,1054.75,4.75,1054.25,152695.0,220120.0
2017-02-10,1050.0,1063.5,1047.5,1058.0,8.5,1059.0,120354.0,235735.0
2017-02-09,1057.0,1061.5,1045.0,1049.75,8.25,1050.5,129988.0,248998.0
2017-02-08,1041.75,1059.75,1040.0,1057.75,16.0,1058.75,153681.0,266423.0
2017-02-07,1038.25,1043.25,1032.0,1041.25,6.75,1042.75,120057.0,281054.0
2017-02-06,1027.0,1042.5,1026.25,1036.0,9.0,1036.0,113334.0,289130.0
2017-02-03,1036.75,1044.25,1026.25,1026.5,10.25,1027.0,98488.0,297183.0
2017-02-02,1037.25,1041.75,1031.25,1036.0,0.5,1037.25,96152.0,310048.0
2017-02-01,1024.5,1037.5,1017.0,1035.75,12.25,1036.75,99753.0,316397.0
2017-01-31,1023.0,1026.5,1019.5,1024.0,1.75,1024.5,72063.0,324578.0
2017-01-30,1044.0,1044.25,1019.25,1026.0,26.5,1022.75,116532.0,336797.0
2017-01-27,1047.0,1052.0,1043.25,1047.75,0.25,1049.25,61444.0,341293.0
2017-01-26,1055.5,1058.5,1045.5,1045.75,5.75,1049.5,85208.0,348886.0
2017-01-25,1057.0,1060.0,1050.0,1055.75,3.25,1055.25,76710.0,350164.0
2017-01-24,1059.75,1068.0,1051.25,1053.0,0.75,1058.5,87973.0,356227.0
2017-01-23,1067.5,1069.75,1055.25,1058.0,9.75,1057.75,83157.0,354930.0
2017-01-20,1070.0,1071.25,1060.0,1066.0,2.75,1067.5,107865.0,354625.0
2017-01-19,1073.0,1077.25,1066.75,1069.0,4.75,1070.25,103848.0,351801.0
2017-01-18,1068.0,1080.0,1062.5,1074.0,5.75,1075.0,135901.0,340590.0
2017-01-17,1054.0,1075.5,1052.0,1067.0,23.0,1069.25,187207.0,325868.0
2017-01-13,1029.5,1043.0,1025.5,1043.0,10.5,1042.5,583.0,342.0
2017-01-12,1002.75,1033.0,998.5,1031.25,29.0,1032.0,813.0,739.0
2017-01-11,1004.5,1004.5,993.0,1002.75,2.5,1003.0,1767.0,1549.0
2017-01-10,993.75,1006.0,990.0,1004.75,9.0,1005.5,2449.0,2584.0
2017-01-09,986.25,997.0,986.0,996.0,10.5,996.5,2857.0,3104.0
2017-01-06,1003.5,1003.5,985.0,987.25,17.5,986.0,3330.0,4190.0
2017-01-05,1005.5,1006.0,998.25,1003.25,2.75,1003.5,2980.0,5303.0
2017-01-04,986.0,1006.5,984.0,1005.0,19.5,1006.25,6040.0,6760.0
2017-01-03,996.0,1002.75,986.5,987.5,9.75,986.75,6361.0,8661.0
2016-12-30,1003.5,1010.5,995.0,997.25,6.75,996.5,12822.0,15266.0
2016-12-29,1006.5,1014.25,1002.0,1002.0,3.5,1003.25,37525.0,30010.0
2016-12-28,1014.0,1018.75,1001.5,1006.5,8.0,1006.75,37023.0,54391.0
2016-12-27,989.75,1015.25,989.25,1014.0,25.75,1014.75,68017.0,67474.0
2016-12-23,994.25,996.75,987.75,990.25,5.5,989.0,62018.0,88124.0
2016-12-22,1007.75,1008.75,993.5,993.25,12.25,994.5,91243.0,101575.0
2016-12-21,1005.25,1012.25,1005.0,1006.75,1.5,1006.75,67494.0,118711.0
2016-12-20,1021.25,1024.0,1004.0,1005.0,16.25,1005.25,101761.0,137653.0
2016-12-19,1034.0,1039.0,1020.5,1021.0,15.25,1021.5,109556.0,152751.0
2016-12-16,1029.25,1038.0,1023.0,1036.75,7.75,1036.75,81926.0,163611.0
2016-12-15,1023.5,1038.5,1018.5,1029.25,5.25,1029.0,131598.0,172698.0
2016-12-14,1027.25,1029.25,1020.75,1023.75,4.25,1023.75,113157.0,183543.0
2016-12-13,1031.25,1038.75,1025.25,1027.75,3.0,1028.0,115941.0,198764.0
2016-12-12,1041.75,1047.5,1026.5,1032.0,6.5,1031.0,126678.0,220542.0
2016-12-09,1026.0,1039.5,1021.5,1037.5,10.5,1037.5,125253.0,236545.0
2016-12-08,1049.0,1049.0,1023.5,1025.0,22.0,1027.0,154363.0,267824.0
2016-12-07,1047.0,1053.0,1039.75,1049.0,1.25,1049.0,118509.0,286743.0
2016-12-06,1042.5,1061.75,1039.0,1047.75,4.25,1047.75,124340.0,293750.0
2016-12-05,1030.5,1049.75,1027.75,1044.5,16.0,1043.5,114519.0,297090.0
2016-12-02,1033.0,1037.75,1026.5,1027.5,2.25,1027.5,77728.0,307524.0
2016-12-01,1033.5,1040.0,1022.25,1033.5,2.5,1029.75,117916.0,320504.0
2016-11-30,1043.0,1052.75,1031.25,1032.0,10.25,1032.25,118842.0,330877.0
2016-11-29,1055.0,1058.75,1039.25,1041.0,13.5,1042.5,112257.0,330776.0
2016-11-28,1043.25,1065.0,1042.5,1051.5,10.0,1056.0,151335.0,329481.0
2016-11-25,1032.0,1046.75,1029.5,1044.75,11.75,1046.0,73239.0,328725.0
2016-11-23,1030.25,1035.75,1017.25,1032.75,4.25,1034.25,129757.0,322944.0
2016-11-22,1020.0,1033.25,1015.25,1027.5,9.75,1030.0,124033.0,314186.0
2016-11-21,995.5,1021.5,995.5,1020.0,26.5,1020.25,139730.0,290847.0
2016-11-18,989.0,996.5,982.25,993.0,4.25,993.75,70614.0,291657.0
2016-11-17,985.25,993.75,981.0,989.25,3.75,989.5,80407.0,295051.0
2016-11-16,993.25,997.75,982.75,985.0,3.75,985.75,86723.0,297219.0
2016-11-15,985.5,992.75,978.75,991.5,5.25,989.5,78723.0,297753.0
2016-11-14,980.75,982.25,968.0,970.25,7.5,971.0,588.0,649.0
2016-11-11,997.0,1005.5,969.5,979.5,10.5,978.5,2558.0,2376.0
2016-11-10,982.25,1007.75,982.0,992.75,7.0,989.0,2135.0,3296.0
2016-11-09,1000.0,1007.0,975.5,983.5,19.75,982.0,3399.0,4343.0
2016-11-08,989.5,1011.25,989.0,1000.5,12.5,1001.75,3392.0,5079.0
2016-11-07,981.75,992.25,981.75,989.5,7.75,989.25,4383.0,6147.0
2016-11-04,980.5,985.5,975.0,981.75,1.75,981.5,3906.0,7487.0
2016-11-03,976.5,984.5,976.5,979.75,3.0,979.75,3805.0,8780.0
2016-11-02,983.0,986.25,973.5,977.0,7.5,976.75,8181.0,11225.0
2016-11-01,1002.0,1006.25,983.0,983.0,18.0,984.25,10273.0,15994.0
2016-10-31,1002.0,1008.0,996.25,1002.25,1.0,1002.25,16939.0,21455.0
2016-10-28,1013.0,1017.5,999.5,998.0,13.0,1001.25,63306.0,40440.0
2016-10-27,1008.5,1020.0,1002.75,1013.75,4.25,1014.25,77412.0,65009.0
2016-10-26,990.25,1011.0,988.75,1005.0,19.25,1010.0,109249.0,91534.0
2016-10-25,991.25,997.0,981.25,989.75,1.25,990.75,127094.0,116925.0
2016-10-24,982.75,999.75,980.0,991.5,9.0,992.0,152487.0,150630.0
2016-10-21,976.25,984.25,974.5,983.0,7.5,983.0,95860.0,222392.0
2016-10-20,981.25,989.75,973.25,975.25,6.0,975.5,116474.0,229943.0
2016-10-19,972.0,982.75,971.0,981.0,9.0,981.5,120150.0,242535.0
2016-10-18,977.5,987.0,971.5,972.0,5.75,972.5,156737.0,252451.0
2016-10-17,961.75,979.0,961.0,977.0,15.75,978.25,131057.0,265250.0
2016-10-14,955.5,974.25,952.0,961.75,6.25,962.5,166248.0,269286.0
2016-10-13,946.0,959.5,937.25,955.0,10.75,956.25,164969.0,272975.0
2016-10-12,953.0,971.25,943.25,946.0,8.75,945.5,219534.0,280393.0
2016-10-11,953.5,960.75,951.5,953.0,0.25,954.25,128280.0,292833.0
2016-10-10,955.75,964.25,950.0,953.75,2.25,954.5,111904.0,297623.0
2016-10-07,958.75,973.25,955.25,955.5,1.75,956.75,157903.0,310522.0
2016-10-06,956.0,959.75,947.25,958.5,1.75,958.5,100720.0,311421.0
2016-10-05,963.5,967.5,950.5,955.5,6.75,956.75,120912.0,322962.0
2016-10-04,970.75,972.0,960.25,965.0,9.5,963.5,106664.0,327816.0
2016-10-03,952.5,975.0,946.5,973.0,19.0,973.0,123343.0,324636.0
2016-09-30,950.0,958.5,943.0,951.5,3.75,954.0,139350.0,328452.0
2016-09-29,947.0,957.25,946.0,950.0,4.75,950.25,90482.0,335903.0
2016-09-28,951.75,955.75,944.5,946.0,7.0,945.5,105021.0,337629.0
2016-09-27,946.75,953.5,934.0,951.75,7.25,952.5,137068.0,340606.0
2016-09-26,951.5,960.25,943.75,945.0,9.75,945.25,98501.0,348353.0
2016-09-23,975.0,976.25,952.5,954.5,21.5,955.0,126493.0,347674.0
2016-09-22,975.0,983.5,970.25,975.75,1.0,976.5,81918.0,352440.0
2016-09-21,988.25,990.25,971.5,975.0,14.25,975.5,92755.0,359254.0
2016-09-20,973.5,994.0,970.75,988.25,17.25,989.75,107642.0,352615.0
2016-09-19,970.5,981.25,966.25,973.0,6.5,972.5,86166.0,353156.0
2016-09-16,949.0,969.0,945.75,965.0,15.5,966.0,97555.0,352209.0
2016-09-15,943.0,953.0,941.25,950.0,7.75,950.5,72752.0,353289.0
2016-09-14,971.75,971.75,967.75,968.0,3.75,972.0,259.0,259.0
2016-09-13,982.5,982.5,968.5,969.0,16.25,968.25,256.0,466.0
2016-09-12,990.25,1006.75,980.0,985.5,12.75,984.5,385.0,796.0
2016-09-09,989.5,999.75,988.5,998.75,5.25,997.25,942.0,1434.0
2016-09-08,994.5,999.25,987.75,991.25,0.25,992.0,592.0,1874.0
2016-09-07,980.5,993.5,980.5,991.75,17.5,991.75,900.0,2581.0
2016-09-06,969.0,978.0,965.5,973.0,5.75,974.25,1159.0,3426.0
2016-09-02,960.0,971.0,960.0,966.0,9.5,968.5,639.0,3835.0
2016-09-01,960.25,965.0,954.0,959.75,1.0,959.0,809.0,4225.0
2016-08-31,966.5,970.5,956.0,958.5,5.5,960.0,2763.0,5188.0
2016-08-30,984.0,986.75,960.5,967.25,17.75,965.5,11551.0,9857.0
2016-08-29,991.75,998.25,981.5,982.75,7.5,983.25,12752.0,17982.0
2016-08-26,996.5,1002.25,982.5,989.75,7.5,990.75,15473.0,30909.0
2016-08-25,1029.75,1029.75,997.0,999.0,32.5,998.25,21824.0,32995.0
2016-08-24,1033.5,1036.0,1021.75,1029.25,3.5,1030.75,10708.0,35948.0
2016-08-23,1030.5,1036.75,1026.5,1032.0,1.0,1034.25,5255.0,37883.0
2016-08-22,1025.5,1041.25,1023.0,1035.0,8.25,1035.25,7628.0,38518.0
2016-08-19,1032.5,1035.0,1017.0,1027.5,5.25,1027.0,10365.0,39233.0
2016-08-18,1037.0,1037.0,1012.0,1031.75,1.75,1032.25,12810.0,38441.0
2016-08-17,1020.75,1031.0,1016.0,1030.0,11.0,1030.5,11579.0,40740.0
2016-08-16,1022.25,1028.5,1012.25,1020.5,4.25,1019.5,12447.0,43763.0
2016-08-15,998.5,1026.5,997.0,1023.25,24.75,1023.75,12338.0,45578.0
2016-08-12,1023.5,1023.5,994.5,996.5,19.0,1003.25,295.0,404.0
2016-08-11,1022.25,1028.0,1017.5,1023.0,5.25,1022.25,899.0,1039.0
2016-08-10,1027.0,1030.5,1008.0,1017.25,5.0,1017.0,1797.0,1868.0
2016-08-09,1018.0,1032.0,1011.5,1023.0,3.25,1022.0,776.0,2331.0
2016-08-08,1012.5,1018.0,1007.25,1018.0,15.0,1018.75,1216.0,2997.0
2016-08-05,990.5,1012.0,990.5,1003.5,13.25,1003.75,1509.0,3819.0
2016-08-04,990.0,1000.25,985.25,990.5,,990.5,1354.0,4485.0
2016-08-03,987.0,1000.5,985.75,989.25,5.25,990.5,3274.0,6257.0
2016-08-02,994.25,998.5,976.0,986.0,10.75,985.25,4805.0,9206.0
2016-08-01,1024.5,1030.75,991.75,997.5,36.5,996.0,3748.0,11519.0
2016-07-29,1005.25,1034.25,996.25,1031.5,29.0,1032.5,10696.0,16385.0
2016-07-28,1012.5,1022.0,998.0,1004.25,7.0,1003.5,29242.0,26219.0
2016-07-27,994.0,1015.5,991.25,1008.0,17.0,1010.5,32772.0,38194.0
2016-07-26,984.0,1002.75,980.5,991.0,9.75,993.5,20842.0,46179.0
2016-07-25,998.25,1010.5,981.75,980.0,22.75,983.75,28368.0,57058.0
2016-07-22,1034.25,1037.0,985.0,1007.75,26.0,1006.5,40987.0,87249.0
2016-07-21,1026.0,1042.5,1023.75,1035.0,5.5,1032.5,19547.0,90751.0
2016-07-20,1047.0,1056.25,1025.0,1027.0,17.0,1027.0,29039.0,93937.0
2016-07-19,1076.5,1079.0,1041.0,1043.75,34.25,1044.0,38104.0,97901.0
2016-07-18,1062.0,1082.25,1050.25,1075.0,5.75,1078.25,39534.0,98840.0
2016-07-15,1083.0,1097.5,1057.0,1071.25,11.25,1072.5,29895.0,100506.0
2016-07-14,1133.5,1143.5,1121.5,1121.5,16.5,1111.5,145.0,215.0
2016-07-13,1112.25,1140.0,1112.25,1127.75,20.75,1128.0,404.0,614.0
2016-07-12,1080.0,1107.0,1080.0,1107.0,24.5,1107.25,755.0,983.0
2016-07-11,1105.0,1105.0,1081.75,1083.5,7.0,1082.75,1320.0,1807.0
2016-07-08,1054.0,1090.75,1053.5,1090.75,35.5,1089.75,1331.0,2597.0
2016-07-07,1111.25,1111.75,1054.25,1054.25,52.0,1054.25,978.0,3167.0
2016-07-06,1115.0,1117.75,1070.0,1106.25,10.75,1106.25,2551.0,4379.0
2016-07-05,1150.25,1150.5,1110.0,1113.25,51.75,1117.0,2747.0,5672.0
2016-07-01,1175.0,1176.5,1164.75,1169.25,6.25,1168.75,6302.0,8291.0
2016-06-30,1145.0,1182.0,1122.0,1176.5,30.5,1175.0,16778.0,12054.0
2016-06-29,1148.25,1155.75,1140.0,1146.0,6.0,1144.5,29083.0,22892.0
2016-06-28,1130.5,1165.5,1128.25,1150.75,17.5,1150.5,41940.0,37757.0
2016-06-27,1104.25,1138.5,1103.0,1130.25,30.0,1133.0,39985.0,53333.0
2016-06-24,1124.75,1132.0,1099.25,1103.0,21.5,1103.0,62900.0,105110.0
2016-06-23,1139.0,1143.0,1123.0,1120.0,13.0,1124.5,61243.0,118087.0
2016-06-22,1131.5,1147.0,1126.0,1129.25,4.25,1137.5,68213.0,128229.0
2016-06-21,1145.0,1151.75,1128.75,1123.5,10.25,1133.25,75143.0,148156.0
2016-06-20,1153.5,1156.75,1140.25,1140.5,16.0,1143.5,49443.0,160493.0
2016-06-17,1133.75,1160.0,1132.5,1159.5,25.0,1159.5,82147.0,175020.0
2016-06-16,1155.5,1160.0,1128.5,1139.75,21.5,1134.5,86933.0,188357.0
2016-06-15,1171.25,1178.0,1154.5,1156.0,13.5,1156.0,88557.0,194101.0
2016-06-14,1168.0,1176.5,1152.75,1168.75,0.5,1169.5,111245.0,213315.0
2016-06-13,1191.75,1198.75,1167.25,1165.0,9.25,1169.0,130457.0,227909.0
2016-06-10,1174.5,1208.5,1168.75,1178.0,2.25,1178.25,192857.0,252306.0
2016-06-09,1177.0,1185.0,1166.25,1168.5,1.75,1176.0,128624.0,273414.0
2016-06-08,1140.25,1189.25,1138.0,1177.5,36.5,1177.75,179045.0,289583.0
2016-06-07,1136.75,1148.75,1129.0,1137.0,3.0,1141.25,146218.0,316115.0
2016-06-06,1143.25,1162.0,1136.0,1139.0,6.25,1138.25,122333.0,335677.0
2016-06-03,1142.0,1169.0,1127.25,1132.0,12.25,1132.0,178045.0,358239.0
2016-06-02,1101.25,1146.0,1100.75,1140.0,44.5,1144.25,220669.0,367261.0
2016-06-01,1078.75,1102.5,1068.0,1101.0,21.25,1099.75,146421.0,368042.0
2016-05-31,1086.0,1096.0,1077.0,1078.5,8.0,1078.5,102776.0,375232.0
2016-05-27,1079.0,1090.75,1071.75,1086.5,6.75,1086.5,104389.0,375548.0
2016-05-26,1084.75,1098.0,1073.25,1079.0,5.75,1079.75,146676.0,389703.0
2016-05-25,1056.75,1088.0,1054.75,1085.0,30.75,1085.5,144211.0,385408.0
2016-05-24,1057.5,1069.75,1043.5,1054.25,3.75,1054.75,133623.0,381056.0
2016-05-23,1074.25,1079.0,1052.0,1058.5,15.75,1058.5,132340.0,387318.0
2016-05-20,1071.75,1087.5,1063.25,1075.0,2.75,1074.25,200745.0,386825.0
2016-05-19,1073.75,1074.75,1051.0,1071.75,3.75,1071.5,152533.0,390000.0
2016-05-18,1079.5,1088.0,1063.75,1073.0,5.0,1075.25,134008.0,398277.0
2016-05-17,1063.75,1086.75,1062.75,1078.75,15.75,1080.25,126341.0,391722.0
2016-05-16,1063.0,1071.75,1055.0,1063.0,0.5,1064.5,93462.0,390598.0
2016-05-13,1056.5,1059.75,1052.0,1055.75,9.5,1055.0,114.0,115.0
2016-05-12,1070.0,1080.5,1055.75,1064.0,5.25,1064.5,550.0,630.0
2016-05-11,1072.25,1082.25,1065.5,1070.5,6.25,1069.75,648.0,989.0
2016-05-10,1018.5,1082.0,1018.5,1076.25,57.25,1076.0,1003.0,1498.0
2016-05-09,1031.25,1032.0,1012.0,1018.5,7.5,1018.75,698.0,1953.0
2016-05-06,1002.0,1030.0,1000.0,1029.75,22.75,1026.25,1539.0,2628.0
2016-05-05,1027.25,1035.5,1004.25,1005.0,21.0,1003.5,2663.0,3649.0
2016-05-04,1017.0,1036.0,1012.75,1026.75,3.0,1024.5,6152.0,5421.0
2016-05-03,1035.0,1048.25,1015.0,1020.0,14.0,1021.5,4920.0,6582.0
2016-05-02,1021.5,1036.5,1012.25,1036.25,14.5,1035.5,6883.0,7789.0
2016-04-29,1015.25,1029.0,1009.0,1021.25,3.0,1021.0,14291.0,13555.0
2016-04-28,1015.5,1036.75,1008.5,1018.75,1.0,1018.0,41999.0,27332.0
2016-04-27,1017.0,1020.0,1002.0,1014.5,1.25,1019.0,51460.0,38734.0
2016-04-26,999.25,1018.75,991.75,1017.75,18.0,1017.75,61062.0,58367.0
2016-04-25,985.0,1020.0,977.25,1000.0,12.75,999.75,58673.0,77336.0
2016-04-22,1016.75,1017.25,979.0,987.0,31.75,987.0,91876.0,139181.0
2016-04-21,1007.75,1034.75,1002.5,1015.0,9.0,1018.75,128888.0,146415.0
2016-04-20,981.5,1012.25,975.75,1000.0,24.25,1009.75,205965.0,174852.0
2016-04-19,954.25,987.0,953.0,982.25,31.25,985.5,198578.0,204833.0
2016-04-18,955.0,964.25,949.75,951.0,1.75,954.25,143231.0,218443.0
2016-04-15,947.5,958.25,946.5,955.0,8.0,956.0,149995.0,239304.0
2016-04-14,955.25,959.5,945.5,945.0,7.75,948.0,165458.0,253421.0
2016-04-13,938.0,957.75,937.25,955.25,19.5,955.75,226273.0,265238.0
2016-04-12,927.5,938.75,924.75,937.0,8.0,936.25,207763.0,279124.0
2016-04-11,916.25,929.5,915.5,927.25,11.5,928.25,171598.0,293828.0
2016-04-08,905.25,917.0,903.0,916.5,12.25,916.75,140504.0,296239.0
2016-04-07,908.0,909.75,903.5,904.0,3.5,904.5,125215.0,314264.0
2016-04-06,904.25,909.75,901.0,908.25,3.25,908.0,99979.0,316477.0
2016-04-05,911.5,916.5,904.0,904.25,8.75,904.75,111957.0,332499.0
2016-04-04,918.5,922.25,912.75,913.0,4.75,913.5,98190.0,336799.0
2016-04-01,909.25,920.0,908.25,918.0,7.5,918.25,117784.0,341441.0
2016-03-31,908.5,914.0,888.25,909.5,1.75,910.75,205583.0,339142.0
2016-03-30,915.25,917.0,908.25,909.0,7.0,909.0,110726.0,348318.0
2016-03-29,908.25,917.0,907.0,916.0,7.0,916.0,115934.0,344743.0
2016-03-28,911.0,914.75,906.25,909.25,1.5,909.0,87477.0,346989.0
2016-03-24,905.25,911.75,902.0,909.75,5.25,910.5,110534.0,349137.0
2016-03-23,909.5,912.5,901.5,905.75,5.0,905.25,111634.0,352036.0
2016-03-22,901.5,914.0,900.0,910.0,8.25,910.25,165571.0,342732.0
2016-03-21,895.0,905.0,892.25,901.0,4.5,902.0,102582.0,343834.0
2016-03-18,897.0,904.75,896.0,897.0,0.25,897.5,74029.0,341789.0
2016-03-17,895.0,904.5,893.5,897.0,3.25,897.75,139143.0,339488.0
2016-03-16,891.5,894.75,886.0,895.0,2.5,894.5,81126.0,336063.0
2016-03-15,894.75,895.5,888.5,892.0,3.75,892.0,93583.0,334815.0
2016-03-14,892.5,897.0,890.25,894.25,,895.75,89302.0,327884.0
2016-03-11,882.75,888.75,882.75,888.5,6.25,888.0,135.0,220.0
2016-03-10,880.0,882.5,875.5,882.0,1.75,881.75,313.0,430.0
2016-03-09,880.0,882.5,877.5,880.0,2.5,880.0,398.0,712.0
2016-03-08,872.0,877.5,870.5,877.5,4.0,877.5,743.0,1197.0
2016-03-07,875.0,879.75,873.0,874.5,3.0,873.5,1293.0,1765.0
2016-03-04,860.5,871.75,860.5,870.25,14.25,870.5,6143.0,3627.0
2016-03-03,855.0,858.0,850.5,856.5,2.0,856.25,4900.0,4809.0
2016-03-02,850.25,857.75,849.0,854.5,3.5,854.25,7774.0,6007.0
2016-03-01,853.0,858.25,849.75,851.25,2.25,850.75,9798.0,9800.0
2016-02-29,854.0,857.0,852.0,854.25,2.0,853.0,11954.0,14183.0
2016-02-26,860.0,862.5,854.5,855.75,4.0,855.0,57001.0,33363.0
2016-02-25,867.0,871.0,858.5,859.75,8.5,859.0,76390.0,60967.0
2016-02-24,869.25,870.5,864.5,867.0,1.75,867.5,78898.0,87205.0
2016-02-23,880.0,880.25,868.0,869.0,11.75,869.25,91416.0,114323.0
2016-02-22,881.75,887.5,880.25,880.0,2.75,881.0,124383.0,140048.0
2016-02-19,879.5,881.75,877.75,879.0,1.5,878.25,105780.0,156107.0
2016-02-18,882.25,882.75,878.0,879.25,2.75,879.75,103704.0,181091.0
2016-02-17,879.0,885.25,876.75,882.0,2.75,882.5,156945.0,193641.0
2016-02-16,875.5,882.75,873.25,878.75,7.0,879.75,145583.0,206664.0
2016-02-12,873.0,875.5,868.5,872.0,0.75,872.75,84280.0,219330.0
2016-02-11,862.25,874.25,862.0,872.75,11.25,873.5,145579.0,230729.0
2016-02-10,863.5,866.25,861.5,862.0,1.0,862.25,112212.0,243044.0
2016-02-09,862.75,866.5,859.5,863.25,0.75,863.25,136517.0,256337.0
2016-02-08,867.5,868.75,861.5,862.5,5.0,862.5,101718.0,264617.0
2016-02-05,875.75,879.0,867.25,869.0,7.0,867.5,139030.0,282141.0
2016-02-04,878.0,884.25,872.75,875.25,2.25,874.5,153984.0,282866.0
2016-02-03,885.5,886.0,874.25,876.75,9.5,876.75,126570.0,299142.0
2016-02-02,880.25,889.5,878.25,886.0,5.5,886.25,128088.0,296117.0
2016-02-01,883.0,883.25,876.0,880.25,1.5,880.75,93265.0,300555.0
2016-01-29,868.75,883.0,867.0,881.0,14.5,882.25,128230.0,302591.0
2016-01-28,882.5,884.25,867.25,867.75,15.25,867.75,139637.0,303513.0
2016-01-27,876.0,885.0,875.5,882.5,6.5,883.0,112008.0,297197.0
2016-01-26,879.75,882.5,875.5,876.0,4.0,876.5,89329.0,297831.0
2016-01-25,876.5,886.5,870.75,880.0,4.0,880.5,106242.0,300020.0
2016-01-22,879.0,886.5,874.5,876.0,2.0,876.5,92739.0,303866.0
2016-01-21,874.5,885.75,872.25,878.0,4.5,878.5,132005.0,302941.0
2016-01-20,874.0,883.75,870.5,874.0,9.5,874.0,129718.0,306888.0
2016-01-19,881.0,888.0,880.5,881.25,4.5,883.5,106529.0,310946.0
2016-01-15,882.25,882.75,871.0,878.0,3.25,879.0,113008.0,316595.0
2016-01-14,879.0,884.5,874.75,882.25,2.25,882.25,107443.0,322447.0
2016-01-13,892.0,899.0,890.75,897.0,8.25,899.0,932.0,1262.0
2016-01-12,881.5,899.5,875.5,891.0,9.75,890.75,2225.0,3094.0
2016-01-11,880.0,885.75,878.0,881.25,1.5,881.0,899.0,3458.0
2016-01-08,877.5,884.75,877.5,879.0,2.5,879.5,2482.0,5368.0
2016-01-07,875.75,880.25,869.75,877.5,1.25,877.0,2741.0,6732.0
2016-01-06,867.0,878.25,861.75,876.0,8.0,875.75,3206.0,8026.0
2016-01-05,866.25,873.5,866.25,867.75,3.25,867.75,5118.0,10699.0
2016-01-04,870.75,873.5,861.75,866.5,6.75,864.5,8398.0,13009.0
2015-12-31,875.0,879.25,870.0,871.0,4.25,871.25,12579.0,18252.0
2015-12-30,870.0,878.25,869.0,874.25,5.5,875.5,26033.0,27996.0
2015-12-29,866.5,876.25,865.0,869.75,5.0,870.0,45812.0,41805.0
2015-12-28,873.0,874.5,864.0,867.0,10.25,865.0,41472.0,58158.0
2015-12-24,882.75,885.0,875.0,877.0,6.5,875.25,31325.0,71137.0
2015-12-23,885.0,888.75,881.0,881.5,3.5,881.75,56529.0,88038.0
2015-12-22,891.0,895.0,885.0,885.25,6.0,885.25,54255.0,97514.0
2015-12-21,892.0,896.25,887.0,889.0,1.0,891.25,65830.0,111838.0
2015-12-18,876.0,893.5,873.25,891.75,15.25,892.25,130832.0,131663.0
2015-12-17,860.0,878.25,854.0,874.5,14.5,877.0,149637.0,147480.0
2015-12-16,867.0,871.0,856.0,863.0,4.75,862.5,127830.0,156400.0
2015-12-15,873.5,877.5,866.5,866.5,7.0,867.25,101978.0,167003.0
2015-12-14,870.75,877.75,868.0,874.0,3.5,874.25,95668.0,186489.0
2015-12-11,878.25,884.25,870.0,870.25,7.5,870.75,114703.0,195837.0
2015-12-10,877.0,886.5,872.75,878.25,1.5,878.25,94296.0,215374.0
2015-12-09,877.0,883.75,869.75,876.75,,876.75,113588.0,221560.0
2015-12-08,886.0,887.0,872.75,876.25,5.5,876.75,144045.0,237552.0
2015-12-07,906.0,909.75,881.25,885.25,23.75,882.25,149535.0,247654.0
2015-12-04,897.0,907.0,892.75,905.5,8.5,906.0,115074.0,254745.0
2015-12-03,891.0,898.0,885.0,896.5,5.25,897.5,108536.0,260336.0
2015-12-02,889.0,894.75,884.5,890.5,3.0,892.25,105703.0,268077.0
2015-12-01,881.0,891.75,880.0,889.0,8.25,889.25,108838.0,275235.0
2015-11-30,873.0,883.25,870.25,880.75,8.0,881.0,99086.0,282226.0
2015-11-27,874.25,877.75,871.0,873.75,2.25,873.0,53368.0,281387.0
2015-11-25,863.0,877.0,861.5,873.75,11.5,875.25,98165.0,286505.0
2015-11-24,864.0,869.25,861.25,863.75,0.5,863.75,83846.0,290631.0
2015-11-23,855.0,865.25,844.25,863.5,6.75,864.25,128503.0,291143.0
2015-11-20,860.0,861.25,852.0,857.0,2.5,857.5,105118.0,293611.0
2015-11-19,858.0,863.0,852.5,859.5,2.25,860.0,90112.0,296566.0
2015-11-18,864.0,867.5,852.5,858.0,6.25,857.75,119259.0,289437.0
2015-11-17,859.5,865.0,857.75,863.5,4.5,864.0,69318.0,289829.0
2015-11-16,854.25,860.5,851.25,859.5,4.25,859.5,65879.0,289797.0
2015-11-13,862.5,862.5,854.5,855.25,7.75,855.25,62898.0,288972.0
2015-11-12,869.75,874.75,865.25,869.75,0.75,869.25,925.0,978.0
2015-11-11,865.75,869.75,863.5,868.5,4.0,868.5,763.0,1997.0
2015-11-10,875.0,875.25,859.25,866.0,9.0,864.5,1241.0,3313.0
2015-11-09,872.0,877.25,871.25,874.0,2.25,873.5,2312.0,4324.0
2015-11-06,868.0,873.0,863.25,871.25,3.5,871.25,1327.0,5260.0
2015-11-05,882.5,882.5,867.25,869.25,14.25,867.75,2973.0,6397.0
2015-11-04,878.5,886.25,878.5,883.25,3.5,882.0,4098.0,8220.0
2015-11-03,878.5,887.5,875.0,879.0,0.75,878.5,6565.0,10170.0
2015-11-02,883.75,889.25,877.25,878.5,6.0,877.75,7168.0,12115.0
2015-10-30,877.0,886.75,876.75,882.75,5.0,883.75,20809.0,21292.0
2015-10-29,881.0,885.0,873.25,877.75,2.75,878.75,69644.0,41633.0
2015-10-28,890.5,891.0,881.0,881.0,9.75,881.5,81006.0,68518.0
2015-10-27,885.75,895.25,882.0,891.0,6.25,891.25,70703.0,84077.0
2015-10-26,895.0,899.5,884.0,886.0,10.5,885.0,112827.0,117713.0
2015-10-23,898.75,901.0,892.0,892.75,3.25,895.5,112694.0,181644.0
2015-10-22,905.0,913.0,897.5,898.25,6.5,898.75,140543.0,194338.0
2015-10-21,896.0,907.0,894.5,905.5,9.25,905.25,122763.0,205272.0
2015-10-20,890.25,901.75,889.5,896.0,5.0,896.0,130326.0,216471.0
2015-10-19,897.5,900.5,890.75,891.0,7.25,891.0,129749.0,238573.0
2015-10-16,904.25,910.5,897.25,900.0,7.0,898.25,124131.0,251395.0
2015-10-15,909.0,915.75,904.0,905.25,5.25,905.25,127474.0,259405.0
2015-10-14,912.0,919.75,909.0,910.0,3.5,910.5,149593.0,272368.0
2015-10-13,886.25,915.0,886.0,912.0,26.5,914.0,220425.0,278897.0
2015-10-12,885.5,894.5,885.5,887.0,1.75,887.5,107933.0,289219.0
2015-10-09,880.5,897.0,871.5,885.5,4.5,885.75,219368.0,298907.0
2015-10-08,890.0,891.75,880.0,881.0,9.75,881.25,136494.0,317493.0
2015-10-07,887.25,896.0,885.75,891.5,3.0,891.0,106745.0,332082.0
2015-10-06,879.25,895.5,879.25,887.5,3.75,888.0,120723.0,339607.0
2015-10-05,874.0,886.0,872.0,883.25,10.0,884.25,99386.0,345293.0
2015-10-02,877.0,882.0,868.25,875.0,3.0,874.25,159126.0,348203.0
2015-10-01,891.5,899.25,876.75,878.0,14.75,877.25,159374.0,362761.0
2015-09-30,883.5,902.25,881.25,892.25,7.75,892.0,180141.0,365610.0
2015-09-29,876.25,884.75,873.5,884.25,7.5,884.25,95873.0,371625.0
2015-09-28,888.0,892.0,875.75,877.75,12.5,876.75,110579.0,382579.0
2015-09-25,869.0,890.0,869.0,888.75,21.25,889.25,142744.0,386310.0
2015-09-24,863.0,869.25,858.0,868.75,4.25,868.0,101714.0,383886.0
2015-09-23,861.25,869.5,861.0,863.0,2.0,863.75,95252.0,383932.0
2015-09-22,871.25,873.5,861.0,862.5,12.5,861.75,105437.0,383368.0
2015-09-21,868.0,877.25,865.0,874.0,7.0,874.25,90340.0,384567.0
2015-09-18,883.75,886.5,866.5,867.25,17.25,867.25,110228.0,381796.0
2015-09-17,886.75,890.5,880.5,884.25,2.75,884.5,73124.0,383182.0
2015-09-16,889.0,894.5,883.25,886.75,1.75,887.25,116104.0,383492.0
2015-09-15,886.5,894.5,883.0,889.75,4.75,889.0,98921.0,380962.0
2015-09-14,874.5,888.5,874.5,883.0,10.0,884.25,100400.0,380352.0
2015-09-11,886.0,888.75,866.0,888.75,3.25,887.75,454.0,877.0
2015-09-10,882.75,888.0,882.75,884.5,1.75,884.5,351.0,1092.0
2015-09-09,888.25,894.0,882.5,882.75,8.0,882.75,573.0,1444.0
2015-09-08,884.0,895.0,882.25,889.75,13.5,890.75,923.0,2168.0
2015-09-04,879.75,885.5,876.5,877.0,2.5,877.25,860.0,2757.0
2015-09-03,883.75,891.25,878.5,879.0,4.0,879.75,991.0,3382.0
2015-09-02,882.5,888.5,874.25,883.75,1.0,883.75,910.0,3907.0
2015-09-01,891.75,896.0,878.75,884.75,12.75,884.75,1349.0,4387.0
2015-08-31,894.25,898.0,880.75,896.5,4.25,897.5,2118.0,4852.0
2015-08-28,887.25,895.75,884.0,894.5,7.0,893.25,9189.0,10101.0
2015-08-27,879.5,894.25,879.5,885.5,8.5,886.25,15062.0,15315.0
2015-08-26,893.25,898.5,877.0,878.5,16.5,877.75,14480.0,19193.0
2015-08-25,893.0,908.0,887.0,893.75,1.5,894.25,13842.0,23449.0
2015-08-24,899.5,906.25,874.0,894.75,12.5,892.75,17432.0,29673.0
2015-08-21,920.0,921.0,903.75,905.5,16.25,905.25,18585.0,40709.0
2015-08-20,904.75,923.0,898.25,921.0,18.0,921.5,15500.0,42472.0
2015-08-19,913.0,917.25,899.75,905.5,9.75,903.5,15053.0,42389.0
2015-08-18,925.25,929.25,912.25,913.25,13.75,913.25,13274.0,43187.0
2015-08-17,920.0,933.5,919.25,927.25,1.75,927.0,9254.0,45107.0
2015-08-14,938.5,938.5,921.75,925.0,11.0,925.25,9182.0,45353.0
2015-08-13,953.0,995.0,953.0,995.0,42.0,993.0,815.0,709.0
2015-08-12,1018.75,1018.75,950.0,954.5,63.0,951.0,888.0,1398.0
2015-08-11,1039.0,1039.5,1013.0,1013.75,30.75,1014.0,724.0,1895.0
2015-08-10,1010.5,1045.75,1010.5,1045.0,35.75,1044.75,1616.0,3023.0
2015-08-07,982.0,1010.25,982.0,1008.0,23.5,1009.0,930.0,3625.0
2015-08-06,991.0,992.0,983.75,986.0,6.25,985.5,1470.0,3868.0
2015-08-05,974.5,992.25,974.5,992.0,15.75,991.75,1026.0,4301.0
2015-08-04,977.5,986.5,971.0,975.25,1.5,976.0,2073.0,5190.0
2015-08-03,978.0,983.75,971.5,977.5,3.25,977.5,3327.0,7202.0
2015-07-31,993.0,995.25,979.0,979.0,9.5,980.75,7609.0,10949.0
2015-07-30,982.0,1002.25,982.0,993.0,7.25,990.25,22935.0,18305.0
2015-07-29,976.75,988.75,971.75,983.0,8.25,983.0,24877.0,23874.0
2015-07-28,963.0,976.75,962.75,975.25,13.5,974.75,22679.0,28662.0
2015-07-27,988.0,988.25,959.75,960.5,30.0,961.25,26490.0,35233.0
2015-07-24,1010.5,1011.25,988.75,990.75,18.75,991.25,37448.0,53520.0
2015-07-23,1021.25,1029.0,1004.25,1010.0,10.75,1010.0,37712.0,63475.0
2015-07-22,1018.75,1027.5,1011.5,1023.0,2.0,1020.75,38583.0,68738.0
2015-07-21,1011.0,1020.0,1008.25,1017.75,11.0,1018.75,26536.0,69292.0
2015-07-20,1012.0,1012.75,998.25,1008.0,7.0,1007.75,20428.0,73938.0
2015-07-17,1016.5,1021.25,1007.5,1014.5,4.25,1014.75,17509.0,75991.0
2015-07-16,1027.25,1038.25,1015.25,1016.5,6.0,1019.0,20526.0,77773.0
2015-07-15,1030.0,1035.0,1014.25,1024.75,8.5,1025.0,25160.0,80119.0
2015-07-14,1039.5,1053.25,1030.5,1032.5,4.0,1033.5,27096.0,80574.0
2015-07-13,1044.5,1051.5,1034.75,1048.0,1.75,1045.25,531.0,666.0
2015-07-10,1037.25,1059.0,1035.0,1045.0,5.75,1043.5,673.0,1421.0
2015-07-09,1008.75,1042.25,1008.75,1037.5,31.5,1037.75,839.0,2115.0
2015-07-08,1008.25,1016.0,999.0,1006.25,4.25,1006.25,1380.0,3290.0
2015-07-07,1029.0,1034.25,1001.0,1001.5,31.75,1002.0,1819.0,4434.0
2015-07-06,1037.0,1042.5,1026.25,1035.0,11.5,1033.75,2020.0,5246.0
2015-07-02,1041.75,1055.0,1032.0,1045.25,1.25,1045.25,3991.0,7605.0
2015-07-01,1053.5,1060.25,1038.75,1044.5,12.25,1044.0,8751.0,11296.0
2015-06-30,1000.5,1059.25,993.75,1056.25,53.75,1056.25,20161.0,16785.0
2015-06-29,997.25,1014.75,995.0,1003.0,0.5,1002.5,51286.0,36256.0
2015-06-26,999.0,1024.5,997.75,999.5,1.75,1002.0,98050.0,69156.0
2015-06-25,981.0,1002.5,980.0,999.0,18.5,1000.25,89224.0,83845.0
2015-06-24,987.25,990.5,979.0,981.75,5.75,981.75,79991.0,96931.0
2015-06-23,989.5,996.0,978.0,986.5,2.0,987.5,106161.0,110895.0
2015-06-22,972.5,990.0,971.5,989.0,18.0,989.5,95871.0,129869.0
2015-06-19,976.0,981.5,966.5,969.5,6.25,971.5,100999.0,147149.0
2015-06-18,967.0,981.75,962.0,976.0,8.75,977.75,139085.0,166965.0
2015-06-17,957.5,972.0,957.5,967.0,11.5,969.0,135639.0,186446.0
2015-06-16,939.0,959.0,938.75,956.5,19.75,957.5,129321.0,202038.0
2015-06-15,940.0,943.75,930.25,936.5,2.25,937.75,111951.0,208871.0
2015-06-12,939.0,947.0,933.25,939.75,,940.0,113082.0,230230.0
2015-06-11,947.25,953.0,938.0,940.5,9.5,940.0,129178.0,245167.0
2015-06-10,951.5,957.75,944.5,950.0,2.0,949.5,151167.0,267725.0
2015-06-09,946.0,955.0,943.25,950.5,7.25,951.5,133731.0,289148.0
2015-06-08,938.25,951.0,935.25,944.0,6.5,944.25,109019.0,302209.0
2015-06-05,944.5,952.0,935.25,939.75,8.75,937.75,127758.0,320936.0
2015-06-04,934.75,948.75,932.0,945.0,11.25,946.5,114961.0,331033.0
2015-06-03,941.5,945.5,931.5,934.0,5.5,935.25,128209.0,342786.0
2015-06-02,926.0,944.5,925.25,941.0,14.75,940.75,117849.0,350193.0
2015-06-01,931.0,935.0,921.5,926.0,8.0,926.0,114036.0,351808.0
2015-05-29,926.0,937.5,924.75,934.5,8.0,934.0,112302.0,349786.0
2015-05-28,927.0,934.25,922.0,926.25,1.0,926.0,107786.0,350183.0
2015-05-27,922.0,931.75,922.0,925.0,4.5,927.0,106502.0,348360.0
2015-05-26,923.75,930.5,920.5,921.75,1.75,922.5,106157.0,354097.0
2015-05-22,938.0,942.5,922.75,926.5,14.25,924.25,115004.0,352191.0
2015-05-21,941.25,946.5,936.5,936.5,2.75,938.5,90411.0,351502.0
2015-05-20,946.25,947.25,936.5,940.5,5.0,941.25,92951.0,352951.0
2015-05-19,953.25,956.0,942.0,947.0,8.25,946.25,118985.0,356614.0
2015-05-18,953.25,964.5,950.0,954.0,1.25,954.5,88257.0,357550.0
2015-05-15,957.25,961.25,950.25,952.75,3.75,953.25,93072.0,360217.0
2015-05-14,957.5,962.25,953.0,957.0,0.25,957.0,98198.0,365150.0
2015-05-13,974.5,978.5,970.5,975.0,8.0,975.0,1399.0,1299.0
2015-05-12,982.0,991.25,967.0,969.0,16.0,967.0,1362.0,2366.0
2015-05-11,983.0,989.0,981.5,983.0,1.5,983.0,1315.0,3410.0
2015-05-08,982.75,986.25,977.75,984.5,3.0,984.5,1693.0,4093.0
2015-05-07,990.5,992.5,979.25,981.5,9.0,981.5,2962.0,5117.0
2015-05-06,993.25,1000.5,988.25,990.5,3.0,990.5,2303.0,6390.0
2015-05-05,982.5,994.5,981.5,993.5,10.5,993.5,2787.0,7840.0
2015-05-04,968.0,984.0,966.75,983.0,14.5,983.0,3946.0,10287.0
2015-05-01,979.75,980.5,964.5,966.0,10.0,968.5,5905.0,13871.0
2015-04-30,989.0,997.25,975.0,978.5,10.0,978.5,13856.0,18964.0
2015-04-29,977.0,989.75,974.0,988.0,11.0,988.5,51617.0,38283.0
2015-04-28,972.0,988.5,972.0,977.0,4.5,977.5,77960.0,57783.0
2015-04-27,968.0,979.0,965.0,972.5,3.25,973.0,62778.0,72606.0
2015-04-24,978.0,981.0,966.75,968.0,8.5,969.75,61608.0,109417.0
2015-04-23,971.25,983.0,971.0,977.0,7.75,978.25,82360.0,120913.0
2015-04-22,973.75,976.5,965.25,970.0,4.75,970.5,107593.0,138943.0
2015-04-21,976.75,977.0,968.75,974.0,2.25,975.25,67681.0,148971.0
2015-04-20,968.0,981.0,967.5,977.0,8.75,977.5,108842.0,170762.0
2015-04-17,965.25,972.5,963.0,968.5,2.75,968.75,90111.0,181989.0
2015-04-16,964.0,970.25,955.5,964.0,1.0,966.0,89590.0,210049.0
2015-04-15,959.25,976.75,958.75,964.5,4.75,965.0,154854.0,235582.0
2015-04-14,948.75,961.5,948.5,959.5,11.5,960.25,141580.0,261498.0
2015-04-13,948.0,957.5,945.75,949.0,2.75,948.75,103240.0,273410.0
2015-04-10,954.0,958.5,944.5,951.5,2.0,951.5,125165.0,280951.0
2015-04-09,971.25,972.0,950.25,955.5,18.0,953.5,169506.0,281257.0
2015-04-08,971.0,975.0,967.75,971.25,0.5,971.5,107951.0,290388.0
2015-04-07,977.75,984.0,970.0,971.0,7.5,971.0,107166.0,292860.0
2015-04-06,985.0,990.25,978.0,978.0,7.5,978.5,59766.0,301337.0
2015-04-02,988.0,993.0,980.75,984.0,3.75,986.0,99735.0,311987.0
2015-04-01,973.25,991.75,972.75,987.5,16.5,989.75,152669.0,321453.0
2015-03-31,967.0,981.0,951.25,974.0,5.5,973.25,163325.0,322399.0
2015-03-30,968.0,976.75,965.0,969.0,0.5,967.75,79634.0,325585.0
2015-03-27,974.0,976.25,965.0,968.0,7.25,967.25,92651.0,324777.0
2015-03-26,977.0,981.5,972.0,974.5,4.25,974.5,100902.0,326466.0
2015-03-25,982.75,987.75,978.0,978.0,3.0,978.75,112380.0,325879.0
2015-03-24,983.75,985.0,975.75,981.0,1.75,981.75,88820.0,328924.0
2015-03-23,974.5,990.0,973.25,982.5,9.75,983.5,97433.0,327656.0
2015-03-20,961.75,980.0,960.0,971.0,12.0,973.75,125399.0,332392.0
2015-03-19,969.25,980.25,956.5,961.0,3.25,961.75,109707.0,335980.0
2015-03-18,954.5,967.0,953.5,965.5,10.5,965.0,102268.0,334115.0
2015-03-17,968.0,973.0,953.5,957.0,14.75,954.5,112410.0,325696.0
2015-03-16,972.5,978.0,967.5,969.25,4.75,969.25,82341.0,322484.0
2015-03-13,990.25,994.0,972.5,975.0,16.5,974.0,120189.0,318767.0
2015-03-12,989.0,992.5,981.75,985.25,2.5,986.5,778.0,848.0
2015-03-11,979.0,991.0,979.0,985.0,9.0,989.0,842.0,1252.0
2015-03-10,987.5,989.0,978.0,980.0,8.5,980.0,1136.0,2127.0
2015-03-09,983.0,993.5,981.5,988.5,9.0,988.5,1714.0,2483.0
2015-03-06,979.0,980.5,971.0,979.0,,979.5,3310.0,3774.0
2015-03-05,990.0,991.5,979.0,979.5,9.5,979.5,3383.0,5558.0
2015-03-04,1008.5,1010.5,988.5,988.0,19.5,989.0,5140.0,8677.0
2015-03-03,1011.5,1015.0,998.0,1008.5,2.0,1008.5,8847.0,12601.0
2015-03-02,1029.5,1037.5,1008.5,1011.0,19.0,1011.5,8408.0,16911.0
2015-02-27,1023.0,1035.0,1020.0,1029.0,6.5,1030.5,17577.0,22157.0
2015-02-26,1007.0,1024.5,1006.0,1024.0,16.5,1024.0,58758.0,36524.0
2015-02-25,1015.0,1021.0,1002.0,1007.5,8.5,1007.5,54696.0,49951.0
2015-02-24,999.5,1029.0,999.0,1015.0,16.5,1016.0,110868.0,75785.0
2015-02-23,1000.0,1006.0,992.0,999.0,,999.5,66036.0,90405.0
2015-02-20,1006.5,1009.5,998.5,1000.0,8.0,999.5,84174.0,115698.0
2015-02-19,995.5,1017.0,993.5,1006.0,11.0,1007.5,138176.0,130029.0
2015-02-18,1007.0,1012.5,990.5,995.0,12.0,995.5,98035.0,141565.0
2015-02-17,992.0,1009.0,991.0,1008.0,17.5,1007.5,102854.0,149837.0
2015-02-13,982.5,997.5,982.5,991.0,6.5,990.0,128393.0,176647.0
2015-02-12,977.5,985.0,973.0,983.0,6.0,983.5,142793.0,202877.0
2015-02-11,970.5,981.0,966.0,977.0,8.5,977.5,162410.0,233111.0
2015-02-10,978.5,986.0,967.0,969.0,9.0,969.0,171512.0,252012.0
2015-02-09,973.0,983.5,972.0,979.0,5.0,978.0,108775.0,262774.0
2015-02-06,981.5,987.0,971.5,974.0,7.5,973.0,113089.0,270941.0
2015-02-05,970.0,982.5,969.5,981.5,9.5,981.5,92222.0,276386.0
2015-02-04,985.5,990.5,967.0,972.0,15.0,972.0,121208.0,288843.0
2015-02-03,959.5,999.0,959.5,986.0,27.0,987.0,182358.0,291335.0
2015-02-02,961.0,970.0,956.0,958.0,1.0,959.0,86616.0,290214.0
2015-01-30,968.0,972.5,955.0,960.0,7.5,961.0,106422.0,286441.0
2015-01-29,969.0,977.5,967.0,968.0,2.0,968.5,110703.0,290989.0
2015-01-28,972.5,977.5,966.5,970.0,3.0,970.5,95437.0,298004.0
2015-01-27,982.5,985.0,972.5,974.0,9.5,973.5,100796.0,301273.0
2015-01-26,971.5,984.5,967.0,983.0,10.5,983.0,84872.0,297559.0
2015-01-23,977.0,980.0,967.5,972.0,4.0,972.5,106244.0,304344.0
2015-01-22,984.5,992.0,975.0,978.0,6.5,976.5,90306.0,303247.0
2015-01-21,983.0,991.0,977.0,982.0,1.0,983.0,109996.0,297166.0
2015-01-20,982.0,986.5,972.5,981.0,9.5,982.0,114085.0,300651.0
2015-01-16,991.5,996.0,983.0,990.0,0.5,991.5,95501.0,299517.0
2015-01-15,1014.0,1019.5,985.5,988.0,18.5,991.0,151604.0,298657.0
2015-01-14,1005.0,1011.0,992.5,1010.0,5.5,1009.5,118725.0,293366.0
2015-01-13,1017.0,1022.5,998.0,1000.0,13.0,1000.0,1454.0,1555.0
2015-01-12,1047.0,1058.5,1013.0,1013.0,38.0,1013.0,3313.0,3437.0
2015-01-09,1044.5,1052.0,1041.5,1051.0,6.0,1051.0,3320.0,5202.0
2015-01-08,1051.0,1057.0,1042.5,1046.0,7.5,1045.0,4033.0,6333.0
2015-01-07,1049.5,1055.5,1044.0,1051.0,1.5,1052.5,3865.0,7538.0
2015-01-06,1037.0,1052.0,1034.0,1048.0,11.5,1051.0,3997.0,8971.0
2015-01-05,1002.0,1041.5,1001.0,1038.0,37.5,1039.5,7334.0,10874.0
2015-01-02,1017.5,1017.5,1002.5,1003.0,16.5,1002.0,9191.0,14106.0
2014-12-31,1035.0,1041.0,1017.0,1018.0,18.0,1019.5,19042.0,23307.0
2014-12-30,1041.0,1049.5,1035.0,1035.0,4.0,1037.5,50429.0,40203.0
2014-12-29,1045.5,1061.5,1039.0,1041.0,5.5,1041.5,57261.0,60124.0
2014-12-26,1028.0,1048.0,1028.0,1048.0,18.5,1047.0,33285.0,84171.0
2014-12-24,1036.0,1041.0,1025.0,1030.0,9.5,1028.5,42809.0,98067.0
2014-12-23,1036.0,1048.0,1033.5,1036.0,0.5,1038.0,67733.0,107193.0
2014-12-22,1029.0,1042.5,1025.5,1037.0,7.5,1038.5,70207.0,120253.0
2014-12-19,1034.5,1035.5,1022.0,1032.0,4.0,1030.0,83289.0,132576.0
2014-12-18,1027.0,1040.0,1024.0,1034.0,8.0,1035.0,95001.0,145180.0
2014-12-17,1022.0,1034.0,1015.0,1026.0,3.0,1027.0,104787.0,164649.0
2014-12-16,1034.5,1039.0,1021.0,1022.0,16.0,1023.0,145201.0,185488.0
2014-12-15,1050.0,1055.0,1035.0,1038.0,7.5,1039.0,119721.0,195389.0
2014-12-12,1039.0,1054.0,1031.0,1048.0,5.0,1047.5,115212.0,207187.0
2014-12-11,1032.5,1048.5,1025.5,1041.0,10.5,1042.5,125659.0,213252.0
2014-12-10,1047.5,1060.5,1027.5,1033.0,17.5,1032.0,165859.0,231306.0
2014-12-09,1043.0,1050.0,1038.0,1047.0,5.0,1049.5,103529.0,239699.0
2014-12-08,1035.0,1050.0,1030.0,1043.0,7.5,1043.5,142255.0,251710.0
2014-12-05,1009.5,1040.5,1003.0,1037.0,25.0,1036.0,147683.0,262747.0
2014-12-04,998.0,1016.0,991.0,1011.0,12.5,1010.0,109276.0,265313.0
2014-12-03,995.0,999.0,983.5,999.0,2.0,998.5,109187.0,267942.0
2014-12-02,1017.0,1022.0,995.0,996.0,21.5,995.5,115264.0,272783.0
2014-12-01,1010.5,1022.0,1006.0,1018.0,1.0,1017.0,101800.0,277035.0
2014-11-28,1041.0,1051.0,1013.0,1015.0,31.0,1016.0,82839.0,279286.0
2014-11-26,1049.5,1054.5,1038.0,1047.5,4.0,1047.0,71106.0,283969.0
2014-11-25,1033.5,1054.0,1033.0,1049.0,17.5,1051.0,97927.0,281725.0
2014-11-24,1036.5,1038.5,1026.5,1034.0,5.5,1033.5,81233.0,288662.0
2014-11-21,1020.5,1040.0,1013.5,1036.5,18.5,1039.0,128601.0,298982.0
2014-11-20,1005.75,1022.25,1005.0,1020.5,15.75,1020.5,81960.0,297934.0
2014-11-19,1024.0,1025.0,1003.75,1005.0,18.5,1004.75,85928.0,299919.0
2014-11-18,1036.75,1042.0,1021.0,1024.0,13.0,1023.25,82669.0,302905.0
2014-11-17,1023.0,1038.5,1014.5,1035.0,13.75,1036.25,117363.0,303042.0
2014-11-14,1053.0,1053.5,1020.0,1023.0,31.0,1022.5,112700.0,299761.0
2014-11-13,1048.5,1068.25,1044.75,1047.0,2.25,1050.5,1896.0,1721.0
2014-11-12,1067.25,1086.75,1044.5,1049.5,18.25,1048.25,3144.0,4095.0
2014-11-11,1025.75,1075.0,1023.25,1066.5,39.0,1066.5,3897.0,5887.0
2014-11-10,1040.25,1060.5,1024.25,1026.0,12.75,1027.5,2983.0,7784.0
2014-11-07,1031.0,1042.25,1022.5,1036.0,9.25,1040.25,3096.0,9267.0
2014-11-06,1020.5,1044.0,1012.25,1029.0,10.5,1031.0,7401.0,12418.0
2014-11-05,1009.75,1021.0,996.0,1020.0,10.5,1020.5,6828.0,14168.0
2014-11-04,1027.25,1029.0,1005.0,1014.25,18.75,1010.0,9609.0,17885.0
2014-11-03,1043.0,1045.5,1025.0,1029.0,17.75,1028.75,14578.0,23471.0
2014-10-31,1023.0,1052.25,1012.25,1047.0,22.25,1046.5,30601.0,32038.0
2014-10-30,1042.5,1053.75,1023.5,1025.5,18.75,1024.25,83807.0,49653.0
2014-10-29,1005.0,1045.0,1004.0,1041.0,35.0,1043.0,122482.0,72843.0
2014-10-28,1004.25,1034.5,1000.0,1007.0,2.0,1008.0,152018.0,104316.0
2014-10-27,973.5,1008.25,967.75,1003.0,28.5,1006.0,157344.0,139892.0
2014-10-24,991.5,1002.0,976.5,979.5,15.75,977.5,179565.0,231196.0
2014-10-23,960.75,994.25,956.0,992.5,30.5,993.25,179078.0,243862.0
2014-10-22,961.25,982.5,960.0,960.0,1.5,962.75,163097.0,259786.0
2014-10-21,944.0,966.75,942.75,964.0,20.0,964.25,166892.0,271954.0
2014-10-20,950.0,950.75,936.0,945.5,7.5,944.25,125496.0,285766.0
2014-10-17,966.0,972.75,951.25,952.25,14.75,951.75,115426.0,292553.0
2014-10-16,949.0,967.0,949.5,966.0,14.0,966.0,119183.0,296791.0
2014-10-15,962.5,978.5,950.75,953.5,12.25,952.5,184987.0,310515.0
2014-10-14,943.75,970.5,943.25,964.5,19.5,964.75,223685.0,327915.0
2014-10-13,920.0,951.0,915.75,945.0,22.75,945.25,179478.0,335321.0
2014-10-10,939.5,951.25,921.0,922.5,19.5,922.5,214966.0,337481.0
2014-10-09,934.0,945.0,932.5,941.0,7.0,942.0,127689.0,349543.0
2014-10-08,939.0,949.75,926.5,934.0,5.75,935.0,131723.0,363056.0
2014-10-07,941.0,955.0,933.25,940.0,1.5,940.75,186410.0,365361.0
2014-10-06,914.0,943.0,912.25,940.0,30.0,942.25,145426.0,375297.0
2014-10-03,924.0,927.75,910.5,912.0,12.25,912.25,103713.0,379768.0
2014-10-02,915.25,925.5,912.5,925.0,7.75,924.5,100611.0,382597.0
2014-10-01,911.0,919.75,904.0,917.5,3.5,916.75,108870.0,392187.0
2014-09-30,922.0,930.0,909.75,911.75,10.25,913.25,173369.0,401629.0
2014-09-29,907.25,924.5,905.5,921.25,13.25,923.5,115477.0,400686.0
2014-09-26,922.0,924.75,909.75,910.0,12.5,910.25,100914.0,405415.0
2014-09-25,936.0,941.75,922.25,924.0,14.0,922.75,117590.0,405423.0
2014-09-24,935.0,942.0,934.25,937.0,0.5,936.75,95854.0,407053.0
2014-09-23,936.0,944.5,931.0,937.0,2.0,936.25,83384.0,410991.0
2014-09-22,953.0,954.75,934.25,939.0,18.75,938.25,135376.0,412299.0
2014-09-19,971.25,972.0,956.0,958.0,14.5,957.0,93254.0,410536.0
2014-09-18,982.5,986.5,970.75,971.5,11.0,971.5,76740.0,412442.0
2014-09-17,980.0,988.0,977.5,983.0,1.75,982.5,71617.0,411419.0
2014-09-16,989.25,999.75,976.75,981.5,8.75,980.75,122397.0,413375.0
2014-09-15,976.75,994.5,974.25,988.5,4.25,989.5,99962.0,408946.0
2014-09-12,979.75,990.25,979.0,984.5,3.75,985.25,90011.0,414670.0
2014-09-11,1071.0,1071.0,1045.0,1061.5,9.5,1061.5,90.0,98.0
2014-09-10,1077.0,1086.75,1071.0,1071.0,5.5,1071.0,66.0,162.0
2014-09-09,1090.0,1094.5,1076.0,1076.5,14.25,1076.5,94.0,238.0
2014-09-08,1090.0,1095.0,1076.25,1090.75,5.25,1090.75,124.0,325.0
2014-09-05,1068.5,1088.75,1068.5,1085.5,21.25,1085.5,160.0,419.0
2014-09-04,1080.0,1082.0,1064.0,1064.5,16.0,1064.5,416.0,715.0
2014-09-03,1091.5,1092.5,1065.5,1073.0,16.0,1080.5,346.0,917.0
2014-09-02,1090.25,1108.0,1085.0,1045.0,7.75,1097.25,388.0,1113.0
2014-08-29,1070.25,1095.75,1070.25,1033.75,15.75,1089.5,747.0,1586.0
2014-08-28,1085.0,1123.0,1068.75,1073.75,12.0,1073.75,4112.0,2998.0
2014-08-27,1070.0,1107.75,1064.25,1090.0,10.25,1085.75,7386.0,4545.0
2014-08-26,1123.0,1123.0,1072.75,1088.0,50.25,1075.5,10925.0,7525.0
2014-08-25,1161.5,1189.25,1122.25,1125.0,40.25,1125.75,16204.0,10737.0
2014-08-22,1137.0,1170.5,1137.0,1169.5,29.75,1166.0,22131.0,19168.0
2014-08-21,1119.75,1140.0,1119.75,1136.25,16.5,1136.25,16231.0,20382.0
2014-08-20,1119.25,1133.0,1114.0,1119.5,0.5,1119.75,19364.0,24965.0
2014-08-19,1112.5,1122.5,1106.5,1109.0,4.75,1120.25,13876.0,27125.0
2014-08-18,1101.75,1121.0,1099.0,1118.5,13.0,1115.5,14051.0,28681.0
2014-08-15,1097.5,1113.5,1090.75,1102.5,4.25,1102.5,10503.0,30361.0
2014-08-14,1080.0,1099.0,1071.25,1098.5,18.75,1098.25,11341.0,31000.0
2014-08-13,1290.0,1293.0,1245.0,1264.5,25.5,1264.5,801.0,801.0
2014-08-12,1315.0,1315.0,1281.0,1292.0,24.75,1290.0,583.0,1289.0
2014-08-11,1281.0,1336.25,1281.0,1314.75,30.0,1314.75,1495.0,2419.0
2014-08-08,1249.75,1285.0,1249.75,1284.75,34.75,1284.75,1201.0,3276.0
2014-08-07,1237.0,1252.0,1234.75,1252.0,13.0,1250.0,1404.0,4330.0
2014-08-06,1222.75,1237.5,1219.5,1237.5,14.25,1237.0,1151.0,5106.0
2014-08-05,1226.75,1226.75,1215.5,1220.0,9.75,1222.75,2372.0,6239.0
2014-08-04,1212.0,1235.75,1210.0,1232.5,17.5,1232.5,1837.0,7543.0
2014-08-01,1224.25,1225.75,1210.75,1215.0,9.5,1215.0,3587.0,9940.0
2014-07-31,1219.75,1231.25,1217.5,1227.0,4.0,1224.5,4132.0,11496.0
2014-07-30,1226.5,1235.75,1215.0,1220.5,6.0,1220.5,17866.0,17700.0
2014-07-29,1240.0,1242.25,1219.25,1226.0,10.0,1226.5,24391.0,23704.0
2014-07-28,1219.0,1239.75,1217.0,1233.5,24.25,1236.5,21506.0,29129.0
2014-07-25,1206.5,1214.5,1197.75,1211.0,4.75,1212.25,17697.0,42553.0
2014-07-24,1199.75,1232.75,1199.0,1207.5,6.5,1207.5,25349.0,44192.0
2014-07-23,1183.25,1204.75,1181.75,1202.0,17.0,1201.0,27341.0,48266.0
2014-07-22,1175.0,1196.5,1172.75,1183.0,8.25,1184.0,24956.0,48966.0
2014-07-21,1173.75,1185.0,1166.0,1173.0,1.0,1175.75,19860.0,51852.0
2014-07-18,1174.0,1184.75,1171.25,1177.0,2.0,1176.75,15755.0,53629.0
2014-07-17,1189.0,1200.0,1171.0,1171.0,12.5,1174.75,23484.0,56453.0
2014-07-16,1180.5,1203.5,1180.5,1188.5,6.75,1187.25,24047.0,57231.0
2014-07-15,1194.25,1195.0,1153.25,1180.0,16.5,1180.5,47989.0,59182.0
2014-07-14,1193.25,1211.5,1189.0,1196.5,1.25,1197.0,26379.0,61715.0
2014-07-11,1329.75,1340.25,1249.25,1297.0,34.0,1295.75,1014.0,749.0
2014-07-10,1330.0,1347.75,1326.0,1329.75,4.75,1329.75,958.0,1422.0
2014-07-09,1325.75,1337.5,1314.0,1337.0,4.75,1334.5,1064.0,1988.0
2014-07-08,1362.25,1363.25,1325.5,1332.0,33.25,1329.75,2964.0,3177.0
2014-07-07,1386.0,1386.0,1358.0,1363.5,24.75,1363.0,1945.0,4281.0
2014-07-03,1395.5,1399.75,1387.0,1387.75,4.75,1387.75,2803.0,6389.0
2014-07-02,1399.75,1410.0,1392.75,1393.5,7.5,1392.5,5661.0,8945.0
2014-07-01,1400.5,1409.25,1380.0,1400.0,0.5,1400.0,5882.0,11886.0
2014-06-30,1434.5,1448.0,1372.75,1401.5,31.5,1400.5,17782.0,20983.0
2014-06-27,1433.5,1440.75,1425.75,1432.0,5.0,1432.0,47028.0,36035.0
2014-06-26,1416.5,1438.75,1415.0,1435.5,21.25,1437.0,52470.0,48371.0
2014-06-25,1413.75,1422.0,1411.25,1414.0,2.25,1415.75,49108.0,63713.0
2014-06-24,1423.0,1423.0,1407.0,1413.0,11.25,1413.5,60339.0,67222.0
2014-06-23,1423.0,1434.5,1404.5,1428.0,9.0,1424.75,62150.0,83706.0
2014-06-20,1421.5,1423.0,1402.25,1418.0,5.0,1415.75,62478.0,94684.0
2014-06-19,1409.5,1423.0,1406.0,1420.0,11.75,1420.75,51027.0,105739.0
2014-06-18,1398.5,1419.0,1393.5,1409.0,10.75,1409.0,66545.0,112195.0
2014-06-17,1421.5,1425.25,1395.75,1398.0,23.5,1398.25,91060.0,127352.0
2014-06-16,1427.75,1435.5,1417.5,1421.5,4.0,1421.75,76750.0,137048.0
2014-06-13,1415.0,1429.0,1411.0,1424.5,10.5,1425.75,62523.0,142484.0
2014-06-12,1444.0,1452.75,1410.0,1415.5,30.25,1415.25,139508.0,164485.0
2014-06-11,1461.75,1466.5,1444.5,1445.0,17.0,1445.5,116407.0,183566.0
2014-06-10,1457.0,1475.25,1454.25,1461.5,5.5,1462.5,96201.0,192812.0
2014-06-09,1458.25,1469.75,1452.0,1457.0,,1457.0,90488.0,205723.0
2014-06-06,1461.0,1466.5,1456.0,1458.0,3.5,1457.0,79275.0,221722.0
2014-06-05,1482.5,1487.25,1460.0,1462.0,22.0,1460.5,100481.0,236419.0
2014-06-04,1481.25,1495.75,1475.75,1481.0,1.25,1482.5,76857.0,243507.0
2014-06-03,1497.5,1502.0,1475.0,1481.5,19.25,1481.25,94164.0,257610.0
2014-06-02,1488.0,1511.75,1478.25,1498.0,7.25,1500.5,80229.0,255978.0
2014-05-30,1501.5,1506.5,1490.0,1490.0,5.75,1493.25,53007.0,258119.0
2014-05-29,1498.0,1508.75,1493.25,1498.5,1.25,1499.0,60178.0,259984.0
2014-05-28,1488.25,1502.0,1482.75,1497.5,9.0,1497.75,58990.0,264070.0
2014-05-27,1510.5,1515.5,1486.5,1488.0,26.75,1488.75,79500.0,273195.0
2014-05-23,1519.0,1529.0,1512.25,1513.0,3.25,1515.5,61494.0,275186.0
2014-05-22,1505.0,1536.75,1503.0,1517.0,13.5,1518.75,126984.0,275557.0
2014-05-21,1469.0,1507.75,1467.5,1504.0,35.5,1505.25,91644.0,276292.0
2014-05-20,1484.0,1501.0,1468.0,1468.0,15.5,1469.75,85731.0,275048.0
2014-05-19,1463.75,1492.75,1456.25,1482.5,20.25,1485.25,93986.0,273827.0
2014-05-16,1469.25,1478.5,1461.5,1464.0,5.25,1465.0,62812.0,279684.0
2014-05-15,1486.0,1493.5,1462.5,1467.5,16.5,1470.25,99120.0,280719.0
2014-05-14,1483.0,1489.5,1467.0,1486.5,3.0,1486.75,90464.0,282359.0
2014-05-13,1484.0,1504.25,1480.0,1503.0,18.5,1502.25,499.0,596.0
2014-05-12,1497.25,1504.5,1481.0,1485.5,17.25,1483.75,567.0,1029.0
2014-05-09,1470.0,1504.5,1463.75,1501.0,26.75,1501.0,1026.0,1674.0
2014-05-08,1451.0,1475.75,1451.0,1474.0,23.25,1474.25,1208.0,2116.0
2014-05-07,1459.25,1459.25,1443.75,1451.0,13.0,1451.0,2873.0,3382.0
2014-05-06,1470.0,1471.75,1451.5,1464.0,8.0,1464.0,3034.0,5232.0
2014-05-05,1481.75,1490.0,1471.25,1472.0,8.75,1472.0,3140.0,6729.0
2014-05-02,1475.75,1483.75,1465.0,1480.75,7.25,1480.75,2971.0,8666.0
2014-05-01,1528.0,1529.75,1472.5,1473.0,57.25,1473.5,7848.0,12398.0
2014-04-30,1525.0,1532.0,1516.0,1530.0,6.75,1530.75,15607.0,16868.0
2014-04-29,1508.5,1527.0,1503.5,1522.0,15.5,1524.0,42216.0,32285.0
2014-04-28,1502.5,1520.0,1499.5,1506.0,10.5,1508.5,59869.0,46511.0
2014-04-25,1472.0,1500.0,1472.0,1499.5,26.0,1498.0,76394.0,77804.0
2014-04-24,1468.0,1474.0,1464.0,1473.0,3.0,1472.0,66613.0,88907.0
2014-04-23,1480.0,1487.5,1466.5,1469.0,11.5,1468.0,61765.0,98097.0
2014-04-22,1502.0,1508.5,1477.5,1480.0,19.0,1479.5,85866.0,114938.0
2014-04-21,1515.0,1525.0,1486.0,1498.0,15.5,1498.5,47085.0,121027.0
2014-04-17,1518.0,1531.5,1504.0,1516.0,4.5,1514.0,62310.0,130281.0
2014-04-16,1500.5,1522.5,1499.0,1518.0,17.0,1518.5,69415.0,141369.0
2014-04-15,1476.5,1509.5,1473.0,1500.0,25.0,1501.5,95632.0,151772.0
2014-04-14,1462.5,1478.0,1461.5,1476.0,13.5,1476.5,93267.0,170116.0
2014-04-11,1481.5,1482.5,1460.5,1464.0,19.5,1463.0,93649.0,185425.0
2014-04-10,1494.5,1495.0,1476.5,1480.0,13.0,1482.5,80105.0,198856.0
2014-04-09,1482.0,1512.0,1481.0,1494.0,12.5,1495.5,132409.0,208841.0
2014-04-08,1464.5,1483.0,1462.0,1481.0,18.5,1482.0,98424.0,222319.0
2014-04-07,1472.5,1479.0,1459.0,1462.0,9.0,1464.5,81659.0,237406.0
2014-04-04,1474.5,1487.0,1463.0,1470.0,1.0,1473.5,72737.0,245204.0
2014-04-03,1462.5,1480.5,1458.5,1473.0,13.0,1475.5,87032.0,249948.0
2014-04-02,1483.5,1496.0,1456.0,1460.0,22.5,1462.5,116351.0,257915.0
2014-04-01,1463.0,1491.0,1460.0,1483.0,20.0,1484.0,100324.0,264172.0
2014-03-31,1433.0,1466.0,1423.0,1460.0,27.0,1464.0,116150.0,261349.0
2014-03-28,1436.0,1443.5,1428.25,1435.0,,1436.5,60957.0,263002.0
2014-03-27,1439.5,1450.5,1430.5,1437.0,3.4,1436.5,67476.0,267249.0
2014-03-26,1426.0,1441.75,1420.75,1439.0,12.0,1440.0,64521.0,268180.0
2014-03-25,1425.75,1436.0,1416.0,1427.4,2.4,1428.0,60342.0,270792.0
2014-03-24,1404.5,1432.75,1393.25,1425.4,16.6,1425.5,79733.0,276030.0
2014-03-21,1433.5,1435.75,1405.25,1409.0,25.0,1408.75,77724.0,284981.0
2014-03-20,1430.5,1456.5,1422.25,1434.0,2.4,1433.75,116086.0,291529.0
2014-03-19,1416.5,1442.0,1416.5,1431.4,13.0,1431.25,84419.0,299920.0
2014-03-18,1390.0,1419.5,1384.5,1417.0,26.4,1418.25,87182.0,304749.0
2014-03-17,1388.0,1395.75,1375.5,1392.0,3.2,1391.75,73874.0,311451.0
2014-03-14,1389.0,1390.75,1384.75,1390.0,7.6,1376.0,196.0,342.0
2014-03-13,1382.25,1404.25,1377.0,1390.75,9.0,1390.75,673.0,702.0
2014-03-12,1402.0,1402.5,1363.5,1382.0,29.6,1381.75,908.0,1008.0
2014-03-11,1415.25,1430.25,1411.75,1413.6,7.6,1411.5,1022.0,1505.0
2014-03-10,1451.25,1451.25,1417.75,1421.0,38.2,1419.25,2471.0,3126.0
2014-03-07,1436.5,1460.0,1435.25,1447.0,20.0,1457.5,1446.0,3807.0
2014-03-06,1421.75,1438.25,1418.75,1435.0,17.4,1437.5,1227.0,4328.0
2014-03-05,1421.5,1424.0,1407.0,1414.0,2.0,1420.0,2758.0,5713.0
2014-03-04,1404.0,1422.25,1402.25,1417.0,10.6,1418.0,4991.0,7707.0
2014-03-03,1418.5,1438.75,1401.0,1407.0,7.0,1407.25,5732.0,9660.0
2014-02-28,1395.25,1415.0,1384.0,1413.0,20.6,1414.25,13205.0,13530.0
2014-02-27,1405.25,1452.25,1391.0,1391.0,13.6,1393.5,66088.0,30656.0
2014-02-26,1397.0,1408.0,1392.25,1406.0,8.2,1407.25,76909.0,51567.0
2014-02-25,1384.25,1400.0,1377.0,1398.0,12.4,1399.0,75662.0,68066.0
2014-02-24,1370.25,1389.75,1369.25,1385.4,15.6,1386.5,76175.0,82764.0
2014-02-21,1358.5,1372.25,1351.5,1372.0,12.4,1370.75,88316.0,108351.0
2014-02-20,1354.0,1361.0,1343.75,1358.4,4.0,1358.25,90402.0,125845.0
2014-02-19,1360.5,1371.75,1351.0,1354.0,6.6,1354.25,92529.0,137385.0
2014-02-18,1337.25,1362.5,1335.5,1362.4,23.4,1361.0,111712.0,156401.0
2014-02-14,1342.25,1356.0,1336.75,1337.5,,1337.5,105170.0,177645.0
2014-02-13,1323.0,1347.5,1322.5,1344.25,,1344.25,146979.0,187228.0
2014-02-12,1335.0,1340.0,1322.0,1323.0,,1323.0,121274.0,206242.0
2014-02-11,1323.25,1337.5,1312.5,1334.75,,1334.75,138547.0,220829.0
2014-02-10,1327.0,1340.0,1318.5,1325.5,,1325.5,139432.0,231811.0
2014-02-07,1324.0,1332.5,1320.0,1331.5,,1331.5,87712.0,239515.0
2014-02-06,1315.25,1334.5,1314.75,1325.75,,1325.75,111832.0,240386.0
2014-02-05,1312.0,1321.25,1305.0,1316.25,,1316.25,112544.0,241998.0
2014-02-04,1292.75,1316.0,1291.0,1313.25,,1313.25,116123.0,243893.0
2014-02-03,1281.75,1299.75,1278.5,1292.75,,1292.75,92087.0,245042.0
2014-01-31,1275.5,1284.5,1271.5,1282.75,,1282.75,71818.0,246345.0
2014-01-30,1269.0,1286.5,1260.0,1275.0,,1275.0,128424.0,247297.0
2014-01-29,1284.75,1286.0,1266.0,1269.25,,1269.25,101371.0,244501.0
2014-01-28,1287.25,1290.0,1277.5,1285.5,,1285.5,59749.0,245749.0
2014-01-27,1286.0,1293.0,1279.0,1287.75,,1287.75,92423.0,248212.0
2014-01-24,1275.75,1287.0,1263.5,1284.75,,1284.75,111120.0,253070.0
2014-01-23,1279.75,1296.75,1275.25,1277.0,,1277.0,108118.0,259918.0
2014-01-22,1279.75,1286.0,1272.0,1279.5,,1279.5,103035.0,270448.0
2014-01-21,1313.0,1314.0,1280.0,1280.5,,1280.5,120849.0,279012.0
2014-01-17,1312.75,1318.5,1305.5,1316.5,,1316.5,77616.0,277785.0
2014-01-16,1316.5,1330.5,1311.0,1315.0,,1315.0,103100.0,272238.0
2014-01-15,1305.25,1321.0,1303.25,1318.0,,1318.0,97622.0,275933.0
2014-01-14,1327.0,1339.0,1314.75,1339.0,,1339.0,333.0,409.0
2014-01-13,1301.75,1327.5,1296.0,1326.75,,1326.75,1121.0,1148.0
2014-01-10,1297.25,1320.0,1297.25,1303.75,,1303.75,1143.0,1976.0
2014-01-09,1300.75,1307.5,1296.25,1296.25,,1296.25,2554.0,3602.0
2014-01-08,1299.25,1304.5,1292.25,1300.75,,1300.75,3148.0,5286.0
2014-01-07,1297.0,1305.5,1287.25,1299.5,,1299.5,2710.0,6535.0
2014-01-06,1291.25,1301.5,1290.0,1296.75,,1296.75,3084.0,7179.0
2014-01-03,1287.0,1294.0,1281.75,1289.25,,1289.25,7761.0,10168.0
2014-01-02,1312.5,1312.5,1280.25,1287.0,,1287.0,8929.0,13648.0
2013-12-31,1327.75,1331.0,1309.0,1312.5,,1312.5,21570.0,20751.0
2013-12-30,1324.75,1333.25,1319.25,1328.25,,1328.25,46113.0,36954.0
2013-12-27,1318.75,1332.5,1318.75,1331.5,,1331.5,40136.0,59299.0
2013-12-26,1332.0,1332.0,1316.75,1318.75,,1318.75,50048.0,76516.0
2013-12-24,1328.5,1338.0,1325.0,1333.75,,1333.75,20370.0,83300.0
2013-12-23,1343.5,1347.0,1327.0,1328.5,,1328.5,58206.0,91996.0
2013-12-20,1325.75,1345.0,1321.5,1339.0,,1339.0,75614.0,110886.0
2013-12-19,1325.0,1329.75,1315.75,1327.0,,1327.0,107486.0,131182.0
2013-12-18,1344.0,1351.0,1323.25,1324.0,,1324.0,120144.0,151008.0
2013-12-17,1336.0,1350.0,1328.5,1346.5,,1346.5,111636.0,161109.0
2013-12-16,1328.0,1343.5,1319.0,1337.75,,1337.75,96877.0,168445.0
2013-12-13,1323.0,1328.0,1312.25,1327.5,,1327.5,74477.0,175558.0
2013-12-12,1343.0,1347.0,1318.5,1323.75,,1323.75,145655.0,195187.0
2013-12-11,1339.25,1345.5,1334.5,1344.0,,1344.0,96474.0,208080.0
2013-12-10,1342.75,1353.5,1330.5,1338.25,,1338.25,152687.0,218434.0
2013-12-09,1324.75,1346.75,1324.5,1343.75,,1343.75,119842.0,231531.0
2013-12-06,1328.0,1328.0,1316.5,1325.5,,1325.5,90931.0,240786.0
2013-12-05,1328.0,1333.0,1316.0,1328.0,,1328.0,106718.0,251991.0
2013-12-04,1320.0,1334.75,1311.5,1329.5,,1329.5,109213.0,256213.0
2013-12-03,1320.75,1329.0,1311.25,1319.75,,1319.75,93262.0,262424.0
2013-12-02,1335.75,1346.0,1319.25,1321.25,,1321.25,101773.0,266848.0
2013-11-29,1328.5,1339.5,1327.0,1336.5,,1336.5,57751.0,266377.0
2013-11-27,1327.5,1341.0,1316.0,1320.0,,1320.0,106822.0,265688.0
2013-11-26,1327.0,1330.75,1316.75,1329.25,,1329.25,103776.0,261322.0
2013-11-25,1318.5,1334.5,1309.25,1329.25,,1329.25,112107.0,263185.0
2013-11-22,1290.75,1322.0,1290.5,1319.5,,1319.5,132674.0,257243.0
2013-11-21,1275.25,1292.5,1275.25,1291.5,,1291.5,94185.0,268044.0
2013-11-20,1277.0,1283.75,1270.25,1273.75,,1273.75,72692.0,269432.0
2013-11-19,1285.5,1294.0,1268.25,1276.25,,1276.25,115991.0,277720.0
2013-11-18,1280.0,1290.0,1276.5,1287.5,,1287.5,72856.0,278970.0
2013-11-15,1312.75,1315.75,1278.0,1280.5,,1280.5,106596.0,287205.0
2013-11-14,1317.5,1323.75,1314.75,1317.25,,1317.25,228.0,278.0
2013-11-13,1319.25,1322.25,1312.0,1319.75,,1319.75,976.0,1013.0
2013-11-12,1305.25,1325.0,1304.0,1319.25,,1319.25,1559.0,2177.0
2013-11-11,1305.0,1312.0,1296.0,1308.0,,1308.0,1994.0,3200.0
2013-11-08,1277.25,1306.5,1274.75,1306.0,,1306.0,2016.0,4009.0
2013-11-07,1263.0,1289.5,1262.5,1278.75,,1278.75,2682.0,5238.0
2013-11-06,1259.0,1269.75,1258.5,1263.0,,1263.0,3391.0,6470.0
2013-11-05,1264.75,1271.75,1255.0,1259.25,,1259.25,5223.0,8760.0
2013-11-04,1263.0,1271.25,1260.0,1264.0,,1264.0,14586.0,14142.0
2013-11-01,1280.0,1285.25,1265.0,1266.0,,1266.0,14376.0,19404.0
2013-10-31,1287.0,1300.0,1279.5,1280.25,,1280.25,26292.0,26906.0
2013-10-30,1279.0,1292.5,1279.0,1287.5,,1287.5,74340.0,47842.0
2013-10-29,1270.0,1280.5,1268.0,1279.0,,1279.0,95781.0,71794.0
2013-10-28,1300.0,1301.25,1270.25,1271.25,,1271.25,125427.0,109532.0
2013-10-25,1309.0,1312.75,1299.25,1300.0,,1300.0,103232.0,151638.0
2013-10-24,1309.0,1318.0,1306.0,1309.75,,1309.75,112864.0,169206.0
2013-10-23,1299.0,1318.75,1296.75,1310.0,,1310.0,139877.0,187362.0
2013-10-22,1300.75,1305.5,1292.0,1302.25,,1302.25,118693.0,197160.0
2013-10-21,1289.0,1304.0,1288.5,1303.25,,1303.25,100364.0,205293.0
2013-10-18,1291.25,1301.5,1287.5,1291.25,,1291.25,114153.0,220000.0
2013-10-17,1276.25,1296.0,1274.75,1293.25,,1293.25,132985.0,229688.0
2013-10-16,1267.0,1279.5,1266.0,1276.5,,1276.5,121078.0,237520.0
2013-10-15,1271.0,1276.75,1264.25,1267.0,,1267.0,93145.0,245081.0
2013-10-14,1263.75,1280.0,1261.75,1273.0,,1273.0,117156.0,248619.0
2013-10-11,1286.0,1288.0,1266.0,1266.75,,1266.75,148681.0,253646.0
2013-10-10,1286.5,1302.0,1285.5,1288.0,,1288.0,152313.0,260664.0
2013-10-09,1287.5,1293.0,1281.25,1287.75,,1287.75,130385.0,275185.0
2013-10-08,1296.25,1305.75,1283.75,1288.75,,1288.75,149647.0,285751.0
2013-10-07,1292.25,1305.0,1288.5,1296.5,,1296.5,108209.0,297530.0
2013-10-04,1286.25,1298.0,1280.0,1295.0,,1295.0,107793.0,306403.0
2013-10-03,1273.0,1289.75,1271.0,1288.25,,1288.25,117111.0,312787.0
2013-10-02,1267.5,1282.0,1263.75,1273.75,,1273.75,129394.0,321623.0
2013-10-01,1278.5,1278.75,1263.5,1268.0,,1268.0,124603.0,327697.0
2013-09-30,1312.75,1317.0,1280.0,1282.75,,1282.75,171804.0,336011.0
2013-09-27,1316.5,1327.75,1311.5,1319.75,,1319.75,91651.0,340943.0
2013-09-26,1320.0,1322.75,1311.25,1316.75,,1316.75,72765.0,341563.0
2013-09-25,1311.5,1328.0,1306.5,1321.75,,1321.75,102226.0,339992.0
2013-09-24,1306.5,1322.75,1305.25,1312.5,,1312.5,73186.0,341999.0
2013-09-23,1310.0,1317.75,1305.5,1307.75,,1307.75,80897.0,348651.0
2013-09-20,1340.5,1340.5,1311.75,1315.25,,1315.25,118898.0,346040.0
2013-09-19,1352.5,1361.25,1331.25,1339.5,,1339.5,103695.0,344199.0
2013-09-18,1341.5,1350.0,1335.0,1347.75,,1347.75,87637.0,345803.0
2013-09-17,1349.0,1366.5,1332.0,1342.5,,1342.5,151293.0,347484.0
2013-09-16,1374.0,1375.25,1342.75,1348.25,,1348.25,124277.0,353982.0
2013-09-13,1435.0,1499.5,1431.0,1488.75,,1488.75,55.0,52.0
2013-09-12,1410.0,1440.0,1385.0,1442.0,,1442.0,337.0,294.0
2013-09-11,1403.0,1408.5,1400.0,1405.25,,1405.25,224.0,503.0
2013-09-10,1390.75,1405.0,1386.25,1403.75,,1403.75,391.0,701.0
2013-09-09,1448.75,1448.75,1402.75,1404.25,,1404.25,702.0,1177.0
2013-09-06,1428.75,1440.0,1422.0,1437.0,,1437.0,1020.0,1800.0
2013-09-05,1402.75,1423.75,1380.25,1423.0,,1423.0,1351.0,2433.0
2013-09-04,1432.75,1432.75,1389.0,1397.75,,1397.75,1951.0,3328.0
2013-09-03,1454.0,1467.75,1431.0,1435.5,,1435.5,3790.0,5325.0
2013-08-30,1434.5,1434.5,1414.25,1424.0,,1424.0,2934.0,6378.0
